id,source,name,description,manufacturer,price,truth
A:552,Abt,Sony Turntable - PSLX350H,Sony Turntable - PSLX350H/ Belt Drive System/ 33-1/3 and 45 RPM Speeds/ Servo Speed Control/ Supplied Moving Magnet Phono Cartridge/ Bonded Diamond Stylus/ Static Balance Tonearm/ Pitch Control,,,0
A:580,Abt,Bose Acoustimass 5 Series III Speaker System - AM53BK,Bose Acoustimass 5 Series III Speaker System - AM53BK/ 2 Dual Cube Speakers With Two 2-1/2' Wide-range Drivers In Each Speaker/ Powerful Bass Module With Two 5-1/2' Woofers/ 200 Watts Max Power/ Black Finish,,$399.00,1
A:4696,Abt,Sony Switcher - SBV40S,Sony Switcher - SBV40S/ Eliminates Disconnecting And Reconnecting Cables/ Compact Design/ 4 A/V Inputs With S-Video Jacks/ 1 A/V Output With S-Video (Y/C)Jack/ 2 Audio Output,,$49.00,2
A:5644,Abt,Sony 5 Disc CD Player - CDPCE375,Sony 5 Disc CD Player- CDPCE375/ 5 Disc Changer/ Variable Line Output/ CD-R/RW Playback Capability/ 20 Track Music Calendar/ Digital Servo Control/ Remote Commander Remote Control,,,3
A:6284,Abt,Bose 27028 161 Bookshelf Pair Speakers In White - 161WH,Bose 161 Bookshelf Speakers In White - 161WH/ Articulated Array Speaker Design/ High-Excursion Twiddler Drivers/ Magnetically Shielded/ Priced Per Pair/ White Finish,,$158.00,4
A:6493,Abt,Denon Stereo Tuner - TU1500RD,Denon Stereo Tuner - TU1500RD/ RDS Radio Data System/ AM-FM 40 Station Random Memory/ Rotary Tuning Knob/ Dot Matrix FL Display/ Optional Remote,,$375.00,5
A:6726,Abt,KitchenAid Pasta Roller And Cutter - KPRA,KitchenAid Pasta Roller And Cutter - KPRA/ One Pasta Roller/ Two Pasta Cutters/ Cleaning Brush/ Chrome Finish,,,6
A:6742,Abt,Panasonic Yeast Pro Automatic Breadmaker - SDYD250,Panasonic Yeast Pro Automatic Breadmaker - SDYD250/ Patented Yeast Dispenser/ 2.5 lb To 1.5 lb Loaf/ Choice Of Bread And Baking Modes/ 13 Hour Countdown Digital Timer/ Nonstick Coating For Easy Cleanup,,,7
A:7195,Abt,Sony Vertical-In-The-Ear Stereo Headphones - MDRJ10,Sony Vertical-In-The-Ear Stereo Headphones - MDRJ10/ Clip On Style/ 13.5 MM Driver Unit/ Blue Finish,,,8
A:7783,Abt,Panasonic 2-Line Integrated Telephone - KXTSC14W,Panasonic 2-Line Integrated Telephone - KXTSC14W/ Call Waiting/ 50-Station Caller ID/ Voice Mail Message-Waiting Indicator/ Speakerphone/ 3-Line LCD Display/ White Finish,,,9
A:7936,Abt,Panasonic Integrated Telephone System - KXTS108W,Panasonic Integrated Telephone System - KXTS108W/ 16 Digit LCD With Clock/ Hands Free Speakerphone/ Built-In Data Port/ 10-Station One-Touch Dialing/ 3-Step Ringer Volume/ White Finish,,$44.00,10
A:8060,Abt,Panasonic 2-Line Integrated Telephone System - KXTS208W,Panasonic 2-Line Integrated Telephone System - KXTS208W/ 3-Way Conference/ One-Touch/Speed Dialer/ Speakerphone/ White Finish,,,11
A:8552,Abt,Sony 300 Disc CD Changer - CDPCX355,Sony 300 Disc CD Changer - CDPCX355/ MegaStorage Control/ CD-R/CD-RW Playback/ 32 Step Program Play/ Control A1 II/ Custom File Memo/ CD Text/ Keyboard Input/ 2 Jog Dials/ Remote Control/ Black Finish,,,12
A:9071,Abt,Sony 400 Disc MegaStorage CD Changer - CDPCX455,Sony 400 Disc MegaStorage CD Changer - CDPCX455/ MP3 Playback Capability/ CD-R/CD-RW Playback/ Twin Jog Dial For Easy Disc Access/ MegaChanger Control/ Optical Digital Output/ Keyboard Input/ Remote Commander® Remote Control,,,13
A:9312,Abt,Panasonic Hands-Free Headset - KXTCA86,Panasonic Hands-Free Headset - KXTCA86/ Comfort Fit And  Fold Design/ Noise Cancelling Microphone/ Standard 2.5mm Connection,,$14.95,14
A:9314,Abt,Panasonic Hands Free Headset  - KXTCA92,Panasonic Hands Free Headset - KXTCA92/ Comfort Fit With Fold Design/ Noise Cancelling Microphone/ Volume Control/ Mute/ Standard 2.5mm Connection,,$25.00,15
A:9355,Abt,Cuisinart Convection-Oven-Toaster-Broiler With Exact Heat Sensor - TOB165WH,Cuisinart Convection-Oven-Toaster-Broiler With Exact Heat Sensor - TOB165WH/ 0.5 Cubic Foot Oven Capacity/ LED Indicators/ Individual Or Combination Settings/ Always Even Shade Control/ 4 Hour Automatic Shut Off/ Slide-Out Crumb Tray/ Includes Broiling Pan/ White Finish,,$149.00,16
A:9546,Abt,Frigidaire 24' White Built-In Dishwasher - FDB130WH,Frigidaire 24' FDB130RGS White Built-In Dishwasher - FDB130WH/ Convection Drying System/ QuietSound Sound Insulation Package/ 2 Wash Levels/ Adjustable Rinse Aid Dispenser/ Self Cleaning Filter/ White Finish,,$229.00,17
A:9646,Abt,Cuisinart Cordless Electric Kettle - KUA17,Cuisinart Cordless Electric Kettle - KUA17/ 1-3/4 Quart Capacity/ Automatic Shut-Off/ Indicator Light/ Splash Guard Spout/ Cord Storage In Base/ Chrome Finish,,$70.00,18
A:10101,Abt,Omnimount Wall Speaker Mount - 20WLBK,Omnimount Wall Speaker Mount - 20WLBK/ Stainless Steel Shafts And All Necessary Hardware Included/ Supports Speakers Up To 20 lbs./ Sold As Single / Black Finish,,$39.95,19
A:10102,Abt,Omnimount Wall Speaker Mount - 20WLWH,Omnimount Wall Speaker Mount - 20WLWH/ Stainless Steel Shafts And All Necessary Hardware Included/ Supports Speakers Up To 20 lbs./ Sold as each / White Finish (Photo Showing Black),,$40.00,20
A:10640,Abt,Denon Semi-Automatic Turntable - Black Finish - DP29F,Denon Semi-Automatic Turntable - DP29F/ Metal Platter/ Built-In RIAA Equalizer/ DC Servo Motor/ 2 Speed 33 + 45 RPM/ Built-In Phono PreAmp,,$150.00,21
A:11338,Abt,Sony Xplod 10-Disc Add-On CD/MP3 Changer - CDX565MXRF,Sony Xplod 10-Disc Add-On CD/MP3 Changer - CDX565MXRF/ CD/CD-R/CD-RW And MP3 Playback/ MP3 Decoding/ D-Bass/ 12-Second Advanced Electronic Shock Protection/ FM Modulator/ 9 Modulation Frequencies/ Wireless Remote,,,22
A:11801,Abt,Escort Passport Radar And Laser Detector - Black Finish - 8500,"Escort Passport X50 Radar And Laser Detector - 8500/ X-Band, K-Band, Ka-Band Operating Bands/ AlGaAs 280 LED Matrix/Text Display Type/ 3-Level Dimming, Plus Dark Mode/ Auto Mute/ City Mode Sensitivity/ Compact Size/ Red Display",,$313.95,23
A:13155,Abt,Peerless Wall TV Mounts In Black - PM1327BK,Peerless Wall TV Mounts - PM1327BK/ TV Wall Mount With Adjustable Width Support Tray For 13'-27' Set/ Black Finish,,,24
A:13202,Abt,Panasonic Laser Toner Cartridge - KXFA83,Panasonic Laser Toner Cartridge - KXFA83/ Used With FL511/F541 Fax Machines,,,25
A:13213,Abt,Sony Compact Disc Player/Recorder - RCDW500C,"Sony Compact Disc Player/Recorder - RCDW500C/ 5-CD/Dual Deck With 4x High Speed Dubbing/ CD, CD-R, CD-RW, MP3 Playback Capable/ Super Bit Mapping Recording/ High Speed Finalizing",,$299.00,26
A:13580,Abt,Sanus WMS3B Black Weather Resistant Small Speaker Wall Mount - WMS3B,Sanus WMS3B Black Small Speaker Wall Mount - WMS3B/ Holds Up To An 8 Pound Speaker/ Multiple Pivot Points/ Weather Resistant For Indoor/Outdoor Use/ Black Finish/ Priced Per Pair,,$29.99,27
A:13581,Abt,Sanus WMS3S Silver Weather Resistant Small Speaker Wall Mount - WMS3S,Sanus WMS3S Silver Small Speaker Wall Mount - WMS3S/ Holds Up To An 8 Pound Speaker/ Multiple Pivot Points/ Weather Resistant For Indoor/Outdoor Use/ Silver Finish/ Priced Per Pair,,$29.99,28
A:13700,Abt,Sanus Euro Foundations Satellite Speaker Stand - EFSATB,Sanus Euro Foundations Satellite Speaker Stand - EFSATB/ Sturdy Base/ Adjustable Pillar And Floor Spikes/ Includes Three Different Speaker Mounting Methods/ Contemporary European Design/ Satin Powder-Coated Black Finish/ Priced Per Pair,,$79.99,29
A:13701,Abt,Sanus Euro Foundations Satellite Speaker Stand - EFSATS,Sanus Euro Foundations Satellite Speaker Stand - EFSATS/ Sturdy Base/ Adjustable Pillar And Floor Spikes/ Includes Three Different Speaker Mounting Methods/ Contemporary European Design/ Satin Powder-Coated Silver Finish/ Priced Per Pair,,$79.99,30
A:13945,Abt,Onkyo 6 Disc CD Player Changer - DXC390B,Onkyo 6 Disc CD Player Changer- DXC390B/ Multi Single-Bit DAC/ 6 Repeat Modes/ 40 Random Track Memory/ Direct Track Access/ 96 dB S/N Ratio/ 5 Hz-20 kHz Frequency Response/ Remote Control Included/ Black Finish,,,31
A:13954,Abt,Panasonic Corded Phone - KXTS3282B,Panasonic Corded Phone - KXTS3282B/ 2 Phone Lines/ Call Waiting/ 50-Station Caller ID/ Speakerphone/ 3-Line LCD Display/ Black Finish,,,32
A:13996,Abt,Escort Cordless Solo Radar Detector - S2E,Escort Cordless Solo Radar Detector - S2E/ S2/ 10 Programmable Features/ High-Efficiency Power Management/ Ultra-Performance Laser Protection/ AutoSensitivity Mode/ High Resolution Graphic LCD Display/ Built-In Earphone Jack,,$343.95,33
A:14033,Abt,Garmin Deluxe Carrying Case - Black Finish - 0101023101,"Garmin Deluxe Carrying Case - 0101023101/ Designed For Street Pilot III 2610/2650 GPS Systems/ Holds Your GPS System, Mounting Bracket, Cables, Batteries And Data Cards",,,34
A:14061,Abt,Kenwood 6-Disc CD Changer - KDCC669,"Kenwood 6-Disc CD Changer - KDCC669/ 3-Angle Mounting/ CD, CD-R And CD-RW Playback/ Anti-Vibration Disc Transport/ Compatible With All Kenwood Units With Changer Control",,$129.00,35
A:14070,Abt,Cuisinart Automatic Brew And Serve Coffeemaker - DTC975BK,Cuisinart Automatic Brew And Serve Coffeemaker - DTC975BK/ 12-Cup Double-Wall Insulated Stainless Steel Carafe/ Fully Automatic With 24-Hour Programmability/ Patented Brew-Through And Pour-Through Lid/ Brew Pause Feature/ Automatic Shutoff/ Black And Stainless Steel Finish,,$99.95,36
A:14563,Abt,Sharp Over The Counter Microwave Oven - R1214SS,Sharp Over The Counter Microwave Oven - R1214SS/ 1.5 Cubic Foot Capacity/ 1100 Watts/ 24 Automatic Settings/ 2-Color Lighted LCD/ Smart And Easy Sensor Settings/ Auto-Touch Control Panel/ Stainless Steel Finish,,$429.00,37
A:14715,Abt,Toshiba Rechargeable 5-Hour Battery Pack - MEDB05LX,Toshiba Rechargeable 5-Hour Battery Pack - MEDB05LX/ Works With SDP2500 And SDP2600 Portable DVD Players,,$149.99,38
A:15046,Abt,GE GSD4000NWW White Built-In Dishwasher - GSD4000WH,GE GSD4000NWW White Built-In Dishwasher - GSD4000WH/ 5-Level PowerScrub Wash System With PowerShower/ Electronic Controls/ 100 Percent Water Filtration With ExtraFine Filter/ 2/4/8-Hour Delay Start/ China/Crystal Cycle/ White Finish,,,39
A:15452,Abt,Sony Stereo Audio Receiver - STRDE197,Sony Stereo Audio Receiver - STRDE197/ 100 Watts Per Channel x 2/ AM/FM Tuning With 30 Presets/ 5 Function Input Selector/ 8 Ohm Rated Amplifier/ Remote Control,,,40
A:16000,Abt,Maytag Bisque Over-The-Range Microwave Oven - MMV4205BT,"Maytag Bisque Over-The-Range Microwave Oven - MMV4205BT/ 2.0 Cu. Ft. Capacity/ 1,150 Watts/ Ten Power Levels/ 220 CFM Airflow With Two Adjustable Fan Speeds/ Scrolling VFD Display/ Twelve Instant Touch Pads/ Precision Touch Electronic Controls/ Digital Display With Clock And Kitchen Timer/ Bisque Finish",,,41
A:16003,Abt,Maytag Over-The-Range Microwave Oven - MMV5207BK,"Maytag Over-The-Range Microwave Oven - MMV5207BK/ 2.0 Cubic Foot Capacity/ 1,100 Watts/ Ten Power Levels/ Sensor Cook/ Custom Program Option/ WideGlide Tray/ Delay-Stop Fan Settings/ Deluxe Charcoal Odor Filter/ Black Finish",,,42
A:16112,Abt,Panasonic Genius Prestige Inverter Microwave Convection Oven NNC994SS In Stainless Steel - NNC994SS,Panasonic Genius Prestige Microwave Convection Oven - NNC994SS/ 1.5 Cubic Foot Capacity/ 1100 W Microwave Inverter Power/ 1500 W Convection Power/ Genius Sensor Cook/ Two Level Cooking/ Half Mirror Finish Glass Door/ Stainless Steel Finish,,,43
A:16309,Abt,Sony Super Audio CD Player - SCDCE595,Sony Super Audio CD Player - SCDCE595/ Multi-Channel Super Audio CD Playback Capability/ CD/CD-R/CD-RW Playback Capability/ Multi-Channel Direct Stream Digitial Decoder/ Multi-Channel Management System/ SACD Text/CD Text Capability/ ETA LATE JANUARY 2009,,$149.00,44
A:16329,Abt,Whirlpool 24' Built-In Dishwasher - DU1100SS,Whirlpool 24' Built-In Dishwasher - DU1100SS/ 14-Five Piece Place Setting Super Capacity Tub/ 5 Level Wash/ Temperature And Pressure Sensors/ 4 Automatic Cycles/ Soak And Scour Option/ AnyWare Plus Silverware Basket/ Hard Food Disposer With Self-Cleaning Filter/ Quiet Partner II Sound Package/ Energy Star Qualified/ Black-On-Stainless Finish,,,45
A:16394,Abt,Danby Twin Tub Washer - DTT420WH,Danby Twin Tub Washer - DTT420WH/ 10lb Capacity/ Energy Efficient Full Length Agitator/ 2 Wash Options/ 1600 RPM Spin Dry Cycle/ Rust Resistant Galvanized Steel Cabinet/ Quiet Operation/ White Finish,,,46
A:16668,Abt,Omnimount TV Top Shelf Mount - CCH1P,"Omnimount TV Top Shelf Mount - CCH1P/ TV Top Shelf Mount For CRT, LCD & DLP TVs/  Platinum Finish",,,47
A:16669,Abt,Omnimount TV Top Shelf Mount - CCH1B,"Omnimount TV Top Shelf Mount - CCH1B/ TV Top Shelf Mount For CRT, LCD & DLP TVs/  Black Finish (Photo Showing Plantinum)",,,48
A:16741,Abt,Delonghi Twenty Four Seven Coffee Maker In Black - DC50B,"Delonghi Twenty Four Seven Coffee Maker - DC50B/ 4-Cup Capacity/ Easy-Access, Washable Filter Basket/ Black Finish",,$22.00,49
A:16758,Abt,Sanus Silver LCD Television Turntable - TVLCDS,Sanus Silver LCD Television Turntable - TVLCDS/ Holds 13'-30' Size Televisions/ 360 Degree Rotation/ Silver Finish,,$29.99,50
A:16765,Abt,Frigidaire 27' Electric Stack Washer Dryer Combo - FEX831WH,Frigidaire 27' Electric Stack Washer Dryer Combo - FEX831WH/ Extra-Large Capacity Wash Tub/ 3 Wash / Rinse Temperatures/ 8 Cycles/ Heavy-Duty Single Speed 3/4 HP Motor/ 5.7 Cubic Foot Super Capacity Dryer Drum/ Balanced Dry System/ 1 Auto Dry Cycle/ Quick Clean Lint Screen/ White Finish,,,51
A:16774,Abt,Olympus Olympus Ni-MH Quick Charger And Battery Set - B90SU,Olympus Olympus Ni-MH Quick Charger And Battery Set - B90SU/ Ultra-Compact Size And Removable AC Cable/ Charges Four AA Batteries In Around 255 Minutes/ 4 x 2300mAh AA Batteries Included,,,52
A:16877,Abt,Sony Digital Photo Printer Paper 40 Pack  - SVMF40P,Sony Digital Photo Printer Paper 40 Pack - SVMF40P/ 4' x 6' Print Paper With Snap-Off Edges/ Super Coat 2 Protective Lamination/ Water Damage And Fingerprint Resistant Prints/ 40 Sheets Of Paper And Print Ribbon/ For DPPF Series Digital Photo Printers Only,,,53
A:17067,Abt,Canon Rechargeable Battery - 9763A001,"Canon Rechargeable Battery - 9763A001/ Compatible With The SD200, SD300, SD400, SD30, SD450, SD600, SD630, SD750, SD1000 And Other PowerShot Cameras/ OEM Litium Ion Battery /  180 Minutes Of Playback Time",,,54
A:17094,Abt,Delonghi Twenty Four Seven Coffee Maker - DC50W,"Delonghi Twenty Four Seven Coffee Maker - DC50W/ 4-Cup Capacity/ Easy-Access, Washable Filter Basket/ White Finish",,$22.00,55
A:17187,Abt,Universal IR/RF Remote - MX350,Universal IR/RF Remote - MX350/ Controls Up To 10 Components/ Extensive Macro Programming/ Memory Back-Up/ One Hand Ergonomics,,$149.95,56
A:17191,Abt,Universal IR/RF Aeros Remote Control- MX850 - MX850,Universal IR/RF Aeros Remote Control- MX850/ Laser Etched Buttons/ Centrally Located Joystick/ Memory Back-Up/ One Hand Ergonomics/ Controls Up To 20 Components,,$399.95,57
A:17220,Abt,Panasonic 5-Pack DVD-RAM Discs - LMAF120LU5,Panasonic 5-Pack DVD-RAM Discs - LMAF120LU5/ Slim Cases/ 2-3x Speed/ Single-Sided/ 120 Minute (4.7GB/Non-Cartridge)/ For Video Recording/ 5 Pack,,$15.00,58
A:17372,Abt,Belkin AC Anywhere - F5C400300W,Belkin AC Anywhere - F5C400300W/ Mobile Power Adapter For Your Vehicle/ Powers Portable Devices Using A 300-Watt Power Inverter/ 2 AC Outlets/ Converts DC Power To AC Power From A Cigarette Lighter Socket/ Automatic Overheat Shut-Off/ Low-Battery Alarm/ Overload Protection/ Replaceable Fuse Included/ Power LED Indicator,,,59
A:17417,Abt,Sanus 13' - 30' VisionMount Flat Panel TV Silver Wall Mount - VMFS,Sanus 13' - 30' VisionMount Flat Panel TV Silver Wall Mount - VMFS/ Supports Up To 40 lbs/ Easy To Install/ Fingertip Virtual Axis Tilting System/ Silver Finish,,$39.99,60
A:17479,Abt,Weber Performer 22-1/2' Charcoal Grill - 841001,Weber Performer 22-1/2' Charcoal Grill - 841001/ Push-Button Igniter/ Porcelain-Enameled Bowl And Lid/ Dual-Purpose Themometer/ Crackproof All-Weather Wheels/ Black Lid Finish/ Assembly Required,,$329.00,61
A:17596,Abt,Sanus 13' - 30' Flat Panel TV Black Wall Mount - VM1B,Sanus 13' - 30' Flat Panel TV Black Wall Mount - VM1B/ Tilt And Swivel Motion/ Rigid Extruded Aluminum Construction/ Supports Up To 50 Lbs/ Black Finish,,$69.99,62
A:17653,Abt,Sony HD DVC Tape - DVM63HD,Sony HD DVC Tape - DVM63HD/ 63 Minutes Recording Time/ High Definition Video Recording/ Designed For 1080i Or 720p HDV,,,63
A:17872,Abt,Sanus 15' - 40' Flat Panel TV Silver Wall Mount - VM400S,Sanus 15' - 40' Flat Panel TV Silver Wall Mount - VM400S/ Virtual Axis Tilt Adjustment System/ Hinged Arm Extend From 3.5' To 20'/ Durable Powder Coated Silver Finish,,$219.99,64
A:17873,Abt,Sanus 15' - 40' Flat Panel TV Black Wall Mount - VM400B,Sanus 15' - 40' Flat Panel TV Black Wall Mount - VM400B/ Virtual Axis Tilt Adjustment System/ Hinged Arm Extend From 3.5' To 20'/ Durable Powder Coated Black Finish,,,65
A:17906,Abt,Frigidaire Electric Dryer - FEQ1442WH,Frigidaire Electric Dryer - FEQ1442WH/ 5.8 Cubic Foot Super Capacity Drum/ 7 Auto Dry Cycles/ 4 Dryness Level Selections/ 90 Minute Timed Dry/ 4 Temperature Options/ White Finish,,,66
A:18040,Abt,Delonghi Oil Filters - FK8,Delonghi Oil Filters - FK8/ Made For Use With D895UX/ 3 Pack,,$18.00,67
A:18087,Abt,Danby Designer Portable Dishwasher - DDW1805WH,Danby Designer Portable Dishwasher - DDW1805WH/ 8 Place Settings Capacity/ Adjustable Upper Dish Rack/ 7 Wash Programs/ Three Tier Spray Wash System/ White Finish,,,68
A:18202,Abt,Canon Optura/Elura Accessory Kit - ACCESSORYKIT,Canon Optura/Elura Accessory Kit - ACCESSORYKIT/ BP-2L14 Battery/ Carrying Case/ Mini DV Tape.,,,69
A:18441,Abt,Mosquito Magnet Defender Replacement Net - MM4000NET1,Mosquito Magnet Defender Replacement Net - MM4000NET1/ 1-Pack,,,70
A:18516,Abt,Panasonic Genius Countertop Microwave In White - NNH965WH,Panasonic Genius Countertop White Microwave - NNH965WH/ 2.2 Cubic Foot/ Inverter Turbo Defrost/ Child Safety Lock/ Versatile Function Key/ White Finish,,,71
A:18524,Abt,Weber Performer 22-1/2' Charcoal Grill - 848001,Weber Performer 22-1/2' Charcoal Grill - 848001/ Push-Button Igniter/ Porcelain-Enameled Bowl And Lid/ Dual-Purpose Themometer/ Crackproof All-Weather Wheels/ Blue Lid Finish/ Assembly Required,,$329.00,72
A:18564,Abt,Whirlpool 24' Built-In Dishwasher - DU1055BK,Whirlpool 24' Built-In Dishwasher - DU1055BK/ 14-Five Piece Place Setting Super Capacity Tub/ 5 Level Direct Feed SheerClean Wash System/ 4 Cycles/ AnyWare Plus Silverware Basket/ Quiet Partner I Sound Package/ Energy Star Qualified/ Black Finish,,$397.00,73
A:18567,Abt,Whirlpool 24' Built-In Dishwasher - DU1055SS,Whirlpool 24' Built-In Dishwasher - DU1055SS/ 14-Five Piece Place Setting Super Capacity Tub/ 5 Level Direct Feed SheerClean Wash System/ 4 Cycles/ Soak And Scour Option/ AnyWare Plus Silverware Basket/ Quiet Partner I Sound Package/ Energy Star Qualified/ Black On Stainless Finish,,$491.00,74
A:18837,Abt,Cuisinart Countertop Griddler - GR4,Cuisinart Countertop Griddler - GR4/ Nonstick Grill/ Knob Selector/ Light Indicator/ Temperature Controls/ Cleaning/Scraping Tool Included,,,75
A:18960,Abt,Nikon AF Speedlight Accessory - SB600,Nikon AF Speedlight Accessory - SB600/ Versatile Remote Speedlight/ i-TTL Flash Control/ FV Lock (Flash Value Lock)/ Auto FP High Speed Sync Mode,,,76
A:18970,Abt,Panasonic Genius Countertop Microwave In Black - NNH965BK,Panasonic Genius Countertop Microwave - NNH965BK/ 2.2 Cubic Foot/ Inverter Turbo Defrost/ Child Safety Lock/ Versatile Function Key/ Black Finish/,,,77
A:19112,Abt,Sony Soft Cyber-Shot Carrying Case - LCSCST,Sony Soft Cyber-Shot Carrying Case - LCSCST/ Sturdy Nylon Construction/ Compact And Very Lightweight/ Stylish Black Design,,$14.00,78
A:19132,Abt,Pioneer XM Digital Satellite Tuner for Pioneer Headunits - GEXP920XM,Pioneer XM Digital Satellite Tuner For Pioneer Headunits - GEXP920XM/ SAT Radio Ready/ XM Ready/ Built-In FM Modulator/ 18- Station/ 6- Button Presets/ Magne Mount Installation,,$98.00,79
A:19141,Abt,Sanus Universal Projector Ceiling Mount -  Black Finish - VMPR1B,Sanus Universal Projector Ceiling Mount - VMPR1B/ Designed For DLP And LCD Projectors/ Quick Release Mechanism/ 50 Lbs Capacity/ Black Finish,,$129.99,80
A:19204,Abt,OmniMount G-303 Gray Stellar Series Audio Tower - G303GR,OmniMount G-303 Gray Stellar Series Audio Tower - G303GR/ Supports Tabletop Flat Panels/ Three Floating Shelf Design/ Integrated Cable Management/ Gray Finish,,,81
A:19358,Abt,Sennheiser RF Wireless Headphones - RS140,Sennheiser RF Wireless Headphones - RS140/ Switchable Compression/ Balance Control For Right/Left Volume Adjustment/ High Output Level/ Intelligent Auto-Tuning With Memory Function/ Self-Learning Automatic Level Control/ Easy Recharging,,,82
A:19604,Abt,Kenwood iPod Mobile Interface - KCAIP500,"Kenwood iPod Mobile Interface - KCAIP500/ Compatible With Most Kenwood Receivers/ Text Display, Multiple Search Mode/ Powers And Charges iPod",,$49.99,83
A:19628,Abt,Pioneer Wired Marine Remote Control Display - CDMR80D,Pioneer Wired Marine Remote Control Display - CDMR80D/ Compatible With Pioneer Headunits/ Satellite Radio Text Indications/ ATT (Volume Attenuator) Button,,$149.00,84
A:19631,Abt,Bose Second Zone Remote - PMC2,"Bose Second Zone Remote - PMC2/ Controls Lifestyle 38 Or 48 Media Center/ TV, VCR, Cable Box, Satellite Receiver/ Accesses Digitally Stored CDs In UMusic System",,$149.00,85
A:19672,Abt,Sony 400-Disc DVD/SA-CD/CD Mega Changer - DVPCX995V,"Sony 400-Disc DVD, SACD & CD Mega Changer - DVPCX995V/ Super Audio CD Playback/ DVD-RW/DVD-R/DVD+RW/DVD+R Playback/ 12 Bit Video DAC/ Dolby Digital And Dts/ Advanced SmoothScan Technology/ Instant Replay/ Back Ground Graphics/ Black Finish",,,86
A:19676,Abt,Sanus 32' - 84' Flat Panel TV Black Tilting Wall Mount - VMPL3B,Sanus 32' - 84' Flat Panel TV Black Tilting Wall Mount - VMPL3B/ Virtual Axis Tilt Adjustment System/ Supports Up To 280 Lbs./ Fits Most Large Flat Panel LCD TVs/ Easy To Install/ Black Finish,,,87
A:20447,Abt,Sony DVD-R Recordable Camcorder Media - 3DMR30L1H,"Sony DVD-R Recordable Camcorder Media 3 Pack - 3DMR30L1H/ 30 Minute, 1.4 GB/ Accucore Technology/ Store Digital Video, Audio And Multimedia Files/ 3 Pack",,$9.99,88
A:20448,Abt,Sony VAIO Neoprene Laptop Carrying Case - Black Finish - VGPAMC3,"Sony VAIO Neoprene Laptop Carrying Case - VGPAMC3/ Compatible With VAIO A Series 15' And FS Series 15.4' Widescreen Notebooks/ Helps Protect Your Notebook From Scratches, Spills And Dings/ Neoprene Offers Durable And Water-Resistant Protection",,$22.00,89
A:20450,Abt,Canon Color Ink Tank - CL41CL,"Canon Color Ink Tank - CL41CL/ Compatible With The Pixma iP1600, MP170 Printers",,$24.00,90
A:20453,Abt,Canon Cyan Ink Tank - Cyan - CLI8C,"Canon Cyan Ink Tank - CLI8C/ Compatible With The Pixma iP4200, iP5200, iP5200R, iP6600D, MP500, MP800 Printers",,$16.00,91
A:20454,Abt,Canon Magenta Ink Tank - Magenta - CLI8M,"Canon Magenta Ink Tank - CLI8M/ Compatible With The Pixma iP4200, iP5200, iP5200R, iP6600D, MP500, MP800 Printers",,$16.00,92
A:20458,Abt,Canon Cyan Photo Ink Cartridge - Cyan - CLI8PC,Canon Cyan Photo Ink Cartridge - CLI8PC/ Compatible With The Pixma iP6600D Printer,,$16.00,93
A:20459,Abt,Canon Magenta Photo Ink Cartridge - Magenta - CLI8PM,Canon Magenta Photo Ink Cartridge - CLI8PM/ Compatible With The Pixma iP6600D Printer,,$16.00,94
A:20461,Abt,Canon Yellow Ink Cartridge - Yellow - CLI8Y,"Canon Yellow Ink Cartridge - CLI8Y/ Compatible With The Pixma iP4200, iP5200,  iP5200R, iP6600D, MP500, MP800 Printers",,$16.00,95
A:20466,Abt,Canon Black Ink Cartridge - Black - PG40BK,"Canon Black Ink Cartridge - PG40BK/ Compatible With The Pixma iP1600, MP170 Printers",,$19.00,96
A:20532,Abt,Belkin Pro Series 16 Ft.  USB 2.0 Cable - F3U13316,Belkin Pro Series 16 Ft. USB 2.0 Device Cable - F3U13316/ Hi-Speed Data Transfer To 480Mbps/ Impedance Matched Twisted Pair Construction/ Gold Plated Copper Contacts/ 16 Feet,,,97
A:20534,Abt,Pioneer Voice Command Pack - Black Finish - CDVC1,"Pioneer Voice Command Pack - CDVC1/ Microphone And Steering Wheel Remote Control/ Use Your Voice To Control Navigation, Audio, And Video Functions/ Compatible With AVICN2 And AVICN1",,$48.00,98
A:21047,Abt,Sony VAIO Neoprene Notebook With AC Adapter Case - Black Finish - VGPAMC2,"Sony VAIO Neoprene Notebook With AC Adapter Case - VGPAMC2/ Helps Protect Your Notebook From Scratches, Spills And Dings/ Neoprene Offers Durable, Water-Resistant Protection/ Fits 17' Widescreen Notebooks",,$24.00,99
A:21175,Abt,NetGear ProSafe 24 Port Smart Switch - FS726TP,NetGear ProSafe 24 Port Smart Switch - FS726TP/ Two Gigabit Ports Plus Easy Browser/ ProSafe Network Management Software/ Web Based Smart Management Features,,$605.00,100
A:21182,Abt,GE Platinum HDTV Millennium TV Antenna - TV24734,GE Platinum HDTV Millennium TV Antenna - TV24734/ VHF/UHF/ 34' Dipoles For VHF Reception/ 130 Degree Swivel UHF Loop/ Low-Profile Storage,,,101
A:21267,Abt,Garmin Streetpilot C Series Vehicle Suction Mount - Black Finish - 0101060900,Garmin Streetpilot C Series Vehicle Suction Mount - 0101060900/ Dashboard Or Friction Mounting Options Are Recommended Except California/ 12/24 Volt Adapter,,,102
A:21268,Abt,Garmin StreetPilot C330 Dash Mount - Black Finish - 0101061300,Garmin StreetPilot C330 Dash Mount - 0101061300/ Non-Skid Mount Design/ Fully Portable/ Includes 12/24 Volt Cigarette Lighter Adapter/ Black Finish,,$57.00,103
A:21297,Abt,Sony Memory Stick Duo Replacement Adaptor - Silver/Blue Finish - MSACM2,"Sony Memory Stick Duo Replacement Adaptor - MSACM2/ Compatible With Memory Stick Duo And Pro Media Stick/ Compact, Thin, And Extremely Lightweight",,,104
A:21554,Abt,Yamaha High Performance Subwoofer -  Black Finish - YSTFSW100BK,Yamaha High Performance Subwoofer - YSTFSW100BK/ 130 Watts Dynamic Power/ Advanced YST II (Yamaha Active Servo Technology)/ Half Pipe Port/ Powerful 6.5? Multi-Range Driver/ Magnetically Shielded/ 16Hz Ultra Low Frequency Reproduction/ Slim Design/ Black Finish,,$150.00,105
A:21875,Abt,Netgear ProSafe 16 Port 10/100 Desktop Switch - Purple Finish - FS116P,Netgear ProSafe 16 Port 10/100 Desktop Switch - FS116P/ 16 Auto Speed-Sensing 10/100 RJ-45 Ports/ 96 KB Embedded Memory Per Unit,,$299.00,106
A:21989,Abt,Frigidaire Electric White Dryer - FEQ332WH,Frigidaire FEQ332 Electric Dryer - FEQ332WH/ 5.7 Cu.Ft. Super Capacity Drum/ Auto Dry Cycles/ Temperature Options/ Interior Drum Light/ Quick-Clean Lint Screen/ White Finish,,,107
A:22042,Abt,Logitech Harmony 890 Advanced Universal Remote Control - H890,Logitech Harmony 890 Advanced Universal Remote Control - H890/ Quick And Simple Set Up/ Advanced Online Setup And Update Wizard/ Uses Both Radio Frequency (RF) And Infrared (IR) Wireless Signals/ Integrate Up To 15 Devices/ 8 On-Screen Activity Buttons/ Rechargeable Lithium Ion Battery And Charging Station Included/ Fully Backlit/ Comfort-Grip Shape,,,108
A:22100,Abt,Canon High Capacity Color Ink Cartridge - Color Ink - CL51,"Canon High Capacity Color Ink Cartridge - CL51/ Compatible With Pixma iP6210D, iP6220D, MP150, MP170 And MP450 Printers",,$35.00,109
A:22101,Abt,Canon Photo Ink Cartridge - CL52,Canon Photo Ink Cartridge - CL52/ Compatible With Pixma iP6210D And iP6220D Printers,,$25.00,110
A:22187,Abt,Nikon 18-200mm Nikkor Zoom Lens - Black Finish - 2159,Nikon 18-200mm Nikkor Zoom Lens Accessory - 2159/ Compact 11x Zoom/ 18 - 200MM Focal Range/ Two ED Glass Elements/ Silent Wave Motor/ Three Aspherical Lens Elements/ VR II System,,,111
A:22212,Abt,Sennheisser Hi-Fi Wireless Headphone - RS120,Sennheisser Hi-Fi Wireless Headphone - RS120/ Supra Aural/ Wireless RF Headphone System/ Range Of Up To 100 Meters/ Three Selectable RF Channels/ Transmitter With Metal Cradle,,,112
A:22242,Abt,Cuisinart Programmable Coffeemaker - Stainless Steel Finish - DCC2000,Cuisinart 12-Cup Programmable Coffeemaker - DCC2000/ Fully Programmable/ Removable Coffee Reservoir/ Easy-To-Read Coffee Gauge/ Visible Water Level Indicator/ Removable Drip Tray/ Charcoal Water Filter/ Stainless Steel Finish,,$100.00,113
A:22306,Abt,Sanus Center Channel Speaker Mount - Black Finish - VMCC1B,"Sanus Center Channel Speaker Mount - VMCC1B/ Works With Sanus Models VMSA, VMAA18, VMAA26, VMDD26 And VMCM1/ Easy To Install/ Mounting Hardware Included/ Black Finish",,$99.99,114
A:22382,Abt,Sanus 32' - 50' Flat Panel TV Black Wall Mount - VMPL50B,Sanus 32' - 50' Flat Panel TV Black Wall Mount - VMPL50B/ Solid Heavy-Gauge Steel Construction/ Durable Powder-Coated Finish/ Virtual Axis Tilt Adjustment System/ Supports Up To 130 Lbs/ Black Finish,,,115
A:22558,Abt,Netgear RangeMax Wireless Access Point - White Finish - WPN802NA,"Netgear RangeMax Wireless Access Point - WPN802NA/ Improves Performance Of Existing Legacy 802.11b And 802.11g Wireless Devices Up To 50 Percent/ Wired Equivalent Privacy (WEP) 64-Bit,128-Bit Encryption/ Wi-Fi Protected Access (WPA, Pre-Shared Key)",,$130.00,116
A:22727,Abt,Weber Q 300 Liquid Propane Outdoor Grill - 426001,Weber Q 300 Liquid Propane Outdoor Grill - 426001/ Liquid Propane Fuel Type/ Two Burners For Direct And Indirect Cooking/ Thermometer Built Into The Lid/ Regulator Hose/ 12-Pound Turkey Capacity/ Cart Included/ Cast Aluminum Finish/ Assembly Required,,$349.00,117
A:22729,Abt,Sony Lightweight Tripod - Black Finish - VCTR100,Sony Lightweight Tripod - VCTR100/ Lightweight And Portable/ Expands From 14' To 39'/ 3-Way Panhead Function/ Black Finish,,$34.00,118
A:22798,Abt,Sanus VMAV Black VisionMount Component Wall Shelf VMAVB In Black - VMAVB,Sanus VMAV Black VisionMount Component Wall Shelf - VMAVB/ Single Wall Mount Shelf For Audio-Video Component/ Metal V Arm/ Black Finish,,$34.99,119
A:22940,Abt,Panasonic Plain Paper Fax/Copier With All-Digital Answering System - Silver Finish - KXFP145,Panasonic Plain Paper Fax/Copier With All-Digital Answering System - KXFP145/ Digital Duplex Speakerphone/ LCD Display/ Quick Scan/ Electronic Film Indicator/ Electronic Volume Control,,,120
A:23006,Abt,Tivo Wireless Adapter - AG0100,Tivo Wireless Adapter - AG0100/ For Use With A TiVo Series 2 Only/ Flip-Up Antenna/ Optimized Wireless Performance,,,121
A:23097,Abt,Uniden 5.8GHz Accessory Handset And Charger - TCX905,Uniden 5.8GHz Accessory Handset And Charger - TCX905/ Base Keypad/ Handset Speakerphone/ Caller ID/Call Waiting Deluxe/ DirectLink Technology/ Advanced Phonebook Features/ Trilingual Menu Displays,,,122
A:23246,Abt,Plantronics Voyager 510 Bluetooth Headset - Silver Finish - 496915,Plantronics Voyager 510 Bluetooth Headset - 496915/ Lightweight Design For All-Day Wearing Comfort/ Noise-Canceling Microphone For Clearer Conversations/ Wind-Noise Reduction Technology/ Headset Folds For Easy Storage/ One-Touch Call Control Buttons,,,123
A:23296,Abt,Kingdom Hearts II Video Game For The Sony PS2 - 662248904115,"Kingdom Hearts II Video Game For The Sony PS2 - 662248904115/ Guide Sora And Friends In All-New locales Based On Disney Films/ Fight Alongside Classic Final Fantasy Characters As Well As Modern Disney Heroes/ Perform New Character-Specific Double Team Attacks While Battling Enemies/ Visit Beasts Castle, Port Royale, Pride Land, Agrabah, Halloween Town, And More/ Rated E For Everyone 10 And Older",,,124
A:23325,Abt,TiVo Series2 Dual Tuner Digital Video Recorder - TCD649080,TiVo Series2 Dual Tuner Digital Video Recorder - TCD649080/ Up To 80-Hours Of Digital Recording Time/ Pause And Create Instant Replays Of Live TV/ Supports Recording From Cable And Satellite Sources Only/ USB Connectivity/ Remote Control/ TiVo Service Required And Sold Separately,,,125
A:23347,Abt,Sony PlayStation 2 DUALSHOCK 2 Analog Controller - Emerald Finish - 711719706205,Sony PlayStation 2 DUALSHOCK 2 Analog Controller - 711719706205/ Analog Pressure Sensitivity On All Action Buttons/ Built-In DUALSHOCK Vibration Function/ Twin Analog Control Sticks/ Intelligent Self-Calibrating Analog System/ Emerald Finish,,$24.99,126
A:23349,Abt,Sony PlayStation 2 8MB Memory Card - Black Finish - 711719702702,"Sony PlayStation 2 8MB Memory Card - 711719702702/ Save And Load High Scores, Positions And Replays/ MagicGate Encryption/ Black Finish",,$24.99,127
A:23350,Abt,Sony PlayStation 2 8MB Memory Card (2 Pack) - Red/Blue Finish - 711719706700,"Sony PlayStation 2 8MB Memory Card (2 Pack) - 711719706700/ Save And Load High Scores, Positions And Replays/ MagicGate Encryption/ Red/Blue Finish",,$34.99,128
A:23519,Abt,Whirlpool Duet Sport Front Loading White Washer - White Finish - WFW8300SWH,Whirlpool Duet Sport Front Loading White Washer - WFW8300SWH/ 3.4 Cubic Foot Capacity/ Electronic Controls/ 7 Cycles/ Child Lockout/ Door Lock/ Variable-Speed Motor/ Automatic Water Level Control/ Delay Wash Feature/ White Finish,,,129
A:23537,Abt,Universal RF Series MasterControl Remote Control - RF20,Universal RF Series MasterControl Remote Control ? RF20/ Control Up To 10 Components/ 432 MacroPower Buttons/ Customizable LCD Screen/ Pre-Programmed Codes/ Learning Capable/ SimpleSound/ Fully Backlit Keypad/ DVD Guide,,$79.99,130
A:23635,Abt,Panasonic Network Camera - White Finish - BLC1A,Panasonic Network Camera - BLC1A/ Automatic Network Configuration/ Built-In Calendar Timer/ Auto Time Adjustment With NTP/ Up To 10x Digital Zoom/ Multi-Language Interface/ White Finish,,$99.00,131
A:23651,Abt,Pioneer 6.5' 2-Way Marine White Speakers - TSMR1640,Pioneer 6.5' 2-Way Marine Speakers - TSMR1640/ 160 Watts Maximum Power Handling (30 Watts Nominal)/ 1-1/8' Poly-Ether Imide Dome Tweeter With Magnetic Fluid And Equalizer/ Tinsel Lead Wire And Terminals Are Gold-Plated For Extra Protection,,$120.00,132
A:23658,Abt,Apple USB Modem - White Finish - MA034ZA,"Apple USB Modem - MA034ZA/ Supports Caller ID, Wake On Ring, Telephone Answering (V.253), Modem On Hold/ V.92 Software Support",,$54.00,133
A:23686,Abt,Linksys EtherFast 4124 24-Port Ethernet Switch - EF4124,"Linksys EtherFast 4124 24-Port Ethernet Switch - EF4124/ 24 Autosensing 10/100 Full Duplex, Auto MDI/MDI-X Ports/ Up To 200Mbps/ Address Learning, Aging And Data Flow Control/ Compact Size",,$119.00,134
A:23837,Abt,Sony Learning Remote Control - Silver Finish - RMVL600,Sony Learning Remote Control - RMVL600/ One-Touch System Control (12 Macro Functions)/ Controls Up To 8 Components Seamlessly/ Pre-Programmed Codes Are Compatible With Most Brands,,,135
A:23864,Abt,Hoover Bagged Tempo Widepath Upright Vacuum - U5140,"Hoover U5140-900 Bagged Tempo Widepath Upright Vacuum - U5140/ Filter Traps 100 Percent Dust Mites, 99.98 Percent Ragweed And Common Grass Pollens/ Powerful 12 Amp Motor/ Filter Bag Check For Optimum Cleaner Performance/ 15' Cleaner Width",,,136
A:23965,Abt,Panasonic All-in-One Flatbed Laser Fax - KXFLB801,Panasonic All-in-One Flatbed Laser Fax - KXFLB801/ High Speed Laser Printing/ Multi-Function USB/Parallel Interface Capabilities/ Up To 33.6 Kbps Data Transfer/ Flatbed Scanner/ OCR Software Package/ Caller ID Compatible,,,137
A:24034,Abt,Sony DVD Remote Control For PS2 - Black Finish - 711719707608,"Sony DVD Remote Control For PS2 - 711719707608/ Works As A Full-Featured Standard Controller/ Performs Audio Track Selection, Subtitle Display And Multiangle Options/ Designed To Match The Sleek Look Of PlayStation 2",,$19.00,138
A:24153,Abt,Whirlpool 10' WHP1000SQ Duet Washer And Dryer White Pedestal Without Drawer - WHP1000WH,Whirlpool 10' WHP1000SQ Duet Washer And Dryer White Pedestal Without Drawer - WHP1000WH/ Raise The Washer And Dryer 10' For Easier Loading And Unloading/ White Finish,,,139
A:24316,Abt,Whirlpool Duet Sport 27' White Electric Dryer  - WED8300SWH,Whirlpool Duet Sport 27' Electric Dryer - WED8300SWH/ 6.7 Cubic Foot Capacity/ Electronic Controls/ Child Lockout/ Front-Mounted Lint Screen/ Interior Drum Light/ 5 Temperature Selections/ 3 Timed Cycles/ White Finish,,,140
A:24346,Abt,Panasonic Lithium Ion Rechargeable Battery - Black Finish - CGRS006A1B,Panasonic Lithium Ion Rechargeable Battery - CGRS006A1B/ Compatible With DMCFZ7 And DMCFZ30 Digital Cameras,,,141
A:24368,Abt,Panasonic Digital Camera Battery - CGAS007A1B,Panasonic Digital Camera Battery - CGAS007A1B/ Lithium Ion Type/ For Digital Camera DMCTZ1 And DMCTZ3,,,142
A:24386,Abt,Nikon Rechargeable Li-Ion Battery - Black Finish - 25334,"Nikon ENEL3E Rechargeable Li-Ion Battery - 25334/ Compatible D700, D200, D80, D300, D90 Nikon Digital Cameras",,,143
A:24402,Abt,KitchenAid 5-Speed Blender - Red Finish - KSB560ER,KitchenAid 5-Speed Blender - KSB560ER/ 56-Oz. Polycarbonate Pitcher/ .9 Horsepower Motor/ Intelli-Speed Controls/ Automatic Crush Ice Button/ Electronic Mixing Sensor/ Empire Red Finish,,,144
A:24493,Abt,Panasonic 2-Line Integrated Phone System - White Finish - KXTS3282W,Panasonic 2-Line Integrated Phone System - KXTS3282W/ Call Waiting Caller ID/ Speakerphone/ Call Restriction/ Intercom/ 3-Way Conferencing/ 3-Line LCD With Clock/ Programmable Tone/Pulse/ White Finish,,,145
A:24571,Abt,Panasonic 2 Line 5.8 GHz FHSS GigaRange Expandable Digital Cordless Answering System - Black Finish - KXTG6700B,Panasonic 2 Line 5.8 GHz FHSS GigaRange Expandable Digital Cordless Answering System - KXTG6700B/ Expandable Up To 8 Handsets Total/ 4-Line Backlit LCD On Handset/ Voice Enhancer Technology/ Handset Speakerphone/ Clarity Booster/ Room Monitor/ 60 Minutes Of Total Record Time/ Black Finish,,,146
A:24572,Abt,Panasonic 5.8GHz Add-On Handset For The KXTG6700B Phone System - Black Finish - KXTGA670B,Panasonic 5.8GHz Add-On Handset For The KXTG6700B 2 Line Phone System - KXTGA670B/ 5.8 GHz Digital Spread Spectrum Operation/ 3-Line Backlit LCD Display On Handset/ 50 Caller ID Memory/ Voice-Mail Message Waiting Indicator/ Black Finish,,,147
A:24615,Abt,Nikon 55-200MM Zoom-Nikkor Lens Accessory - 2156,Nikon 55-200MM Zoom-Nikkor Lens Accessory - 2156/ 3.6X Zoom/ 55 - 200MM/ Silent Wave Motor/ Two ED Glass Elements/ Focus Mode Switch,,$199.00,148
A:24648,Abt,Waring Professional Cool-Touch Deep Fryer - Black/Stainless Steel Finish - DF100,Waring Professional Cool-Touch Deep Fryer - DF100/ Large Frying Basket/ 60-Minute Timer/ Removable Control Panel/ Unique Heating Element/ Breakaway Cord/ LED Power Indicators,,$70.00,149
A:24693,Abt,Denon Fully Automatic Analog Turntable - DP300F,Denon Fully Automatic Analog Turntable - DP300F/ Removable Headshell/ Automatic Startup/ Built-In Phono Equalizer/ DC Servo Motor And Belt Drive System/ MM Cartridge,,$329.00,150
A:24789,Abt,Terk Mini Tuner Cartridge For XM Ready Home Products - CNP2000,Terk Mini Tuner Cartridge For XM Ready Home Products - CNP2000/ Connects To Any Home Or Portable Audio Product With The XM Ready Logo,,$29.00,151
A:24825,Abt,Panasonic Plain Paper Fax/Copier With Cordless Phone Answering System - Grey Finish - KXFG2451,Panasonic Plain Paper Fax/Copier With Cordless Phone Answering System - KXFG2451/ Automatic Fax/Phone Switching/ 2.4GHz GigaRange Cordless Handset With Handset Speakerphone/ Voice Enhancer Technology/ All-Digital Answering System (18 Min)/ Navigator Key With 2-Line Display,,$119.00,152
A:24921,Abt,Sony DSCH2 Soft Carrying Camera Case - Black Finish - LCSCSH,Sony DSCH2 Soft Carrying Black Camera Case - LCSCSH/ Polypropylene Construction/ Extra Compartments For Accessory Storage/ Can Hold Many Sony Or Other Manufacturers Digital Cameras/ Black Finish,,,153
A:24937,Abt,Omnimount Moda 2 Shelf Wall Furniture - MWFS,Omnimount Moda 2 Shelf Wall Furniture - MWFS/ Modular Design/ Integrated Cable Management/ Tempered Glass Shelves,,$299.00,154
A:25036,Abt,LEGO Star Wars II: The Original Trilogy Video Game For The Sony PSP - 023272329396,LEGO Star Wars II: The Original Trilogy Video Game For The Sony PSP - 023272329396/ Over 50 Of Your Favorite Characters In A Humorous And Unique LEGO Setting/ Build And Customize With A Galaxy Of New Features/ Rated E For Everyone +10,,,155
A:25111,Abt,Terk Mini Tuner Home Dock For XM Ready Home Products - Black Finish - CNP2000H,"Terk Mini Tuner Home Dock For XM Ready Home Products - CNP2000H/ Comes Complete With The Docking Station, Protective Cover And A Window Sill Mount Antenna/ Interfaces To Existing And Future XM Ready Products",,$30.00,156
A:25113,Abt,Denon 5-Disc CD Auto Changer - Black Finish - DCM290,Denon 5-Disc CD Auto Changer - DCM290/ CD-R/RW Playback/ Advanced Multilevel Noise Shaping DAC/ Digital Filter/ 3-Mode Random Playback/ Intelligent Disc Scan/ Music Calendar Display/ Black Finish,,$249.00,157
A:25136,Abt,Denon 5 Disc CD Player - Black Finish - DCM390,"Denon 5 Disc CD Player - DCM390/ CD-R/RW Playback/ MP3, WMA And HDCD Decoding/ Advanced Multilevel Noise Shaping DAC/ 8 Times Oversampling Digital Filter/ 3 Mode Random Playback/ Intelligent Disc Scan/ 20 Selection Music Calendar Display/ Black Finish",,$349.00,158
A:25167,Abt,Denon Progressive Scan Universal DVD Player - DVD2930CI,Denon Progressive Scan Universal DVD Player - DVD2930CI/ AC 120 Volts/ 60 Hertz/ 45 Watts/ Infrared Pulse Remote Control,,$849.00,159
A:25262,Abt,Netgear Prosafe 16 Port 10/100 Rackmount Switch - Black Finish - JFS516NA,"Netgear Prosafe 16 Port 10/100 Rackmount Switch - JFS516NA/ Sixteen Switched Ports Provide Private Bandwidth For PCs, Servers Or Hubs/ Store-And-Forward Packet Switching/ Compatible With All Major Network Software/ Auto Detects Speed And Duplex/ Black Finish",,$131.00,160
A:25291,Abt,Sirius Sportster 4 With Car Kit - SP4TK1,Sirius Sportster 4 With Car Kit - SP4TK1/ Replays 44 Minutes Of Content/ Large Easy-To-Read 6-Line Display/ 30 Channel Presets/ Game Alerts And Game Zone Features/ One Touch Jump,,,161
A:25318,Abt,Terk XM Outdoor Home Antenna - Grey Finish - XM6,"Terk XM Outdoor Home Antenna - XM6/ Universal Mounting Roof, Wall Or Mast/ For Use With Single-Input Receivers/ Connects RG6 Cable For Easy Routing Up To 100 Ft. (Optimal Disatnce 75 Ft.)",,$80.00,162
A:25364,Abt,Olympus Digital Camera Neoprene Soft Case - Black With Grey Finish - 202066,Olympus Digital Camera Neoprene Soft Case - 202066/ Compatible With FE Or Stylus Series Cameras,,,163
A:25388,Abt,Sanus 9' - 17' VisionMount Series Under Cabinet Flat Panel TV Silver Wall Mount - VMUC1S,Sanus 9' - 17' VisionMount Series Under Cabinet Flat Panel TV Silver Wall Mount - VMUC1S/ Tilting Motion/ Swivels Left And Right/ Universal Mounting Bracket/ Easy To Install/ Silver Finish,,$99.99,164
A:25413,Abt,Sony MiniDV Cleaning Cassette - DVM12CLD,Sony MiniDV Cleaning Cassette - DVM12CLD/ Play For 10 Seconds And It Cleans The Heads Of Your MiniDV Camcorder For Picture-Perfect Performance/ Designed For all MiniDV Camcorders And MiniDV VCRs,,,165
A:25532,Abt,GE Futura Indoor TV Antenna - Silver Finish - TV24746,GE Futura Indoor TV Antenna - TV24746/ Specially Designed To Receive Digital TV Signal/ 20dB Gain Amplification/ Noise Eliminator Circuitry Filter/ Designed To Mount Horizontally Or Vertically,,,166
A:25550,Abt,Sanus 15' To 40' Flat Panel Black TV Wall Mount - ML22B1,Sanus 15' To 40' Flat Panel Black TV Wall Mount - ML22B1/ Solid Heavy-Gauge Steel Construction/ Durable Powder-Coated Finish/ Fits Most Medium Flat Panel LCD TVs Up To 100 Lbs/ Black Finish,,,167
A:25670,Abt,Olympus Lithium Ion Rechargeable Battery - LI42B,"Olympus LI-42B Lithium Ion Rechargeable Battery - LI42B/ Compatible With Stylus 730, 7200SW, 770SE, 710, 740 And FE230",,,168
A:25732,Abt,Olympus Premium Slim Leather Case In Black - 202087,Olympus 202087-410 Premium Slim Leather Case In Black - 202087/ Slim Classic Leather Saddle Bag Design/ Magnetic Closure Clasp/ Leather Wrist Strap/ Interior Pocket/ Compatible With FE200 And FE230/ Black Finish,,,169
A:25749,Abt,Sanus 15' - 40' VisionMount Flat Panel TV Black Wall Mount - MT25B1,Sanus 15' - 40' VisionMount Flat Panel TV Black Wall Mount - MT25B1/ Solid Heavy-Gauge Steel Construction/ Durable Powder-Coated Finish/ Virtual Axis Tilt Adjustment System/ Up to 100 Lbs Support/ Black Finish,,$99.99,170
A:25776,Abt,Sony Lightweight Tripod - Black Finish - VCTR640,Sony Lightweight Tripod - VCTR640/ Adjustable Height And Three-Way Head Allow For Creative Camera Angles/ Quick-Release Head Allows You To Remove Your Camera Quickly And Easily/ Black Finish,,,171
A:25788,Abt,Nikon 70-300mm f/4.5-5.6G ED-IF AF-S VR Zoom-Nikkor Lens - 2161,Nikon 70-300mm f/4.5-5.6G ED-IF AF-S VR Zoom-Nikkor Lens In Black - 2161/ 4.3x Telephoto Zoom/ Vibration Reduction/ Two Extra-Low Dispersion Glass Elements/ Internal Focus/ Silent Wave Motor,,,172
A:25797,Abt,Garmin GPS Carrying Case - Black Finish - 0101070400,Garmin GPS Carrying Case - 0101070400/ Protect Your GPS By Absorbing The Impact From Routine Drops/ Prevent Damage From Scratches And Spills,,$30.00,173
A:25813,Abt,Tech Craft Avalon Series TV Stand - Black Finish - ABS32,Tech Craft Avalon Series TV Stand - ABS32/ 32' Wide 'Tall Boy' For Smaller Screen Flat Panels/ Molded Top Gives It An Elegant Appearance/ Framed Doors To Conceal Components/ Black Finish,,$249.00,174
A:25814,Abt,Tech Craft Avalon Series TV Stand - SWP48,Tech Craft Avalon Series TV Stand - SWP48/ 48' Wide Credenza For Flat Panel TVs And DLPs/ 260 Lbs TV Weight Capacity/ 50 Lbs Shelf Weight Capacity/ Wood Veneer Finish,,$299.00,175
A:25829,Abt,Sanus 15' - 40' VisionMount Flat Panel TV Black Wall Mount - MF110B,Sanus 15' - 40' VisionMount Flat Panel TV Black Wall Mount - MF110B/ Mounts Within 2.5' Of Wall/ Holds Up To 100 Lbs/ Powder Coated Black Finish,,$179.99,176
A:25855,Abt,Garmin Nuvi 360 010-10815-00 Black Replacement Vehicle Suction Cup Mount - 0101081500,Garmin Nuvi 360 010-10815-00 Black Replacement Vehicle Suction Cup Mount - 0101081500/ Compatible With The Nuvi 360/ It Is A Replacement/ Black Finish,,$39.00,177
A:25857,Abt,Garmin Nuvi 360 010-10723-06 Black 12 Volt Adapter Cable - 0101072306,Garmin Nuvi 360 010-10723-06 Black 12 Volt Adapter Cable - 0101072306/ Compatible With The Nuvi 350 And 360/ It Is A Replacement/ Black Finish,,$47.00,178
A:25858,Abt,Garmin Nuvi 660 010-10747-03 Black 12 Volt Adapter Cable - 0101074703,Garmin Nuvi 660 010-10747-03 Black 12 Volt Adapter Cable - 0101074703/ Compatible With The Nuvi 660/ Black Finish,,$39.00,179
A:25902,Abt,Lowepro Digital Camera Case In Black - REZO15BK,"Lowepro Rezo 15 Digital Camera Case In Black - REZO15BK/ Slim, Sleek Little Pouch/ Stretchy Side Gussets/ Pocket For Memory Card/ Adjustable Shoulder Strap/ Water-Resistant Microfiber",,,180
A:25905,Abt,Lowepro Digital Camera Case In Black - EDIT100BK,"Lowepro Edit 100 Digital Camera Case In Black - EDIT100BK/ Designed For Digital Cameras/ Includes Lots Of Accessory Pockets/ Soft, Lining, Padded Interior/ Adjustable Divider/ Water-Resistant Nylon And Microfiber",,,181
A:25950,Abt,Garmin 010-10702-00 Black GA 25MCX Remote GPS Antenna - 0101070200,Garmin 010-10702-00 Black GA 25MCX Remote GPS Antenna - 0101070200/ Built-In Magnetic Mount/ Includes A Cable Over 8 Feet Long And MCX Connector,,$30.00,182
A:25990,Abt,Frigidaire 24' PLD4375RFC Built-In Stainless Steel Dishwasher - PLD4375SS,Frigidaire 24' PLD4375RFC Built-In Stainless Steel Dishwasher - PLD4375SS/ Power Dry Drying System/ GraniteGrey Interior/ 5-Level Precision Direct Wash System/ Self-Cleaning Filter/ Smart Soil Sensor/ Stainless Steel Finish,,,183
A:26059,Abt,Garmin 010-10823-00 Black Nuvi 660 Vehicle Suction Cup Mount - 0101082300,Garmin 010-10823-00 Black Nuvi 660 Vehicle Suction Cup Mount - 0101082300/ Replacement Suction Cup Mount/ Compatible With Nuvi 660/ Black Finish,,$46.00,184
A:26082,Abt,Whirlpool WED6400SB Cabrio Super Capacity Plus Electric Black Dryer - WED6400SBK,Whirlpool WED6400SB Cabrio Super Capacity Plus Electric Black Dryer - WED6400SBK/ 7.0 Cu. Ft. Super Capacity Plus Drum/ AccelerCare Drying System/ 7 Automatic Cycles/ Wrinkle Shield Plus Feature/ 5 Temperature Selections/ 1/3 HP Motor/ Black Finish,,,185
A:26117,Abt,Universal MRF-350 RF Black Base Station - MRF350,"Universal MRF-350 RF Black Base Station - MRF350/ No More Pointing/ RF Addressable/ IR Routing/ Expand Operating Range Up To 100 Feet/ Compatible With MX-3000, TX-1000, MX-950 And MX-900 Only/ Black Finish",,$250.00,186
A:26137,Abt,Panasonic SR-NA18 White Deluxe Fuzzy Logic Rice Cooker - SRNA18,Panasonic SR-NA18 White Deluxe Fuzzy Logic Rice Cooker - SRNA18/ Compact Design/ Advanced Fuzzy Logic Technology/ 8 Menu Settings/ Non-Stick Coated Pan With Dimpled Bottom/ 24-Hour Clock/ 12-Hour Keep Warm Feature/ White Finish,,,187
A:26241,Abt,Whirlpool Cabrio WTW6400SW Top Loading White Washer - WTW6400SWH,Whirlpool Cabrio WTW6400SW Top Loading White Washer - WTW6400SWH/ 4.5 Cu. Ft. Capacity/ Direct Inject Wash System/ 6th Sense Technology/ Care Control Temperature Management/ Ultra Quiet Wash Noise Reduction/ Stainless Steel Wash Drum/ 10 Automatic Cycles/ Woolmark Certified Wool Cycle/ Automatic Water Level Settings/ White Finish,,,188
A:26310,Abt,Bose In-Ear Black Headphones - BOSEIE,"Bose In-Ear Black Headphones - BOSEIE/ Comfortable In-Ear Design/ TriPort Acoustic Headphone Structure/ S, M And L Removable Silicone Tips/ Carrying Case/ Black Finish",,$99.95,189
A:26346,Abt,Panasonic KX-TG4500B Black 5.8 GHz Cordless Phone System - KXTG4500B,Panasonic KX-TG4500B Black 5.8 GHz Cordless Phone System - KXTG4500B/ Frequency-Hopping Spread Spectrum Technology/ All-Digital Voice Mail System/ Handles Up To 4 Lines/ Tollsaver/ 2-Way Recording/ Black Finish,,,190
A:26350,Abt,Panasonic KX-TGA450B Black 5.8 GHz Cordless Handset - KXTGA450B,Panasonic KX-TGA450B Black 5.8 GHz Cordless Handset - KXTGA450B/ Frequency Hopping Digital Spread Spectrum Technology/ Answering System  With Compatible Base Unit/ Call Waiting Caller ID/ Join In/Privacy/ 2-Way Intercom/ Voice Scramble/ Black Finish,,,191
A:26444,Abt,Nyko PlayStation 3 Dual Charger AC - 743840830153,Nyko PlayStation 3 Dual Charger AC - 743840830153/ Charge 2 Wireless PS3 Controllers From A Standard Wall Outlet/ Collapsable Prongs For Easy Storage/ Charges Other Mini USB Devices,,$24.99,192
A:26445,Abt,Nyko PlayStation 3 ChargeLink USB Charging Cable - 743840830009,Nyko PlayStation 3 ChargeLink USB Charging Cable - 743840830009/ Charge And Play At The Same Time/ Unique Woven Cable Shielding Improves Cable Durability/ 10 Ft Cable,,$14.99,193
A:26461,Abt,Linksys Wireless-G VPN Broadband Silver Router - WRV54G,"Linksys Wireless-G VPN Broadband Silver Router - WRV54G/ Built-In VPN Endpoint Capability/ Securely Connect Up To 50 Remote Or Traveling Users To Your Office Network Via VPN/ Hotspot Ready With Subscriber Registration, Authorization And Authentication Functions/ Silver Finish",,$149.00,194
A:26525,Abt,Bose SL2 Wireless Black Surround Link - SL2WIRELESS,"Bose SL2 Wireless Black Surround Link - SL2WIRELESS/ Transmitter And Receiver Work On A Radio Frequency Signal Effective From Up To 30 Feet In The Same Room/ Compatible With All Lifestyle Systems, CD-Based Models And All 5.1-Channel Acoustimass Home Entertainment Systems/ Black Finish",,$249.00,195
A:26563,Abt,Sony Digital Photo Printer Paper 120 Pack - SVMF120P,Sony Digital Photo Printer Paper 120 Pack - SVMF120P/ 4' x 6' Print Paper With Snap-Off Edges/ Super Coat 2 Protective Lamination/ Water Damage And Fingerprint Resistant Prints/ 120 Sheets Of Paper And Print Ribbon/ For DPPF Series Digital Photo Printers Only,,$35.00,196
A:26615,Abt,Logitech Harmony 1000 Silver Touch Screen Remote Control - H1000,Logitech Harmony 1000 Silver Touch Screen Remote Control - H1000/ One-Touch Activity Controls/ Easy-To-Use 3.5' Touch Screen/ Rechargeable/ Computer-Based Set-Up/ Help Button/ Control Devices Without Line-Of-Sight (Up To 100 Feet),,,197
A:26617,Abt,Canon PGI-5BK Black Ink Tank Cartridge - PGI5BK,Canon PGI-5BK Black Ink Tank Cartridge - PGI5BK/ Smudge Resistant/ Resists Smearing Caused By Highlighters/ Smudge Resistant/ Pigment Ink Formulation For Long Lasting Prints,,$16.00,198
A:26622,Abt,Canon Charger And Rechargable AA Battery Kit - 1169B001,Canon Charger And Rechargable AA Battery Kit - 1169B001/ Charge Indicator Light/ 2500 mAh Capacity Rating/ Nickel Metal-Hydride Technology/ Black Finish,,,199
A:26695,Abt,Lowepro SlingShot 200 AW Digital Camera Back Pack - SLINGSHOT200AW,"Lowepro SlingShot 200 AW Digital Camera Back Pack - SLINGSHOT200AW/ Holds A SLR With Attached Compact Zoom Lens Plus 3-4 Extra Lenses Or Flash Unit/ Water-Resistant Micro Fiber/ Ripstop Nylon/ Includes A Built-In Memory Card Puch, Micro Fiber LCD Cloth And Two Organizer Pockets",,$89.95,200
A:26805,Abt,Tech Craft ABS48 Antique Black Avalon Series 48' TV Stand - ABS48,Tech Craft ABS48 Antique Black Avalon Series 48' TV Stand - ABS48/ For Flat Panels And DLP TV?s/ Molded Top And Shaped Skirt/ Framed Doors/ Antique Black Distressed Finish,,$299.00,201
A:26861,Abt,Sirius ST4-TK1 Starmate 4 Radio With Car Kit - ST4TK1,Sirius ST4-TK1 Starmate 4 Radio With Car Kit - ST4TK1/ SIRIUS Replay/ Universal Docking/ 30 Channel Presets/ GameAlert/ My GameZone Lists/ Wireless FM Transmitter,,,202
A:26891,Abt,Garmin 010-10723-03 Nuvi Suction Cup Mount - 0101072303,Garmin 010-10723-03 Nuvi Suction Cup Mount - 0101072303/ Replacement Suction Cup Mount/ Compatible With Garmin Nuvi 300/310/350/360 GPS System/ Black Finish,,$39.00,203
A:26929,Abt,Monster PS3 CV/FO-10 Playstation 3 GameLink Component Video And Fiber Optic Digital Audio AV Kit - PS3CVFO10,Monster PS3 CV/FO-10 Playstation 3 GameLink Component Video And Fiber Optic Digital Audio AV Kit - PS3CVFO10/ 24K Gold Contact Turbine Connectors/ Extra Low-Loss Optical Fiber/ Nitrogen Gas-Injected Dielectric Insulator,,,204
A:26930,Abt,Monster PS3 HDMI-2M Playstation 3 GameLink HDMI Digital Video/Audio Cable - PS3HDMI2M,Monster PS3 HDMI-2M Playstation 3 GameLink HDMI Digital Video/Audio Cable - PS3HDMI2M/ Duraflex Jacket/ All-In-One Digital AV Cable/ 24k Gold Contacts,,,205
A:27091,Abt,LG TROMM WM2688HNM 4.2 Cu. Ft. Navy Blue Front Load Allergiene SteamWasher - WM2688HNBL,LG TROMM WM2688HNM 4.2 Cu. Ft. Navy Blue Front Load Allergiene SteamWasher - WM2688HNBL/ 4.2 Cu. Ft. Capacity/ SteamWash System/ SteamFresh Cycle/ 9 Washing Programs/ 5 Temperature Levels/ RollerJets And Forced Water Circulation/ Sanitary Cycle With Added Steam Option/ White LED Tub Light/ Porcelain Top/ Navy Blue Finish,,,206
A:27103,Abt,LG WDP3N 14' Tall Navy Blue Pedestal With Drawer - WDP3BL,LG WDP3N 14' Tall Navy Blue Pedestal With Drawer - WDP3BL/ Doubles As A Great Place To Store Laundry Products/ Provides Easy Access To Front Loading Doors/ Minimizes Bending And Stooping At Doors/ Navy Blue Finish,,,207
A:27137,Abt,Nikon EN-EL9 Black Rechargeable Li-ion Battery - ENEL9,Nikon EN-EL9 Black Rechargeable Li-ion Battery - ENEL9/ Compatible With D40 And D60 Digital Camera/ Black Finish,,,208
A:27182,Abt,Logitech Harmony RF Wireless Extender - RFEXT,Logitech Harmony RF Wireless Extender - RFEXT/ Range Up To 100 Feet/ Designed For Use With The Logitech Harmony 1000 Or 890 Advanced Universal Remotes/ Black Finish,,,209
A:27186,Abt,Weber Stainless Steel Summit S-650 Liquid Propane Grill - 1780001,"Weber Stainless Steel Summit S-650 Liquid Propane Grill - 1780001/ 6 Stainless Steel Burners/ 60,000 BTU-Per-Hour Input/ 12,000 BTU-Per-Hour Input Side Burner/ 10,600 BTU-Per-Hour Rotisserie Burner/ 8,000 BTU-Per-Hour Input Smoker Burner/ Snap-Jet Individual Burner Ignition System/ 3/8-Inch Diameter Stainless Steel Rod Cooking Grates/ Stainless Steel Flavorizer Bars/ Stainless Steel Finish/ Liquid Propane Model (LP Tank Not Included)/ Assembly Required",,"$1,999.00",210
A:27188,Abt,Weber Stainless Steel Genesis S-310 Liquid Propane Grill - 3770001,"Weber Stainless Steel Genesis S-310 Liquid Propane Grill - 3770001/ 3 Stainless Steel Burners/ 42,000 BTU-Per-Hour Input/ Electronic Crossover Ignition System/ 7MM Diameter Stainless Steel Rod Cooking Grates/ Stainless Steel Flavorizer Bars/ Stainless Steel Finish/ Liquid Propane Model (LP Tank Not Included)/ Assembly Required",,$899.00,211
A:27194,Abt,Weber Stainless Steel Genesis S320 LP Grill - 3780001,"Weber 3780001 Stainless Steel Genesis S-320 Liquid Propane Grill - 3780001/ 3 Stainless Steel Burners/ 42,000 BTU-Per-Hour Input/ 12,000 BTU-Per-Hour Input Side Burner/ Electronic Crossover Ignition System/ 7MM Diameter Stainless Steel Rod Cooking Grates/ Stainless Steel Flavorizer Bars/ Stainless Steel Finish/ Liquid Propane Model (LP Tank Not Included)/ Assembly Required",,$949.00,212
A:27197,Abt,Weber Stainless Steel Genesis S320 Natural Gas Grill - 3880001,"Weber Stainless Steel Genesis S-320 Natural Gas Grill - 3880001/ 3 Stainless Steel Burners/ 42,000 BTU-Per-Hour Input/ 12,000 BTU-Per-Hour Input Side Burner/ Electronic Crossover Ignition System/ 7MM Diameter Stainless Steel Rod Cooking Grates/ Stainless Steel Flavorizer Bars/ Stainless Steel Finish/ Natural Gas Model/ Assembly Required",,$969.00,213
A:27248,Abt,Belkin F3H982-10 Pro Series High Integrity 10 Feet Monitor Cable - F3H98210,Belkin F3H982-10 Pro Series High Integrity 10 Feet Monitor Cable - F3H98210/ Recommended For Monitors 17' And Larger/ Designed To Support High Resolution Imaging And High Speed/ Double Shielding/ Gold Plated Copper Contacts,,,214
A:27364,Abt,Kenwood KCA-IP200 Black iPod Direct Cable - KCAIP200,Kenwood KCA-IP200 Black iPod Direct Cable - KCAIP200/ 2-Wire Cable For High Speed Control Of iPod With Compatible 2007 Kenwood Receivers/ Black Finish,,,215
A:27391,Abt,Kenwood KCA-IP300V iPod Video Direct Cable - KCAIP300V,"Kenwood KCA-IP300V iPod Video Direct Cable - KCAIP300V/ iPod Video Direct Cable For DNX7100, DDX7019 And KVT719DVD Indash Monitors",,$49.99,216
A:27407,Abt,Sony SCPH-98046 PlayStation 3 Blu-Ray DVD Remote Control - 711719804604,Sony SCPH-98046 PlayStation 3 Blu-Ray DVD Remote Control - 711719804604/ Full Access To The PlayStation 3 Systems Disc Features/ Can Be Used Without Having To Point Directly At The System,,$24.99,217
A:27479,Abt,Tripp-Lite PV375 PowerVerter 375-Watt Ultra-Compact Inverter - PV375,Tripp-Lite PV375 PowerVerter 375-Watt Ultra-Compact Inverter - PV375/ 12V DC Input/ 120V AC Output/ 2 Outlets/ 375 Watts Continuous Output/ 600 Watts Peak Output/ Convenient Cigarette Lighter Plug,,$49.00,218
A:27501,Abt,Sirius FMDA25 Wired FM Modulation Relay - FMDA25,Sirius FMDA25 Wired FM Modulation Relay - FMDA25/ 2 Ft FM Antenna Cable/ 19 Ft 4 In Mini-Jack Cable,,$20.00,219
A:27589,Abt,Frigidaire Professional 24' PLD4555RFC Built-In Stainless Steel Dishwasher - PLD4555SS,Frigidaire Professional 24' PLD4555RFC Built-In Stainless Steel Dishwasher - PLD4555SS/ GraniteGrey Interior/ iDry Intelligent SaharaDry System/ SilentDesign Sound Insulation Package/ 12 Easy Clean Electronic Touchpads Digital Display/ 5-Level Precision Direct Wash System With AquaSurge And Variable Washing Pressure/ Smart Soil Sensor/ Stainless Steel Finish,,,220
A:27719,Abt,LG DLG0452W White XL Capacity Gas Dryer - DLG0452WH,LG DLG0452W White XL Capacity Gas Dryer - DLG0452WH/ 7.3 Cu. Ft. Capacity/ 9 Drying Programs/ 5 Temperature Levels/ Precise Temperature Control With A Variable Heat Source/ Drying Rack/ Upfront Electronic Control With Dial-A-Cycle/ Large Chrome Rimmed Door With Clear Glass/ Porcelain Top/ White Finish,,,221
A:27729,Abt,LG WM0642HW 4.0 Cu Ft White Rear Control Washer - WM0642HWH,LG WM0642HW White Rear Control Washer - WM0642HWH/ 4.0 Cu. Ft. Capacity/ 7 Washing Programs/ 6 Temperature Levels/ RollerJets And Forced Water Circulation/ Upfront Electronic Control Panel With Dial-A-Cycle/ LoDecibel Quiet Operation/ SenseClean System/ White Finish,,,222
A:27739,Abt,Electrolux Oxygen 3 Canister HEPA H12 Filter - EL012A,Electrolux Oxygen 3 Canister HEPA H12 Filter - EL012A/ Retains 99.5% Of Dust And Other Irritants/ 1 Filter Per Package,,$19.99,223
A:27771,Abt,Fellowes Confetti Cut Shredder - W11C,Fellowes Confetti Cut Shredder - W11C/ Shreds Up To 11 Sheets Per Pass/ Safely Shreds Staples And Credit Cards/ 9' Paper Entry Accepts Any Standard Or Legal Size Document/ Safety Interlock Switch Automatically Powers Off When Shredder Head Is Lifted,,$79.00,224
A:27778,Abt,Sony LCS-CSJ Black Soft Carrying Case - LCSCSJ,"Sony LCS-CSJ Black Soft Carrying Case - LCSCSJ/ Compatible With S, W, T, And N Series Digital Cameras/ Durable Nylon Construction/ Convenient Front Pocket/ Black Finish",,,225
A:27779,Abt,Sony LCS-CSQ/B Black Soft Carrying Case - LCSCSQB,"Sony LCS-CSQ/B Black Soft Carrying Case - LCSCSQB/ Compatible With T, W And N Series Cameras/ Durable Nylon Construction/ Perfect For Travel/ Black Finish",,,226
A:27783,Abt,Sony VAIO VGP-PRSZ1 SZ Series Docking Station - VGPPRSZ1,"Sony VAIO VGP-PRSZ1 SZ Series Docking Station - VGPPRSZ1/ Compatible With SZ Series Notebooks/ Expand Connectivity To Your Notebook/ 3 USB 2.0, Gigabit Ethernet, VGA, DVI-D And DC In/ Black Finish",,$199.00,227
A:27789,Abt,Weber Genesis E-310 Liquid Propane Black Outdoor Grill - 3741001,"Weber Genesis E-310 Liquid Propane Black Outdoor Grill - 3741001/ 3 Stainless Steel Burners/ 42,000 BTU Per-Hour Input/ Electronic Crossover Ignition System/ Porcelain Enameled Cast Iron Cooking Grates/ 2 Stainless Steel Work Surfaces/ Center Mounted Thermometer/ Cast Aluminum End Caps/ Black Finish/ Liquid Propane Model (LP Tank Not Included)/ Assembly Required",,$699.00,228
A:27793,Abt,Weber Genesis S-310 Natural Gas Stainless Steel Outdoor Grill - 3870001,"Weber Genesis S-310 Natural Gas Stainless Steel Outdoor Grill - 3870001/ 3 Stainless Steel Burners/ 42,000 BTU-Per-Hour Input/ Electronic Crossover Ignition System/ Center Mounted Thermometer/ Cast Aluminum End Caps/ 2 Heavy Duty Front Locking Casters/ Stainless Steel Finish/ Assembly Required",,$919.00,229
A:27810,Abt,Sony Progressive Scan Black DVD Player - DVPNS57PB,Sony Progressive Scan Black DVD Player - DVPNS57PB/ Precision Drive 3 System/ MP3 Playback/ On Screen Display/ Dolby Digital Decoding/ Black Finish,,,230
A:27840,Abt,LG 14' Washer And Dryer Red Pedestal With Drawer - WDP3R,"LG 14' Washer And Dryer Red Pedestal With Drawer - WDP3R/ Each Drawer Has Storage For Laundry Bottles, Boxes And More/ Provides Easy Access To Front Loading Doors By Raising The Washer And Dryer By 14'/ Minimizes Bending And Stooping At Doors/ Red Finish",,,231
A:27853,Abt,LG Laundry Remote Monitor - RLM20K,LG Laundry Remote Monitor - RLM20K/ Makes It Easier To Keep Tabs On Your Laundry/ Communicates With The Machine To Display The Time Remaining In The Cycle,,,232
A:27857,Abt,Transcend 2GB Micro SD Memory Card - TS2GUSD,Transcend 2GB Micro SD Secure Digital Memory Card - TS2GUSD/ Good With Cell Phones And Mobile Devices/ Mechanical Write Protection Switch/ Uses microSD Adapter/ Compliant With Secure Digital Music Initiative,,,233
A:27920,Abt,DeLonghi Magnifica Super-Automatic Espresso/Coffee Machine - ESAM3300,DeLonghi Magnifica Super-Automatic Espresso/Coffee Machine - ESAM3300/ Stainless-Steel Removable Double Boiler/ Instant Reheat/ Removable Water Tank And Bean Container/ Integrated Burr Grinder/ Cappuccino System/ Cup Tray/ Silver Finish,,$799.95,234
A:27964,Abt,LG LRBP1031 White Bottom-Freezer Refrigerator - LRBP1031WH,LG LRBP1031W 10 Cu. Ft. White Bottom-Freezer Refrigerator - LRBP1031WH/ 2 Tempered Glass Shelves/ 3 See-Thru Freezer Drawers With Ice Trays/ 2 Vegetable Crispers/ Electronic Temperature Controls/ Multi-Air Flow Cooling/ Quick Freezing Drawer/ Door Open Alarm/ Energy Saving Vacation Mode,,,235
A:27965,Abt,LG Titanium Bottom-Freezer Refrigerator - LRBP1031TT,LG 10 Cu. Ft.Titanium Bottom-Freezer Refrigerator - LRBP1031TT/ 2 Tempered Glass Shelves/ 3 See-Thru Freezer Drawers With Ice Trays/ 2 Vegetable Crispers/ Electronic Temperature Controls/ Multi-Air Flow Cooling/ Quick Freezing Drawer/ Door Open Alarm/ Energy Saving Vacation Mode,,,236
A:27975,Abt,Belkin F3H982-25 Black 25 Ft Pro Series High Integrity VGA/SVGA Monitor Replacement Cable - F3H98225,Belkin F3H982-25 Black 25 Ft Pro Series High Integrity VGA/SVGA Monitor Replacement Cable - F3H98225/ Constructed Of 3 Coaxial And 5 Twisted Pair Cable/ Compatible With The PC/ Aluminum Undermold Shield/ Double Shielding/ Gold Plated Copper Contacts,,,237
A:27985,Abt,Yamaha Silver USB Powered Stereo Speaker - NXU10SIL,Yamaha NX-U10 Silver USB Powered Stereo Speaker - NXU10SIL/ 20 Watts Output Power/ PowerStorage Circuit/ SR-Bass (Swing Radiator Bass) Technology/ Magnetic Shielding/ Mac And Windows Compatible/ Silver Finish,,$180.00,238
A:28020,Abt,Canon FAX-JX200 Inkjet Fax Machine - FAXJX200,"Canon FAX-JX200 Inkjet Fax Machine - FAXJX200/ Automatic Document Feeder/ Produce B&W Copies With Clear, Sharp Text/ One-Touch Dialing/ Ultra-High Quality (UHQ) Image Processing Technology/ 600 x 600 Dpi Copy Resolution/ White Finish",,$78.00,239
A:28033,Abt,Sony MDR-NC22/BLK Black Noise Canceling Headphones - MDRNC22,Sony MDR-NC22/BLK Black Noise Canceling Headphones - MDRNC22/ 13.5mm Drivers EX Type For Improved Sound Quality/ Built-In Monitor Switch For Quick On/Off Operation/ Neodymium Magnet/ Up To 75% (12dB At 200 Hz) Ambient Noise Reduction/ Black Finish,,,240
A:28059,Abt,Sony LCS-TWA/R Red Soft Leather Carrying Case - LCSTWAR,Sony LCS-TWA/R Red Soft Leather Carrying Case - LCSTWAR/ Genuine Leather Construction/ Compatible With Cyber-Shot W And T Series Digital Cameras/ Integrated Belt Loop And Magnetic Closure/ Red Finish,,,241
A:28067,Abt,Pioneer CD-I200 iBus Interface Cable For iPod - CDI200,Pioneer CD-I200 iBus Interface Cable For iPod - CDI200/ Direct Connection For Your iPod/ Fast And Easy Control Of Your iPod/ Easy Connection To Compatible Pioneer Units/ Black Finish,,,242
A:28137,Abt,Sony InfoLithium H Series Standard Rechargeable Battery Pack - NPFH70,Sony InfoLithium H Series Standard Rechargeable Battery Pack - NPFH70/ Compatible With Most Handycam Camcorders/ Black Finish,,,243
A:28138,Abt,Sony NP-FH100 InfoLithium H Series Standard Rechargeable Battery Pack - NPFH100,Sony NP-FH100 InfoLithium H Series Standard Rechargeable Battery Pack - NPFH100/ Compatible With Most Handycam Camcorders/ Black Finish,,,244
A:28148,Abt,LG WM3431W All-In-One White Washer And Dryer Combo - WM3431WH,LG WM3431W All-In-One Front Load White Washer And Dryer Combo - WM3431WH/ 2.44 Cu. Ft. Capacity/ NeveRust Stainless Steel Drum/ 1400 RPM Maximum Spin Speed/ Ventless Condensing Drying System/ 9 Wash Programs/ 5 Rinse Temperatures/ LoDecibel Quiet Operation/ Upfront Electronic Controls With Dial-A-Cycle/ White Finish,,,245
A:28149,Abt,LG WM3431HS All-In-One Front Load Titanium Washer And Dryer Combo - WM3431TT,LG WM3431HS All-In-One Front Load Titanium Washer And Dryer Combo - WM3431TT/ 2.44 Cu. Ft. Capacity/ NeveRust Stainless Steel Drum/ 1400 RPM Maximum Spin Speed/ Ventless Condensing Drying System/ 9 Wash Programs/ 5 Rinse Temperatures/ LoDecibel Quiet Operation/ Upfront Electronic Controls With Dial-A-Cycle/ Titanium Finish,,,246
A:28175,Abt,Weber Genesis E-310 Natural Gas Black Outdoor Grill - 3841001,"Weber Genesis E-310 Natural Gas Black Outdoor Grill - 3841001/ 3 Stainless Steel Burners/ 42,000 BTU Per-Hour Input/ Electronic Crossover Ignition System/ Porcelain Enameled Cast Iron Cooking Grates/ 2 Stainless Steel Work Surfaces/ Center Mounted Thermometer/ Cast Aluminum End Caps/ Black Finish/ Assembly Required",,$719.00,247
A:28180,Abt,Microsoft Office Home And Student 2007 For Windows Vista - 79G00007,"Microsoft Office Home And Student 2007 For Windows Vista- 79G00007/ Included Excel 2007, OneNote 2007, PowerPoint 2007, Word 2007/ Results-Oriented User Interface/ SmartArt Diagramming And Enhanced Charting Capabilities/ Enhanced Reliability And Security Features/ Document Inspector",,,248
A:28190,Abt,Weber 3758301 Blue Genesis EP-320 LP Gas Grill - 3758301,"Weber 3758301 Blue Genesis EP-320 LP Gas Grill - 3758301/ 3 Seamless Stainless Steel Burners/ 42,000 BTU-Per-Hour Input/ Crossover Ignition System/ Stainless Steel Flavorizer Bars And Grates/ Cast Aluminum End Caps/ Centermounted Thermometer/ Blue Finish/ Liquid Propane Model (LP Tank Not Included)/ Assembly Required",,$749.00,249
A:28205,Abt,Panasonic KX-TG6702B 5.8 GHz FHSS GigaRange Expandable Black Cordless Phone System - KXTG6702B,Panasonic KX-TG6702B 5.8 GHz FHSS GigaRange Expandable Black Cordless Phone System - KXTG6702B/ All-Digital Answering System/ LCD Call Counter/ Speakerphone/ Navigator Key/ Up To 8 Handsets With Just One Phone Jack/ Line Status Indicator/ Voice Scramble/ Handset Locator/ Volume Control/ Black Finish,,$197.00,250
A:28225,Abt,Sony LCS-TWA/B Black Soft Leather Carrying Case - LCSTWAB,Sony LCS-TWA/B Black Soft Leather Carrying Case - LCSTWAB/ Genuine Leather Construction/ Compatible With Cyber-Shot W And T Series Digital Cameras/ Integrated Belt Loop And Magnetic Closure/ Black Finish,,,251
A:28256,Abt,Sony SLV-D380P Black DVD VHS Combo Player - SLVD380P,"Sony SLV-D380P Black DVD VHS Combo Player - SLVD380P/ Line Input Recording/ Component Output/ Progressive Output/ Multi-Brand TV Remote Control/ CD, MP3, And JPEG Playback/ 4-Head Hi-Fi Stereo/ Auto Head Cleaner/ Black Finish/ No Tuner",,,252
A:28272,Abt,Sony Black Cyber-Shot W Series Digital Camera Carrying Case - LCSCSL,Sony LCS-CSL Black Cyber-Shot W And S Series Digital Camera Carrying Case - LCSCSL/ Designed Exclusively For Your Cyber-Shot W And S Series Digital Camera/ Form-Fitting Design/ Leather Material/ Black Finish,,,253
A:28304,Abt,Fellowes MicroShred Shredder - MS450CS,"Fellowes MS-450CS MicroShred Shredder - MS450CS/ 4.5 Gallons Basket Capacity/ Can Shred Paper, CDs, Credit Cards, Staples, Paper Clips/ Motor Reverse/ Interlock Switch/ Safe Sense/ 7 Sheet Capacity",,$189.00,254
A:28340,Abt,Whirlpool White Front Load Washer - WFW9200SWH,Whirlpool Duet WFW9200SQ White Front Load Washer - WFW9200SWH/ 4.0 Cu. Ft. Capacity/ 6th Sense Technology/ Quiet Wash Plus Noise Reduction/ Built-In Water Heater/ Add-A-Garment Feature/ Sanitary Cycle/ 4 Temperature Selections/ White Finish,,,255
A:28350,Abt,Panasonic Silver Dect 6.0 Cordless Telephone - KXTG1033S,Panasonic KX-TG1033S Silver Dect 6.0 Cordless Telephone - KXTG1033S/ DECT 6.0 Technology/ Light Up Indicator/ 16-Minute All-Digital Answering System/ Silver Finish,,,256
A:28366,Abt,Sony Progressive Scan Silver DVD Player - DVPNS57PS,Sony DVP-NS57P Progressive Scan Silver DVD Player - DVPNS57PS/ Precision Drive 3 System/ MP3 Playback/ On Screen Display/ Dolby Digital Decoding/ Silver Finish,,,257
A:28397,Abt,GE Pre-Amplifier For Stereo Turntable - AV23292,"GE Pre-Amplifier For Stereo Turntable - AV23292/ Just Plug Your Turntable Into The GE Preamp And Easily Connect To Your Stereo, Receiver Or PC/ Silver Finish",,,258
A:28433,Abt,Sony MRW62E/S1/181 17-In-1 External USB Memory Card Reader - MRW62ES1181,Sony MRW62E/S1/181 17-In-1 External USB Memory Card Reader - MRW62ES1181/ Supports 17 Different Memory Card Formats/ Works With Macintosh And Windows Computers/ Easy Hi-Speed USB 2.0 Connection/ Black Finish,,$29.00,259
A:28500,Abt,Sony MS-A1GD 1GB Memory Stick Micro (M2) - MSA1GD,Sony MS-A1GD 1GB Memory Stick Micro (M2) - MSA1GD/ 1GB Storage Capacity With 900MB Available/ Minimum Write Speeds Of 15 Mbps On Memory Stick Micro Enabled Devices,,,260
A:28554,Abt,Olympus PS-BLS1 Lithium Ion Rechargeable Battery - LIIONPSBLS1,Olympus PS-BLS1 Lithium Ion Rechargeable Battery - LIIONPSBLS1/ Double Your Shooting Time With A Spare Battery For The Evolt E-410,,,261
A:28650,Abt,Griffin Elevator Brushed Aluminum Laptop Stand - 1093CURV2,Griffin Elevator Brushed Aluminum Laptop Stand - 1093CURV2/ Elevates Laptop Screen 5.5' While Providing Valuable Desktop Real Estate For Your Keyboard And Mouse/ Keeps Laptop Cool With 360 Degrees Of Air Circulation/ Compatible With Mac Or PC Laptop,,$39.00,262
A:28951,Abt,Escort Passport 9500I Radar And Laser Detector - 9500I,Escort Passport 9500I Radar And Laser Detector - 9500I/ 360-Degree Radar And Laser Detection/ Blistering All-Band Protection/ GPS-Powered Truelock Filter/ Immune To The VG-2 'Detector-Detector'/ Built-In Earphone Jack/ Red Display,,$449.95,263
A:28963,Abt,Sirius External Home Antenna - 14240,Sirius External Home Antenna - 14240/ Adjustable Design/ Durable UV-Coated Weather Resistant Construction/ Included Is A 30 Cable And Complete Mounting Hardware/ Compatible With Single Input SIRIUS Home Tuners And Plug & Play Receivers,,,264
A:28971,Abt,Altec Lansing inMotion iPod Portable Audio System - IM600USB,Altec Lansing inMotion iPod Portable Audio System - IM600USB/ Rechargeable Li-Ion Battery/ Full-Function Remote/ Superior Bass Enhancement Technology/ FM Radio/ SFX Stereo Field Expander/ Compact Design/ Input Jack,,,265
A:28978,Abt,Panasonic Stainless Steel Countertop Microwave Oven - NNSD377SS,Panasonic NNSD377S Stainless Steel Countertop Microwave Oven - NNSD377SS/ 0.8 Cu. Ft. Capacity/ 800 Watts Cooking Power/ 6 Levels Power Settings/ 5 Multi-Stage Cooking/ Quick Minute Feature/ 4 Digit Display Panel/ Popcorn Key/ Revolving Removable Turntable/ Stainless Steel Finish,,,266
A:28979,Abt,Panasonic Countertop Microwave Oven In Black - NNSN667BK,Panasonic NN-SN667B Countertop Microwave Oven In Black - NNSN667BK/ 1.2 Cubic Foot/ 1300 Watts High Power/ 10 Power Levels/ 5 Cooking Stages/ Quick Minute/ One-Touch Sensor Cooking/ Inverter Turbo Defrost/ Multi-Lingual Menu Action Screen/ Popcorn Key/ Black Finish,,$129.00,267
A:28980,Abt,Panasonic Stainless Steel Luxury Full Size Countertop Microwave Oven - NNSD967SS,Panasonic Stainless Steel Luxury Full Size Countertop Microwave Oven - NNSD967SS/ 2.2 Cu. Ft Capacity/ 1250 Watts Cooking Power/ 10 Power Levels/ 5 Cooking Stages/ Quick Minute Feature/ Easy-To-Use Pop-Out Dial/ One-Touch Sensor Cooking/ Inverter Turbo Defrost/ Popcorn Key/ Stainless Steel Finish,,,268
A:28981,Abt,Panasonic Countertop Microwave Oven In White - NNSN667WH,Panasonic NN-SN667W Countertop Microwave Oven In White - NNSN667WH/ 1.2 Cubic Foot/ 1300 Watts High Power/ 10 Power Levels/ 5 Cooking Stages/ Quick Minute/ One-Touch Sensor Cooking/ Inverter Turbo Defrost/ Multi-Lingual Menu Action Screen/ Popcorn Key/ White Finish,,$129.00,269
A:28982,Abt,Panasonic Countertop Microwave Oven In Stainless Steel - NNSD667SS,Panasonic NN-SD667S Countertop Microwave Oven In Stainless Steel - NNSD667SS/ 1.2 Cubic Foot/ 1250 Watts High Power/ 10 Power Levels/ 5 Cooking Stages/ Quick Minute/ Easy-To-Use Pop-Out Dial/ One-Touch Sensor Cooking/ Inverter Turbo Defrost/ Multi-Lingual Menu Action Screen/ Popcorn Key/ Stainless Steel Finish,,,270
A:29007,Abt,LG DLG2526W White Super Capacity Gas Dryer - DLG2526WH,LG DLG2526W White Super Capacity Gas Dryer - DLG2526WH/ 7.0 Cu. Ft. Capacity/ LoDecibel Quiet System/ 5 Drying Programs/ 5 Temperature Levels/ Upfront Electronic Control Panel With Dial-A-Cycle/ Sensor Dry System/ Transparent Glass Window Door/ White Finish,,,271
A:29008,Abt,LG WM2016CW 3.6 Cu Ft White Front Load Washer - WM2016CWH,LG WM2016CW 3.6 Cu Ft White Front Load Washer - WM2016CWH/ 3.6 Cu. Ft. Capacity/ Direct Drive Motor/ 1050 Rpm Maximum Spin/ SenseClean System/ 5 Washing Programs/ 5 Temperature Levels/ 4 Tray Detergent Dispenser/ LoDecibel Quiet Operation/ White Finish,,,272
A:29029,Abt,Canon 580EXII Speedlite In Black - 1946B002,Canon 580EXII Speedlite In Black - 1946B002/ Newly Designed To Match With The EOS-1D Mark III/ Approx. 20% Faster Recycling Time Compared To 580EX/ Black Finish,,,273
A:29032,Abt,Nikon COOLPIX Leather Camera Case In Black - 5811,Nikon COOLPIX Leather Camera Case In Black - 5811/ Compatible With Selected S Series COOLPIX Cameras/ Black Finish,,,274
A:29072,Abt,Alpine 2-DIN DVD/CD/MP3/WMA Receiver/AV Head Unit - IVAW205,"Alpine 2-DIN DVD/CD/MP3/WMA Receiver/AV Head Unit - IVAW205/ 6.5' Touchscreen Display/ 22 Watts RMS/50 Peak x 4 Channels/ Plays MP3/WMA/AACs On CD And DVD/ 24-Bit DAC Converter/ Steering Wheel Remote Control Ready/ Bluetooth, Satellite Radio And HD Radio Ready/ Full Speed Connection For iPod",,,275
A:29099,Abt,Olympus Silver Digital Voice Recorder - VN4100PC,Olympus Silver Digital Voice Recorder - VN4100PC/ 144 Hours 20 Minutes Recording Time/ PC Link/ File Management/ Timer Recording/ Four Recording Modes/ Voice Activation/ Silver Finish,,,276
A:29133,Abt,Samsung DLP TV Stand In Black - TR72BX,"Samsung DLP TV Stand In Black - TR72BX/ Designed To Fit Samsung HLT7288 HLT7288, HL72A650, and HL67A650 Television Sets/ Tempered 6mm Tinted Glass Shelves/ Wide Audio Storage Shelves To Accommodate 4 Or More Components/ Wire Management System/ Easy To Assemble/ High Gloss Black Finish",,$369.00,277
A:29228,Abt,Sony Black Active Speaker System - SRSA212BK,Sony Black Active Speaker System - SRSA212BK/ Designed For Your Portable Audio Or PC/ Built-In Mega Bass/ On/Off Switch With Volume Control/ Magnetically Shielded/ Black Finish,,$29.00,278
A:29231,Abt,Panasonic Expandable Digital Cordless DECT 6.0 Answering System In Silver - KXTG1034S,Panasonic Expandable Digital Cordless DECT 6.0 Answering System In Silver - KXTG1034S/ 4 Handsets/ Extended Talk Time/ Reduced Interference/ All-Digital Answering System/ Up To 17 Hours Of Talk Time/ Expandable Up To 6 Handsets/ Up To 3-Way Conference Capability/ Built-In Clock With Alarm/ Digital Speakerphone On Handset/ Silver Finish,,,279
A:29238,Abt,Panasonic Expandable Digital Cordless DECT 6.0 Handset In Silver - KXTGA101S,Panasonic Expandable Digital Cordless DECT 6.0 Handset In Silver - KXTGA101S/ Expansion Handset And Charger Select 1000 Series Phone Systems/ Big Buttons/ Built-In Clock With Alarm/ Silver Finish,,$39.00,280
A:29272,Abt,Tech Craft Dark Cherry Veneto Series TV Stand - SWP60,Tech Craft Dark Cherry Veneto Series TV Stand - SWP60/ 60' Wide Credenza For Flat Panel TV?s And DLP?s/ Center Channel Compartment And Storage/ 260 Lbs TV Capacity/ 50 Lbs Shelf Capacity/ Dark Cherry Wood Veneer Finish,,$399.00,281
A:29273,Abt,Kensington MicroSaver Keyed Notebook Lock - 64068F,Kensington MicroSaver Keyed Notebook Lock - 64068F/ Steel Composite Cable With Carbon Tempered Steel Core/ Built-In Defense System/ T-Bar Lock/ Easy To Install,,,282
A:29304,Abt,Haier 13' Silver Tube TV - HTR13,Haier 13' Silver Tube TV - HTR13/ Built-In Atsc/Ntsc Tuner/ Video Noise Reduction/ Multi Picture Modes/ Multilingual Display/ Digital Comb Filter/ Component Video Input/ Front AV Jacks/ Silver Finish,,$124.00,283
A:29338,Abt,Sony Memory Stick USB Adaptor - MSACUS40,Sony Memory Stick USB Adaptor - MSACUS40/ Quickly Transfer Image And Data To A PC/ Transfer Speed Up To 80Mbps/ Compatible With All Memory Stick Media,,$29.00,284
A:29339,Abt,Panasonic Silver Rice Cooker/Warmer - SRTMB10,Panasonic Silver Rice Cooker/Warmer - SRTMB10/ 6 Menu Settings/ Non-Stick Coated Pan/ 13-Hour Preset Timer/ 12-Hour Keep Warm Setting/ Automatic Rewinding Cord Reel/ Steaming Basket/ Silver Finish,,,285
A:29392,Abt,Audiovox 9' LCD Drop Down TV With Built-In DVD - VE927,"Audiovox 9' LCD Drop Down TV With Built-In DVD - VE927/ 16:9 Aspect Ratio/ ATSC/NTSC Tuner/ AM/FM Clock Radio/ Stereo Speakers/ Cooking Timer/ Plays DVD, CD, CDR, CDRW Disc/ Remote Control",,,286
A:29464,Abt,Sony Clip-On Black Headphones - MDRQ68LW,Sony Clip-On Black Headphones - MDRQ68LW/ Lightweight And Thin Body For Stable Fitting/ Retractable Silent Cord/ 3.3 Ft. Cord/ Gold Plated Mini-Plug/ Black Finish,,$29.00,287
A:29493,Abt,Netgear ProSafe 24-Port Smart Switch - GS724TP,Netgear ProSafe 24-Port Smart Switch - GS724TP/ 24 10/100/1000 Ports That Support 802.3af PoE/ 2 Combo Gigabit Copper/SFP Slots/ Web-Based Configuration/ Password Access Control/ Purple Finish,,$780.00,288
A:29574,Abt,Panasonic NNSD767S Stainless Steel Countertop Microwave Oven - NNSD767SS,Panasonic NNSD767S Stainless Steel Countertop Microwave Oven - NNSD767SS/ 1.6 Cu. Ft. Capacity/ 1250W Output Power/ 10 Power Levels/ 5 Cooking Stages/ One-Touch Sensor Cooking Or Heating/ Timer/ Stainless Steel Finish,,,289
A:29612,Abt,Sharp Over The Counter White Microwave Oven - R1211WH,Sharp Over The Counter White Microwave Oven - R1211WH/ 1.5 Cu. Ft. Capacity/ 1100 Watts/ 19 Automatic Settings/ 2-Color Lighted LCD/ Smart And Easy Sensor Settings/ Auto-Touch Control Panel/ White Finish,,$269.00,290
A:29677,Abt,Monster iFreePlay Cordless Headphones For iPod Shuffle - AISHHPHONE,"Monster iFreePlay Cordless Headphones For iPod Shuffle - AISHHPHONE/ Wrap-Around Design With No Need For Clips, Armbands Or Pockets/ Easy Access To All iPod Shuffle Controls/ Folds For Compact Storage/ Black With Silver Finish",,$48.00,291
A:29758,Abt,Canon Black Ink Cartridge - PG50,Canon Black Ink Cartridge - PG50/ Pigment Ink Formulation For Long Lasting Prints/ Resists Smearing Caused By Highlighters/ Smudge Resistant/ Ink Remaining Notification Technology/ Crisp Laser Text-Quality Text/ Black Ink,,$29.00,292
A:29806,Abt,Panasonic White Integrated Telephone System - KXTS600W,Panasonic White Integrated Telephone System - KXTS600W/ Speakerphone/ One-Touch Dialer/ 3-Line LCD/ Data Port/ Wall Mountable/ White Finish,,,293
A:29816,Abt,Sony HD Radio Add On Tuner - XT100HD,Sony HD Radio Add On Tuner - XT100HD/ High-Fidelity FM/AM Digital Radio With HD Radio Technology/ Compatible With Most 2005 Headunits And Later That Are SAT Radio Ready/ Built-In Sony Bus Connectivity/ Black Finish,,,294
A:29820,Abt,Linksys Wireless N Access Point - WAP4400N,Linksys Wireless N Access Point - WAP4400N/ Full Backwards Compatibility For 802.11B And 802.11G/ Easy Installation And Configuration/ Gigabit Ethernet LAN Interface/ Supports Power over Ethernet/ WMM Wireless QoS Support,,,295
A:29823,Abt,LG DLE2516W White Super Capacity Electric Dryer - DLE2516WH,LG DLE2516W White Super Capacity Electric Dryer - DLE2516WH/ 7.0 Cu. Ft. Capacity/ LoDecibel Quiet System/ 5 Drying Programs/ 5 Temperature Levels/ Upfront Electronic Control Panel With Dial-A-Cycle/ Drum Light/ Transparent Glass Window Door/ White Finish,,,296
A:29825,Abt,LG DLE3733W White XL Capacity Electric Dryer - DLE3733WH,LG DLE3733W White XL Capacity Electric Dryer - DLE3733WH/ 7.3 Cu. Ft. Capacity/ LoDecibel Quiet System/ 7 Drying Programs/ 5 Temperature Levels/ Upfront Electronic Control Panel With Dial-A-Cycle/ Drum Light/ Transparent Door Glass/ White Finish,,,297
A:29827,Abt,LG Pearl Gray XL Capacity Electric Dryer - DLE5955G,LG Pearl Gray XL Capacity Electric Dryer - DLE5955G/ 7.3 Cu. Ft. Capacity/ 9 Drying Programs/ 5 Temperature Levels/ Precise Temperature Control With Variable Heat Source/ FlowSense Duct Clogging Indicator/ Upfront Electronic Control Panel With Dual LED Display And Dial-A-Cycle/ LoDecibel Quiet Operation/ Pearl Gray Finish,,,298
A:29829,Abt,LG DLE5955W White XL Capacity Electric Dryer - DLE5955WH,LG DLE5955W White XL Capacity Electric Dryer - DLE5955WH/ 7.3 Cu. Ft. Capacity/ 9 Drying Programs/ 5 Temperature Levels/ Precise Temperature Control With Variable Heat Source/ FlowSense Duct Clogging Indicator/ Upfront Electronic Control Panel With Dual LED Display And Dial-A-Cycle/ LoDecibel Quiet Operation/ White Finish,,,299
A:29861,Abt,LG LSC21943ST Stainless Steel Side By Side Refrigerator - LSC21943SS,LG LSC21943ST Stainless Steel Side By Side Refrigerator - LSC21943SS/ 21.0 Cu. Ft. Capacity/ Digital LED Display/ SmoothTouch External Digital Temperature Controls/ 8 Digital Sensors/ OptiChill Drawer With 3 Temperature Settings/ IcePlus Accelerated Freezing Function/ Door Alarm/ LoDecibel Quiet Operation/ BioShield Anti-Bacterial Seal/ Stainless Steel Finish,,,300
A:29865,Abt,LG WM2233W 4.0 Cu Ft White Front Load Washer - WM2233WH,LG WM2233W 4.0 Cu Ft White Front Load Washer - WM2233WH/ 4.0 Cu. Ft. Capacity/ SenseClean System/ Water Heater/ 7 Washing Programs/ 5 Temperature Levels/ 4 Tray Detergent Dispenser/ Sanitary Cycle/ 1100 RPM Maximum Spin/ White Finish,,,301
A:29866,Abt,LG WM2455HG 4.2 Cu Ft Pearl Gray Front Load Washer - WM2455G,LG WM2455HG 4.2 Cu Ft Pearl Gray Front Load Washer - WM2455G/ 4.2 Cu. Ft. Capacity/ Direct Drive Motor/ 1200 RPM Powerful Spin/ SenseClean System/ 9 Washing Programs/ 5 Temperature Levels/ Load Size Sensing Indicator/ RollerJets/ Sanitary Cycle/ Upfront Electronic Control Panel With Dual LED And Dial-A-Cycle/ Pearl Gray Finish,,,302
A:29880,Abt,Haier 20' ATSC Color Tube Television - HTR20,Haier 20' ATSC Color Tube Television - HTR20/ Video Noise Reduction/ Multi Picture Modes/ Multilingual Display/ Digital Comb Filter/ Component Video Input/ Front AV Jacks,,,303
A:29892,Abt,Maytag MED5900TW White Electric Dryer - MED5900TWH,Maytag MED5900TW White Electric Dryer - MED5900TWH/ 7.0 Cu. Ft. Capacity/ GentleBreeze Drying System/ Multiple Drying Temperatures/ IntelliDry Sensor/ 9 Drying Cycles/ 7 Temperature Settings/ 120-Minute Wrinkle Prevent Option/ 360 Degree Front and Rear Heat Seal/ Metallic Console Styling/ Die-Cast Metallic Control Knob/ White Finish,,,304
A:29902,Abt,TiVo HD Digital Video Recorder (180 Hour) - TCD652160,"TiVo HD Digital Video Recorder - TCD652160/ Search, Record And Watch Shows In HD/ Record Up To 20 Hours In HD (Or 180 Hours In Standard Definition)/ Record Two Shows At Once In HD/ Replaces Your Cable Box And Works With Over-The-Air Antenna/ USB Connectivity/ Remote Control/ Netflix Instant Streaming/ TiVo Service Required And Sold Separately",,,305
A:29906,Abt,Audiovox Xpress XM Satellite Radio Receiver Home Kit - XMH10A,Audiovox Xpress XM Satellite Radio Receiver Home Kit - XMH10A/ Table Top Docking Station/ AC/DC Power Adapter/ RCA Audio Cables/ Weather Resistant Window Sill Antenna,,,306
A:29933,Abt,Audiovox Xpress XM Satellite Radio FM Direct Adapter - XMFM1,Audiovox Xpress XM Satellite Radio FM Direct Adapter - XMFM1/ Switches Between FM Radio Antenna And Your XM Satellite Radio Receiver,,$25.00,307
A:29950,Abt,Panasonic NNSD797S Stainless Steel Countertop Microwave Oven - NNSD797SS,Panasonic NNSD797S Stainless Steel Countertop Microwave Oven - NNSD797SS/ 1.6 Cu. Ft. Capacity/ 1250W Output Power/ 10 Power Levels/ 5 Cooking Stages/ One-Touch Sensor Cooking Or Heating/ Timer/ Stainless Steel Finish,,$199.00,308
A:30058,Abt,Electrolux Pronto 2 In 1 Lightweight Upright Vacuum - EL1000B,Electrolux Pronto 2 In 1 Lightweight Upright Vacuum - EL1000B/ Built In Hand Vacuum/ Cyclonic Dust Cup/ Crevice Tool/ Two Power Settings/ Brush Roll Indicator Light/ Easy-Empty Dust Cup/ Charging Station,,,309
A:30093,Abt,Sony Black DVDirect MC5 Multi-Function DVD Recorder - VRDMC5,"Sony Black DVDirect MC5 Multi-Function DVD Recorder - VRDMC5/ Built-In Slots For Memory Cards/ Can Connect Camcorders, VCR or DVD Players/ Black Finish",,,310
A:30134,Abt,Apple Mac Mini 1.83GHz Intel Core 2 Duo Computer - MB138LLA,Apple Mac Mini 1.83GHz Intel Core 2 Duo Computer - MB138LLA/ 1.83GHz Intel Core 2 Duo/ 1GB Memory/ 80GB Hard Drive/ 24x Combo Drive/ Built-In Speakers/ Four USB 2.0 Ports And One FireWire 400 Port/ Mac OS X v10.5 Leopard,,$599.00,311
A:30158,Abt,LaCie 1TB FireWire 800/FireWire 400/USB 2.0 External Hard Drive - 301199U,LaCie 1TB FireWire 800/FireWire 400/USB 2.0 External Hard Drive - 301199U/ Triple Interface For Universal Connectivity On PC/Mac/ Built-In RAID 0 For Extreme FireWire 800 Speed/ 7200 Rotational Speed (rpm)/ Thermo-Regulated Progressive Quiet Fan,,,312
A:30159,Abt,Alpine CD/MP3/WMA/AAC Receiver - CDA9887,Alpine CD/MP3/WMA/AAC Receiver - CDA9887/ 50W x 4 High Power Amplifier/ 24-Bit DAC/ Detachable Face Plate/ Bluetooth Ready/ Rotary Encoder Knob/ 2 Line Biolite Display/ Steering Wheel Control Ready/ IMPRINT Technology/ Full Speed Connection For iPod/ iPhone Compatible,,,313
A:30196,Abt,Denon 7.1 Channel Home Theater MultiMedia A/V Receiver With Networking And WiFi - AVR4308CI,Denon 7.1 Channel Home Theater MultiMedia AV Receiver With Networking And WiFi In Black - AVR4308CI/ 140 Watts x 7 Channels/ Wi-Fi And Network Capable/ Worlds First Vista Certified Receiver/ HD Radio And XM Ready Tuning/ Dolby TrueHD And DTS-HD Master Audio/ DDSC-HD Digital Dynamic Discrete Surround Circuitry/ Expanded HDMI v1.3a Ports/ Dual Remotes/ Black Finish,,"$2,699.00",314
A:30197,Abt,Denon 7.1 Channel Home Theater MultiMedia A/V Receiver With Networking In Black - AVR3808CI,Denon 7.1 Channel Home Theater MultiMedia AV Receiver With Networking In Black - AVR3808CI/ 130 Watts x 7 Channels/ Fully Assignable Channels For Bi-Amping/ Rear Panel RS-232C And Ethernet Ports/ Network Capable/ XM Ready Tuning/ Dolby TrueHD And DTS-HD Master Audio/ Expanded HDMI v1.3a Ports/ Dual Remotes/ Black Finish,,"$1,699.99",315
A:30203,Abt,Denon X-Space Surround Bar Home Theatre System In Black - DHTFS3,"Denon X-Space Surround Bar Home Theatre System In Black - DHTFS3/ 22 Watts x 5 (6 Ohms)/ Supports All Audio Formats (Dolby Digital, DTS, Dolby Pro Logic II)/ Slim Design/ Includes Dolby Headphones/ Included Subwoofer Features One-Touch Connection/ Remote Control/ Black Finish",,"$1,199.00",316
A:30206,Abt,OmniMount CMK White Wall Cable Management Kit - CMKMINI,OmniMount CMK White Wall Cable Management Kit - CMKMINI/ Organize And Hide Cables And Wires/ Able To Cut And Paint To Match Any Wall/ White Finish,,,317
A:30219,Abt,Apple Wireless Mighty Mouse - MB111LLA,Apple Wireless Mighty Mouse - MB111LLA/ Bluetooth Technology/ Laser Tracking Engine/ 360-Degree Innovative Scroll Ball And Button/ Touch-Sensitive Top Shell/ Force-Sensing Side Buttons/ Customizable/ White Finish,,$69.00,318
A:30338,Abt,Yamaha Black Digital Sound Projector - YSP4000BK,"Yamaha Black Digital Sound Projector - YSP4000BK/ 120W Total Power (2W x 40 + 20W x 2)/ Neural Surround/ SRS TruBass/ IntelliBeam/ 42 Speakers In One Box/ Cinema DSP Digital/ Compressed Music Enhancer/ High-Definition Video Upscaling To 720p/1080i/ Digital Amplifier/ HDMI/ Dolby Digital, Dolby Pro Logic II, DTS, DTS Neo:6 Compatibility/ Black Finish",,,319
A:30343,Abt,Sony PSP 2000 Playstation Portable Gaming System Core 98510 In Piano Black - 711719851004,"Sony PSP 2000 Playstation Portable Gaming System Core 98510 In Piano Black - 711719851004/ Play Games, Watch Movies On UMD Discs, And Listen To Music All In One Device/ 4.3' LCD Screen (16:9)/ 480 x 272 Pixel/ Wi-Fi (IEEE 802.11b) For Wireless Networking With Other PSP Owners/ Memory Stick PRO Duo/ 333MHz System Clock Frequency/ Piano Black Finish",,$185.00,320
A:30355,Abt,Yamaha Mounting Installation Bracket - SPMK30,"Yamaha Mounting Installation Bracket - SPMK30/ Hanging Bracket Keeps Your YSP-4000, YSP-3000, YSP-900 And YSP-800 Digital Sound Projector In Place/ Black Finish",,,321
A:30389,Abt,Apple Mini-DVI To DVI Adapter - M9321GB,"Apple Mini-DVI To DVI Adapter - M9321GB/ Compatible With iMac (Intel Core Duo), MacBook And 12' PowerBook G4/ Connects To An External DVI Monitor Or Projector/ White Finish",,$19.00,322
A:30436,Abt,Olympus DS40 Digital Voice Recorder - DS40R,Olympus DS40 Digital Voice Recorder - DS40R/ 136 Hours 15 Minutes Recording Time In LP Mode/ High-Sensitivity Detachable Stereo Microphone/ Voice Guidance/ Three Modes Of Microphone Sensitivity/ Built-In Variable Control Voice Actuator (VCVA) Function/ Up To 32 Hours Of Continuous Operation,,$149.00,323
A:30453,Abt,Bose Lifestyle 48 Series IV 43479 Home Entertainment System - LS48IVWH,Bose Lifestyle 48 Series IV Home Entertainment System - LS48IVWH/ ADAPTiQ Audio Calibration System/ Acoustimass Module/ Jewel Cube Speakers/ Direct/Reflecting Speaker Technology/ VS-2 Video Enhancer/ Proprietary Videostage 5 Decoding Circuitry/ Digital 5.1 Decoding/ Control Integration/ White Finish,,"$3,999.00",324
A:30457,Abt,Sony Black DVD Recorder And VHS Combo Player - RDRVXD655,Sony Black DVD Recorder And VHS Combo Player - RDRVXD655/ Multiformat DVD Compatible/ HDMI Output And 720p/1080i Upscaling/ HDTV Tuner/ 4 Video Head Stereo VHS With 19 Micron Heads/ Variable Bit Rate Recording (7 Speeds)/ Progressive Scan Playback/ Dolby Digital And DTS Decoding Playback Compatible/ TV Virtual Surround/ Black Finish,,$319.00,325
A:30533,Abt,Apple 1GB Silver iPod Shuffle - MB225LLA,Apple 1GB Silver 2nd Generation iPod Shuffle - MB225LLA/ Holds Up To 240 Songs/ 12 Hours Of Continuous Playback/ Skip-Free Playback/ Battery Indicator/ Shuffle Switch/ Built-In Clip/ Mac And Windows Compatible/ MB226LLA/ Silver Finish,,$49.00,326
A:30575,Abt,GE 24' GSD2400NWW White Built-In Dishwasher - GSD2400WH,GE 24' GSD2400NWW White Built-In Dishwasher - GSD2400WH/ 4-Level PowerScrub Wash System/ HotStart Option/ Piranha Hard Food Disposer/ Heated Dry Option/ Self-Cleaning Filter System/ White Finish,,$259.00,327
A:30585,Abt,Panasonic Expandable Digital Cordless DECT 6.0 Phone System - KXTG1032S,Panasonic Expandable Digital Cordless DECT 6.0 Phone System - KXTG1032S/ Up To 17 Hours Of Talk Time/ Expandable Up To 6 Handsets/ Up To 3-Way Conference Capability/ Light-Up Indicator With Ringer/Message Alert/ Backlit LCD On Handset/ Digital Speakerphone/ 16-Minute All-Digital Answering System/ Silver Finish,,$69.00,328
A:30590,Abt,Panasonic 2 Line Integrated Corded Phone System - KXTSC14B,Panasonic 2 Line Integrated Corded Phone System - KXTSC14B/ 3-Line LCD Display/ Automatic Line Selection/ Call Waiting Caller ID/ 3-Way Conferencing/ Speakerphone/ Navigator Key/ Black Finish,,$74.00,329
A:30591,Abt,Audiovox XpressEZ XM Satellite Radio Receiver - XMCK5P,Audiovox XpressEZ XM Satellite Radio Receiver - XMCK5P/ 10 Programmable Channels/ Universal Connector/ 3-Line Screen Display/ Plug & Play Dock/ Black Finish,,$69.99,330
A:30593,Abt,Audiovox XpressR XM Satellite Radio Receiver - XMCK20P,Audiovox XpressR XM Satellite Radio Receiver - XMCK20P/ 6 Line Display/ Split Screen For Up To 5 Channels Simultaneously/ Customizable Sports Ticker Feature/ GameSelect And TuneSelect Features/ Universal Connector/ Pause And Replay/ Plug & Play Dock/ Sleep Mode/ Black Finish,,,331
A:30594,Abt,Audiovox Commander MT XM Satellite Radio Receiver - XMRVRFM002,"Audiovox Commander MT XM Satellite Radio Receiver - XMRVRFM002, Dual Line Display/ TuneSelect Feature/ Universal Connector/ Scan And Jump Features/ Full Function Remote/ Black Finish",,,332
A:30602,Abt,Panasonic Integrated Black Telephone System With All-Digital Answering System - KXTS620B,Panasonic Integrated Black Telephone System With All-Digital Answering System - KXTS620B/ 2-Way Recording/ Call Waiting Caller ID/ Speakerphone/ 3-Line LCD/ Data Port/ Ringer Indicator Lamp/ Programmable Tone/Pulse/ Wall Mountable/ Black Finish,,,333
A:30603,Abt,Panasonic Integrated White Telephone System With All-Digital Answering System - KXTS620W,Panasonic Integrated White Telephone System With All-Digital Answering System - KXTS620W/ 2-Way Recording/ Call Waiting Caller ID/ Speakerphone/ 3-Line LCD/ Data Port/ Ringer Indicator Lamp/ Programmable Tone/Pulse/ Wall Mountable/ White Finish,,$69.00,334
A:30680,Abt,Sony Home Entertainment Server In Black - HESV1000,"Sony Home Entertainment Server In Black - HESV1000/ 200 BD/DVD/CD Changer With Full HD 1080P Video Output/ 500GB Hard-Drive/ Store Up To 137 Hours Of Video, 2000 Music Albums, Or 20,000 Photos/ XMB (XrossMediaBar) Menu/ BRAVIA Theatre Sync (HDMI-CEC)/ AVC-HD With x.v.Color Output/ Dolby Digital And dts 5.1 Channel Output/ x-Pict Story HD And x-ScrapBook Photo Slide Show Applications/ Remote Control/ Black Finish",,,335
A:30708,Abt,Uniden DECT 6.0 Cordless Digital Answering System - DECT20802,Uniden DECT 6.0 Cordless Digital Answering System - DECT20802/ DECT 6.0 Interference Free Cordless Frequency/ Maximum Voice Security/ Wireless Network Friendly/ Expandable/ Conference Call/ Caller ID/Call Waiting/ Up To 16 Hours Talk Time,,,336
A:30734,Abt,Tech Craft Veneto Series Black TV Stand - ABS60BK,Tech Craft Veneto Series Black TV Stand - ABS60BK/ Supports Up To A 60' Flat Panel TV/ Molded Top Gives It An Elegant Appearance/ Framed Doors To Conceal Components/ 200 Lbs Top Shelf Capacity/ Black Finish,,$399.00,337
A:30808,Abt,Panasonic 2GB SD Memory Card - SDV02GU1A,Panasonic 2GB SD Memory Card - SDV02GU1A/ Class 6 Performance/ Pro High Speed Series/ Up To 20MB Per Second/ Yellow Finish,,,338
A:30841,Abt,Skagen Premium Steel Slimline Mesh Womens Watch - 233XSGG,Skagen Premium Steel Slimline Mesh Womens Watch - 233XSGG/ Stainless Steel Mesh Band/ Elegant Round Case/ Mother-Of-Pearl Dial/ Chrome Indicators,,$110.00,339
A:30867,Abt,Seiko Quartz Le Grand Sport Womens Watch - SXDA04,Seiko Quartz Le Grand Sport Womens Watch - SXDA04/ Cabochon Crown/ Sapphire Crystal/ 50 Meters Water Resistant,,,340
A:30939,Abt,Canon Color Image Silver Scanner - 8800F,Canon Color Image Silver Scanner - 8800F/ Resolution Of Up To 4800 x 9600 Color Dpi/ Enhance Old Photos/ Auto-Image Fix/ USB 2.0 Interface/ Multi-Image Scanning/ Windows And Mac Compatible/ Silver Finish,,$199.00,341
A:30951,Abt,Canon EOS 40D Digital SLR Camera In Black - EOS40DBODY,"Canon EOS 40D Digital SLR Camera In Black - EOS40DBODY/ Body Only/ 10.1 Megapixel CMOS Sensor/ DIGIC III Image Processor/ Auto Pop-Up, Retractable, Built-In Flash/ 3.0' TFT Color Liquid-Crystal Monitor/ AF System With 9 Cross-Type Sensors/ Black Finish/ Lens Sold Separately",,,342
A:30955,Abt,Sony Black LocationFree Base Station - LFV30,Sony Black LocationFree Base Station - LFV30/ Watch TV Wherever You Are/ Compatible With PC Or PSP System/ Programmable On-Screen Home Remote/ Stream Outside Your Home/ User-Friendly/ Black Finish,,$199.00,343
A:30957,Abt,Linksys Wireless-G Broadband Router - WRT54GL,Linksys Wireless-G Broadband Router - WRT54GL/ All-In-One Internet-Sharing Router/ 4-Port Switch/ Push Button Setup Feature/ TKIP And AES Encryption/ Wireless MAC Address Filtering/ Powerful SPI Firewall/ 54Mbps Wireless-G (802.11g) Access Point,,$79.00,344
A:30962,Abt,Canon EOS 40D Digital SLR Camera And 28-135MM Lens - EOS40D28135,"Canon EOS 40D Digital SLR Camera And 28-135MM Lens - EOS40D28135/ 10.1 Megapixel CMOS Sensor/ DIGIC III Image Processor/ Auto Pop-Up, Retractable, Built-In Flash/ 3.0' TFT Color Liquid-Crystal Monitor/ AF System With 9 Cross-Type Sensors/ Includes 28-135MM Lens/ 1901B017 / Black Finish",,,345
A:31014,Abt,Universal RF Base Station - MRF260,"Universal RF Base Station - MRF260/ Extends The Reception Range Up To 100 Feet Away Through Walls, Floors, Doors, Indoors Or Outdoors/ Programmed To Operate Equipment At Up To 15 Locations/ Black Finish",,$149.00,346
A:31020,Abt,Sony HD-Handycam 1.5 Meters (5 Feet) HDMI Mini Cable - VMC15MHD,Sony HD-Handycam 1.5 Meters (5 Feet) HDMI Mini Cable - VMC15MHD/ Gold Plating Plug/ HDMI-Compliant High Speed Category 2 Cable/ Support Full HD 1080p/ Digital Audio Transfer/ 1.5 Meters(5 Feet)/ Black Finish,,,347
A:31030,Abt,Canon PIXMA Multifunction Printer - MX310,"Canon PIXMA Multifunction Printer - MX310/ Up To 4800 x 1200 Color DPI Resolution/ Microscopic 2-Picoliter Sized Ink Droplets/ Built-In Auto-Image Fix/ Quick Start/ Smart Copying/ Copies, Scans, Faxes And Prints Documents/ Prints Photos",,,348
A:31032,Abt,Chestnut Hill Sound George iPod Music System In White - CHS4001,Chestnut Hill Sound George iPod Music System In White - CHS4001/ Playback System For The iPod/ Full Feature Wireless Remote/ Charging Stand Kit/ Bandless AM/FM Radio/ Easy Set Alarm/ Detachable Front Panel/ White Finish/ iPod Sold Separately,,$499.00,349
A:31176,Abt,Sony White Cybershot T Series Digital Camera Jacket Case With Stylus - LCJTHCW,Sony White Cybershot T Series Digital Camera Jacket Case With Stylus - LCJTHCW/ For 2007 Cybershot T Series Camera/ Stylus Included/ Custom-Fitted/ White Finish,,,350
A:31273,Abt,Sony Universal Remote Commander Remote Control - RMV310,Sony Universal Remote Commander Remote Control - RMV310/ Controls Up To 7 AV Components/ Compatible With Most Of Major Brands/ Comfortable Ergonomic Design/ Silver Finish,,,351
A:31284,Abt,Omnimount 42' - 63' Wishbone Cantilever Extra Large Flat Panel TV Silver Wall Mount - UCLXB,Omnimount 42' - 63' Wishbone Cantilever Extra Large Flat Panel TV Silver Wall Mount - UCLXB/ Double Stud Mounting/ Dual Arm Cantilever Mount/ Lift n Lock For Easy Installation/ Integrated Cable Management/ Supports Up To 200 Lbs,,,352
A:31332,Abt,Sony Universal Remote Control - RMEZ4,Sony Universal Remote Control - RMEZ4/ Easy-To-Use Simplified Functions/ Controls TV And Cable Box/ Compatible With Most Of Major Brands/ Large Buttons For Easy Operation/ 3-Minute Memory Backup/ Comfortable Ergonomic Design/ Silver Finish,,$16.00,353
A:31337,Abt,Sirius SiriusConnect Home Tuner - SCH1,Sirius SiriusConnect Home Tuner - SCH1/ Compact Size/ Analog And Digital Audio Outputs/ Display Indicators/ Connects To Any Sirius-Ready Home Audio Component,,$49.00,354
A:31373,Abt,Frigidaire GLD4355RFB Gallery SpeedClean 24' Black Dishwasher - GLD4355BK,Frigidaire GLD4355RFB Gallery SpeedClean 24' Black Dishwasher - GLD4355BK/ 5-Level Precision Direct Wash System/ Variable Washing Pressure/ Power Dry Drying System/ GraniteGrey Interior/ Stainless Steel Food Disposer And Self Cleaning Filter/ 12 Easy Clean Electronic Touchpads With Digital Display/ Smart Soil Sensor/ UltraQuiet Plus Sound Insulation Package/ Black Finish,,,355
A:31374,Abt,Frigidaire GLD4355RFS Gallery SpeedClean 24' White Dishwasher - GLD4355WH,Frigidaire GLD4355RFS Gallery SpeedClean 24' White Dishwasher - GLD4355WH/ 5-Level Precision Direct Wash System/ Variable Washing Pressure/ Power Dry Drying System/ GraniteGrey Interior/ Stainless Steel Food Disposer And Self Cleaning Filter/ 12 Easy Clean Electronic Touchpads With Digital Display/ Smart Soil Sensor/ UltraQuiet Plus Sound Insulation Package/ White Finish,,,356
A:31392,Abt,Speck Black ToughSkin iPod Classic Case - ICBLKTS,Speck Black ToughSkin iPod Classic Case - ICBLKTS/ Rubberized Corners Provide Extra Protection/ Removable Belt Clip/ Made From Strong Tear Resistant Material/ Fits 80GB/160GB iPod Classic/ Black Finish,,,357
A:31397,Abt,Garmin Replacement USB Cable - 0101072301,"Garmin Replacement USB Cable - 0101072301/ Link PC To The Car GPS System/ Transfer And Download Created Routes, Maps From PC To GPS/ Black Finish",,,358
A:31414,Abt,Sanus 15' - 32' Flat Panel TV Black Wall Mount - MF209B1,Sanus 15' - 32' Flat Panel TV Black Wall Mount - MF209B1 - MF209B1/ Supports Up To 60 lbs/ Easy To Install/ Virtual Axis 3D Tilting System/ Black Finish,,$96.00,359
A:31596,Abt,Nikon VR 55-200MM Zoom-Nikkor Lens Accessory - 2166,Nikon VR 55-200MM Zoom-Nikkor Lens Accessory - 2166/ 3.6X Zoom/ 55 - 200MM/ Vibration Reduction/ Silent Wave Motor For Quiet Autofocusing/ ED Glass Element,,,360
A:31635,Abt,Yamaha High Performance Subwoofer In Black - YSTFSW150BK,Yamaha High Performance Subwoofer In Black - YSTFSW150BK/ 130 Watts Dynamic Power/ Advanced YST II (Yamaha Active Servo Technology)/ Linear Port/ Powerful 6.5? Multi-Range Driver/ Magnetically Shielded/ 30 -150 Hz Low Frequency Response/ Down-Firing Active Design/ Best Matching For Front Surround Systems And Micro Component Systems/ Black Finish,,$279.00,361
A:31813,Abt,Kenwood Sirius Radio Translator For In-Dash Head Units - KCASR50,Kenwood Sirius Radio Translator For In-Dash Head Units - KCASR50/ Provides Full Control Of The SIRIUS Radio/ Displays Text On The Stereo And Supplies Power To The Satellite Radio,,$60.00,362
A:31830,Abt,Canon PIXMA MX700 Multifunction Printer - MX700C,"Canon PIXMA MX700 Multifunction Printer - MX700C/ Advanced 5 In 1 Printer, Scanner, Copier, Fax Machine/ High Resolution Up To 4800 x 1200 Color Prints/ 2 Way Paper Feed/ Auto-Image Fix/ Quick Start/ Memory Card Slot/ Grey And Black Finish",,,363
A:31836,Abt,Sony Lithium-Ion Rechargeable Battery Pack - NPFD1,"Sony Lithium-Ion Rechargeable Battery Pack - NPFD1/ InfoLITHIUM Long-Lasting Lithium-Ion Battery/ Compatilble With Sony Cyber-Shot DSCT2 Series, DSC-T70 Series, And DSC-T200 Series",,,364
A:31881,Abt,Linksys Wireless-G PrintServer - WPSM54G,"Linksys Wireless-G PrintServer - WPSM54G/ Share A Multifunction Printer With Everyone On Your Network (Works With Most USB Printers)/ Allows Full Access To Printing, Faxing, Scanning And Copying Functions/ Connects Your Printer Directly To The Network By 10/100 Wired Ethernet Or 54Mbps Wireless-G",,$99.00,365
A:31887,Abt,Delonghi Coffee Maker In Black - DCF212T,Delonghi Coffee Maker In Black - DCF212T/ Complete Frontal Access/ 12 Cup Capacity/ 24 Hour Programmable Digital Timer/ Pause And Serve Function/ Permanent Long Lasting Gold - Tone Filter/ Black Finish,,,366
A:31924,Abt,Sirius STILETTO 2 Portable Satellite Radio - SL2PK1,Sirius STILETTO 2 Portable Satellite Radio - SL2PK1/ SIRIUS Replay Controls/ Record Up To 100 Hours/ Stores Up To 10 Hours Of Individual Songs/ 2GB Internal Memory/ Personalized Sports Ticker/ SRS TruBass And 3D Focus Technologies/ WiFi/ Black Finish,,,367
A:31954,Abt,Sirius STILETTO 2 Home Docking Kit - SLH2,Sirius STILETTO 2 Home Docking Kit - SLH2/ Stereo Audio Output Connects With Home Audio System Or Speakers/ Headphone Jack/ PC Sync/ Compatible With Stiletto 2 Radios/ Charges Stiletto 2 While Docked/ Black Finish,,$49.00,368
A:31956,Abt,Sirius Sportster 5 Dock And Play Radio With Car Kit - SP5TK1,Sirius Sportster 5 Dock And Play Radio With Car Kit - SP5TK1/ Simple Navigation/ Vivid Multi-Color Display/ SIRIUS Replay Allows Replay Up To 60 Min./ 30 Presets/ FM Preset Function/ One-Touch Jump Button/ Rotary Tuning Knob/ Parental Controls/ Personalized Sports Ticker/ Black Finish,,,369
A:31970,Abt,Nikon D300 Digital SLR Digital Camera - D300BODY,"Nikon D300 Digital SLR Digital Camera - D300BODY/ 12.3 Megapixel DX-Format CMOS Sensor/ 3' Super Density 920,000-dot VGA Color Monitor/ Continuous Shooting Up To 6 Frames Per Second/ Fast Accurate 51-Point Autofocus With 3D Focus Tracking/ Scene Recognition System (SRS)/ Dynamic Integrated Dust Reduction System/ Two LiveView Shooting Modes/ Picture Control Settings/ Rugged Magnesium-Alloy Construction/ Black Finish/ Body Only",,,370
A:31992,Abt,Transcend 4GB Secure Digital High-Capacity (SDHC) Class 6 Memory Card - TS4GSDHC6,Transcend 4GB Secure Digital High-Capacity (SDHC) Class 6 Memory Card - TS4GSDHC6/ Fully Compatible With SD 2.0 Standards/ Compatible With All SDHC-Labeled Host Devices/ Plug-And-Play Operation/ Built-In Error Correcting Code/ Mechanical Write-Protection Switch,,,371
A:32005,Abt,Panasonic Outdoor Network Camera - BBHCM331A,Panasonic Outdoor Network Camera - BBHCM331A/ Two-Way Voice Communication/ CCD Sensor For Enhanced Image Expression/ 10x Digital Zoom/ 23 Preset Parameters/ Control The Camera Remotely/ Record Directly Onto SD Cards/ Silver Finish,,,372
A:32017,Abt,Microsoft Office Standard 2007 - 02107746,"Microsoft Office Standard 2007 - 02107746/ Create Documents Faster, More Easily And More Intuitively/ Automatic Document Recovery Tool/ Document Inspector/ Online Tutorials With Step-By-Step Instructions/ Compatible With Windows Vista, Windows XP SP2 And Windows Server 2003 SP1",,$399.00,373
A:32022,Abt,Sony Bluetooth Adaptor/Portable Transmitter - TMRBT10,Sony Bluetooth Adaptor/Portable Transmitter - TMRBT10/ Listen Up To 11 Hours Of Music/ Transmit Audio Wirelessly From Digital Music Player To Compatible Devices/ Bluetooth Technology/ Gold-Plated Plug/ Rechargeable,,,374
A:32027,Abt,Panasonic 27' Stainless Steel Microwave Trim Kit - TK903SS,Panasonic NNTK903S 27' Stainless Steel Microwave Trim Kit - TK903SS/ Give The Microwave Oven A Custom-Finish Look/ Made For The Panasonic NN-C994S Microwave Oven/ Includes All The Necessary Assembly Pieces And Hardware/ Stainless Steel Finish,,,375
A:32033,Abt,Jabra Black Bluetooth Headset - BT5010,Jabra Black Bluetooth Headset - BT5010/ Up To 10 Hours Of Talk Time And 300 Hours Of Stand-By/ Wind-Noise Reduction Technology/ Vibrating And Visual Alerts/ Colored LED Indicator/ Up To 33-Foot Wireless Range/ Black Finish,,$79.00,376
A:32034,Abt,Kensington Orbit Optical Trackball Mouse - 64327,Kensington Orbit Optical Trackball Mouse - 64327/ DiamondEye Optical Technology For Precise Tracking And Cursor Control/ USB And PS/2 Connectivity For Greater Compatibility/ Windows And Mac Compatible/ Metallic Silver And Black Finish,,$38.00,377
A:32054,Abt,Haier 13' TV/DVD Combo - TCR13,Haier 13' TV/DVD Combo - TCR13/ Integrated ATSC/NTSC - QAM Tuner/ 480I Resolutions/ Digital Comb Filter/ Video Noise Reduction/ Trilingual On-Screen Display/ Full Function Remote/ V-Chip Parental Control/ Silver Finish,,,378
A:32055,Abt,Twenty20 VholdR Wearable Camcorder Bundle - 1102,Twenty20 VholdR Wearable Camcorder Bundle - 1102/ CMOS Sensor/ Shoots Action Video And Shares Directly To VholdR.Com/ Captures Your Experiences In Real Time/ Processes Your Video With A Fineline Compression Algorithm/ Stores The Video In A High Quality Format To Its Own Memory Card/ Two Hour Capacity Lithium Battery/ Included USB Cable And 1GB Micro SD Card,,,379
A:32059,Abt,Unreal Tournament III Video Game For The Sony PS3 - UNREALPS3,Unreal Tournament III Video Game For The Sony PS3 - UNREALPS3/ Vast Arsenal Of Weapons/ New Single Player Campaign/ New And Favorite Characters/ Enhanced Popular Game Types/ Online Innovations/ Rated M For Mature,,,380
A:32112,Abt,Sirius Stiletto 2 Vehicle Kit - SLV2,Sirius Stiletto 2 Vehicle Kit - SLV2/ Designed For Use With The Sirius Stiletto 2/ Get Direct One-Touch Access To Traffic And Weather/ Built-In FM Transmitter To Play Satellite Radio Through Your Cars Audio System,,$49.00,381
A:32150,Abt,Denon Networked Audio System With Built-In iPod Dock - S32,Denon Networked Audio System With Built-In iPod Dock - S32/ Stream Music Wirelessly/ Buit-In Dock For iPod On Top/ Ability To Decode MP3 And WMA Formats/ High Contrast Graphic LCD/ Multi-Task Jog Wheel On Top/ Built-In Speakers/ Clock With 2 Alarms With Auto Clock Set & Adjust Via Internet/ FM/AM Radio/ WiFi Certified/ Remote Control/ Black Finish,,$499.00,382
A:32187,Abt,Motorola Portable Bluetooth Car Kit Speaker Phone - T305,Motorola Portable Bluetooth Car Kit Speaker Phone - T305/ 2.0 Bluetooth Wireless Technology/ Noise Cancellation Technology/ Loud Sound High Speaker Output/ Convenient Multi-Function Button/ Up To 14 Hours Of Talk Time And 14 Days Of Standby Time/ Mini-USB Connector/ Black Finish,,$69.00,383
A:32193,Abt,Sony HD-Handycam 3 Meters (10 Feet) HDMI Mini Cable - VMC30MHD,Sony HD-Handycam 3 Meters (10 Feet) HDMI Mini Cable - VMC30MHD/ Gold Plating Plug/ HDMI-Compliant High Speed Category 2 Cable/ Support Full HD 1080p/ Digital Audio Transfer/ 3 Meters(10 Feet)/ Black Finish,,$69.00,384
A:32226,Abt,LG DLEX7177RM Cherry Red XL Capacity Electric SteamDryer - DLEX7177RD,LG DLEX7177RM Cherry Red XL Capacity Electric SteamDryer - DLEX7177RD/ 7.3 Cu. Ft. Capacity/ Intelligent Electronic Controls With Dual LED Display And Dial-A-Cycle/ Dual Humidity Sensors/ Precise Temperature Control With A Variable Heater/ 4 Way Venting/ Drum Light/ Cherry Red Finish,,,385
A:32228,Abt,LG DLEX8377NM Navy Blue XL Capacity Electric SteamDryer - DLEX8377BLUE,LG DLEX8377NM Navy Blue XL Capacity Electric SteamDryer - DLEX8377BLUE/ 7.3 Cu. Ft. Capacity/ Intelligent Electronic Controls With Dual LED Display And Dial-A-Cycle/ Dual Humidity Sensors/ Precise Temperature Control With A Variable Heater/ 4 Way Venting/ Drum Light/ Navy Blue Finish,,,386
A:32279,Abt,LG DLEX7177WM White XL Capacity Electric SteamDryer - DLEX7177WH,LG DLEX7177WM White XL Capacity Electric SteamDryer - DLEX7177WH/ 7.3 Cu. Ft. Capacity/ Intelligent Electronic Controls With Dual LED Display And Dial-A-Cycle/ Dual Humidity Sensors/ Precise Temperature Control With A Variable Heater/ 4 Way Venting/ Drum Light/ White Finish,,,387
A:32280,Abt,LG DLEX8377WM White XL Capacity Electric SteamDryer - DLEX8377WH,LG DLEX8377WM White XL Capacity Electric SteamDryer - DLEX8377WH/ 7.3 Cu. Ft. Capacity/ Intelligent Electronic Controls With Dual LED Display And Dial-A-Cycle/ Dual Humidity Sensors/ Precise Temperature Control With A Variable Heater/ 4 Way Venting/ Drum Light/ White Finish,,,388
A:32314,Abt,Altec Lansing Orbit-MP3 Portable Audio System - IM207,Altec Lansing Orbit-MP3 Portable Audio System - IM207/ Fusion360 Technology/ Plays For Up To 24 Hours On 3 AAA Batteries/ Shock-Resistant/ Personal Configuration,,,389
A:32315,Abt,Uniden Dect 6.0 Accessory Handset  And Charging Cradle - DCX200,Uniden Dect 6.0 Accessory Handset And Charging Cradle - DCX200/ Caller ID/Call Waiting/ DECT 6.0 Interference Free Cordless Frequency/ Handset Speakerphone/ Intercom Or Call Transfer Between Handsets/ 30 Number Caller ID Memory/ Clock Display,,,390
A:32322,Abt,Fellowes Personal Powershred Shredder - SB97CS,"Fellowes Personal Powershred Shredder - SB97CS/ Shreds CDs, Paper Clips, Credit Cards, Staples/ Cross-Cut/ 17 Sheet Capacity/ Auto Start/Stop/ 10 Gallon Basket Capacity/ Silver Finish",,,391
A:32323,Abt,Canon Easy Photo Pack - 1335B001,Canon Easy Photo Pack - 1335B001/ Combines Ink And Paper Into One Cartridge/ Dye-Sublimination Technology,,,392
A:32340,Abt,Klipsch Black Wireless iPod Speaker - ROOMGROOVE,Klipsch Black Wireless iPod Speaker - ROOMGROOVE/ Wirelessly Sends CD-Quality Music To/From Other RoomGrooves/ Retractable Dock Charges iPods With 30-Pin Connectors/ Horn-Loaded Technology For Precise High Tones/ Dual High-Output Woofers Deliver Room-Filling Bass/ Black Finish,,$299.00,393
A:32358,Abt,Alpine CD-R/-RW/MP3/AAC/WMA Receiver - CDA9886,Alpine CD-R/-RW/MP3/AAC/WMA Receiver - CDA9886/ 18W RMS/50W MAX x 4/ BioLite High-Definition Display/ Blue Illumination/ 24-Bit DSP With Integrated DAC And 8x Oversampling/ Rotary Encoder Volume Control/ 3 Preouts (4 Volts)/ Bluetooth Ready With AV Profile/ Ai-NET Bus System,,,394
A:32384,Abt,Logitech QuickCam Communicate STX - 961464,Logitech QuickCam Communicate STX - 961464/ 640 x 480 Video Capture/ 1.3 Megapixel Still Image Capture/ Built-In Microphone With RightSound Technology/ 30 Frames Per Second/ Adjustable Base Fits Any Monitor Or Notebook/ USB 2.0 Certified,,$49.00,395
A:32395,Abt,LG WM3988HWA 4.2 Cu Ft White Full Size SteamWasher And Dryer Combo - WM3988WH,LG WM3988HWA 4.2 Cu Ft White Full Size SteamWasher And Dryer Combo - WM3988WH/ 4.2 Cu. Ft. Capacity/ Electronic Control Panel With Dial-A-Cycle/ Direct Drive/ SenseClean System/ RollerJets And Forced Water Circulation/ Sanitary Cycle/ LoDecibel Quiet System/ Transparent Glass Window Door/ White Finish,,,396
A:32405,Abt,Transcend JetFlash V10 8GB USB Flash Drive - TS8GJFV10,Transcend JetFlash V10 8GB USB Flash Drive - TS8GJFV10/ Hi-Speed USB 2.0/ Capless Sliding Design Protects The Connector/ Easy Plug And Play Installation/ AES Encryption/ DataBackup Function/ Keychain Hook And Neck Strap/ Black Finish,,,397
A:32416,Abt,GE Amplified Quantum Antenna - TV24775,"GE Amplified Quantum Antenna - TV24775/ Receives, Filters And Amplifies Signals For Improved Performance/ Amplified For Maximum Strength/ Receives Standard VHF/UHF Signals/ 3 Panel Design For One Time Positioning",,,398
A:32431,Abt,Peerless 42' - 71'  Articulating Flat Panel TV Silver Dual Wall Arm Mount - PLAV70UNLPS,Peerless 42' - 71'  Articulating Flat Panel TV Silver Dual Wall Arm Mount - PLAV70UNLPS/ Anti-Lockout Feature Prevents Joint Binding/ Vertical Adjustment/ Snap-Cover Cord Management And Mesh Cord Sheaths/ 200 Lbs Load Capacity/ Silver Finish,,,399
A:32488,Abt,Panasonic Black Expandable Digital Cordless Dect 6.0 Phone System - KXTG8232B,Panasonic Black Expandable Digital Cordless Dect 6.0 Phone System - KXTG8232B/ Large 1.5' Color LCD/ Extended Talk Time/ Reduced Interference/ Hearing Aid Compatibility/ All-Digital Answering System/ 2 Handsets/ Piano Black Finish,,,400
A:32493,Abt,Sirius Plug And Play Universal Home Kit - SUPH1,Sirius Plug And Play Universal Home Kit - SUPH1/ Compatible With All Of The Newest SIRIUS Plug & Play Radios/ Stereo Audio Output For Use Your Home Audio System Or Powered Speakers/ Sleek Compact Design/ High Gloss Black Finish,,$49.00,401
A:32512,Abt,Logitech Blue V470 Cordless Laser Mouse For Notebooks - 910000298,Logitech Blue V470 Cordless Laser Mouse For Notebooks - 910000298/ Laser Precision/ Side-To-Side Scrolling Plus Zoom/ Bluetooth Wireless Technology/ Protective Pouch/ Battery Life Indicator/ Blue Finish,,,402
A:32546,Abt,Belkin Hi-Speed USB 2.0 7-Port Hub - F5U237APLS,Belkin Hi-Speed USB 2.0 7-Port Hub - F5U237APLS/ Transfers Data Up To 480Mbps/ Installs Easily With Plug-And-Play Convenience/ Works Seamlessly With All USB 1.1 And USB 2.0 Devices/ Over-Current Detection And Safety/ Mac And PC Compatible/ Silver Finish,,$49.00,403
A:32560,Abt,Sony Mylo White Personal Communicator - COM2WHITE,Sony Mylo White Personal Communicator - COM2WHITE/ 3.5' WVGA LCD Touch Screen/ 1.3 Megapixel Camera/ Voice Calling With Skype/ IEEE 802.11b/g Wireless LAN/ Music And Video Player/ Memory Stick Duo/PRO Duo Expansion Slot/ 1GB Internal Memory/ Built-In Microphone/ White Finish,,,404
A:32561,Abt,Sony Mylo Black Personal Communicator - COM2BLACK,Sony Mylo Black Personal Communicator - COM2BLACK/ 3.5' WVGA LCD Touch Screen/ 1.3 Megapixel Camera/ Voice Calling With Skype/ IEEE 802.11b/g Wireless LAN/ Music And Video Player/ Memory Stick Duo/PRO Duo Expansion Slot/ 1GB Internal Memory/ Built-In Microphone/ Black Finish,,,405
A:32563,Abt,LaCie 500GB USB 2.0 External Hard Drive - 301302U,LaCie 500GB USB 2.0 External Hard Drive - 301302U/ Up to 480Mbits/s (60MB/s) Interface Transfer Rate/ Smart Fanless Cooling System For Quiet Operation/ Blue LED For Ambient Underside Glow/ 8MB Cache/ Compatible With Windows And Mac/ Black Finish,,,406
A:32579,Abt,Netgear Wireless Access Point - WG102,"Netgear Wireless Access Point - WG102/ High-Speed IEEE 802.11g, Up To 108 Mbps In Turbo Mode/ Wi-Fi Protected Access (WPA 802.11i-Ready Security)/ Integrated IEEE 802.3af Power Over Ethernet (PoE)/ Block SSID Broadcast/ VPN Pass-Through Support",,$186.00,407
A:32584,Abt,Panasonic PT-AX200U White Home Theater Projector - PTAX200,"Panasonic PT-AX200U White Home Theater Projector - PTAX200/ 2,000-Lumen Brightness/ Pure Color Filter/ Dynamic Iris/ Smooth Screen Technology/ Advanced Dynamic Sharpness Control/ 6,000:1 Contrast Ratio/ 1280 x 720 Pixels (1920 x 1080 Pixels With Compression)/ White Finish",,,408
A:32625,Abt,Logitech diNovo Media Desktop Laser Keyboard And Mouse Combo - 967562,Logitech diNovo Media Desktop Laser Keyboard And Mouse Combo - 967562/ Unique Ultra-Flat Keyboard/ Detached Customizable MediaPad/ Precision Rechargeable Laser Mouse/ Tilt Wheel Plus Zoom/ Customizable Hotkeys/ Dedicated Search Buttons/ Bluetooth Wireless Technology Compatible/ Black And Gray Finish,,$199.00,409
A:32628,Abt,Apple 500GB Time Capsule Wireless Hard Drive - MB276LLA,Apple 500GB Time Capsule Wireless Hard Drive - MB276LLA/ 500GB 7200-rpm Serial ATA Server-Grade Hard Disk Drive/ Up To 5x The Performance And 2x The Range With 802.11n/ Wi-Fi Protected Access (WPA/WPA2)/ Wireless Security (WEP) Configurable For 40-Bit And 128-Bit Encryption/ NAT Firewall/ AirPort Utility For Mac And Windows,,$299.00,410
A:32630,Abt,Apple 1TB Time Capsule Wireless Hard Drive  - MB277LLA,Apple 1TB Time Capsule Wireless Hard Drive - MB277LLA/ 1TB 7200-rpm Serial ATA Server-Grade Hard Disk Drive/ Up To 5x The Performance And 2x The Range With 802.11n/ Wi-Fi Protected Access (WPA/WPA2)/ Wireless Security (WEP) Configurable For 40-Bit And 128-Bit Encryption/ NAT Firewall/ AirPort Utility For Mac And Windows,,$499.00,410
A:32653,Abt,Microsoft Office 2008 For Mac Home And Student Edition - GZA00006,"Microsoft Office 2008 For Mac Home And Student Edition - GZA00006/ Open XML File Formats, The Office Art Graphics Engine And Other Features That Result In Compatibility And File Fidelity/ Includes Word, Excel, PowerPoint, Entourage, Messenger, Microsoft Server Exchange Support, Automator Actions For Workflows In Microsoft Office",,,411
A:32664,Abt,iHome Black Clock Radio Audio System For iPod - IH9BR,"iHome Black Clock Radio Audio System For iPod - IH9BR/ Universal Dock With Inserts To Fit Docking iPod Models/ Dual Alarm With AM/FM Presets/ Bass, Treble, 3D And Balance Controls/ Extra-Large Backlit Custom LCD Display With Dimmer/ Black Finish",,,412
A:32688,Abt,Pioneer Single Din CD Receiver - DEHP3000IB,Pioneer Single Din CD Receiver - DEHP3000IB/ 7-Way Rotary Commander/ Built-In AUX Input/ Detachable Face Security/ Sirius Game Alert And Game Zone/ Passenger Control Mode/ Link Search/ Random Key,,,413
A:32744,Abt,Sirius Satellite Radio Universal Car Tuner - SCC1,"Sirius Satellite Radio Universal Car Tuner - SCC1/ Low-Profile, Roof-Mount Antenna With 21 Cable/ Works With A Separate SIRIUS Connect Adapter/ Channel Scan/Search/ Channel Presets",,,414
A:32874,Abt,Garmin 010-10723-00 AC Adapter Cable With International Adapters - 0101072300,Garmin 010-10723-00 AC Adapter Cable With International Adapters - 0101072300/ Includes UK & Euro Adapters/ Black Finish,,,415
A:32875,Abt,Garmin 010-10723-02 Carrying Case - 0101072302,Garmin 010-10723-02 Carrying Case - 0101072302/ Compatible With Garmin Nuvi 350/ Black Finish,,,416
A:32876,Abt,Garmin 010-10823-01 Carrying Case - 0101082301,Garmin 010-10823-01 Carrying Case - 0101082301/ Durable Leather Case/ Fits Garmin 4.3 Models/ Black Finish,,,417
A:32877,Abt,Garmin Nuvi Portable Friction Mount - 0101090800,Garmin Nuvi Portable Friction Mount - 0101090800/ No Installation Required/ Securely Mounts Your GPS To A Surface In Your Car/ Works With All Garmin Nuvi Portable GPS Units/ Black Finish,,$39.00,418
A:32878,Abt,Garmin Vehicle Suction Cup Mount - 0101093600,Garmin Vehicle Suction Cup Mount - 0101093600/ No Installation Required/ Securely Mounts Your GPS To Dash/ Black Finish,,$25.00,419
A:32880,Abt,Garmin Suction Cup Mount And 12-Volt Adapter Kit - 0101097900,Garmin Suction Cup Mount And 12-Volt Adapter Kit - 0101097900/ Suction Cup Mount And 12-Volt Adapter Included,,$30.00,420
A:32882,Abt,Pioneer Remote Control With DVD/Audio Controls - CDR55,"Pioneer Remote Control With DVD/Audio Controls - CDR55/ Hands-Free Wireless Control/ Quick Access For Functions/ Compatible With AVH-P5000DVD, AVH-P4000DVD, AVIC-N4, AVIC-D3, AVH-P4900DVD And AVH-P5900DVD",,$19.00,421
A:32889,Abt,Pioneer Sirius Bus Interface - CDSB10,Pioneer Sirius Bus Interface - CDSB10/ Sirius Connect' Compatibility/ Replay Function/ Game Alert/ Game Zone,,$68.00,422
A:32893,Abt,Pioneer HD Radio Tuner - GEXP10HD,"Pioneer HD Radio Tuner - GEXP10HD/ Compatible With  FH-P800BT, FH-P8000BT, DEH-P700BT, DEH-P7000BT, DEH-P600UB, DEH-P6000UB/ 'External Control' Capable",,$100.00,423
A:32906,Abt,Sirius Dock And Play Universal Vehicle Kit - SUPV1,"Sirius Dock And Play Universal Vehicle Kit - SUPV1/ Stereo Audio Output/ Use With Your Home Audio System Or Powered Speakers/ Compatible With Sportster 5, Sportster 4, Sportster 3, Starmate 4, Starmate 3, Stratus 4, Stratus",,$49.00,424
A:32984,Abt,Peerless Flat Panel Display Mount Black Finish - SGLB01,Peerless Flat Panel Display Mount Black Finish - SGLB01/ Can Hold Between 32' To 50' Screens/Vertical Screen Adjustment Feature For Optimal Viewing Height/  Internal Cable Management/ Adjustable Glass Shelving/ Black Finish,,,425
A:32986,Abt,Panasonic KX-TGA820B Black DECT 6.0 Cordless Handset - KXTGA820B,Panasonic KX-TGA820B Black DECT 6.0 Cordless Handset - KXTGA820B/ Compatible With DECT KX-TG8231/8232 Series Phone Systems/ DECT 6.0 Technology/ Answering System With Compatible Base Unit/ Call Waiting Caller ID/ Join In/Privacy/ Full Color Backlit LCD Display/ Black Finish,,,426
A:32990,Abt,Toshiba Black Progressive Scan DVD Player - SD4100,Toshiba Black Progressive Scan DVD Player - SD4100/ Multiformat Playback/ ColorStream Pro Progressive Scan Component Video Outputs/ JPEG Photo Viewer/ Slim Chassis/ Black Finish,,,427
A:33021,Abt,Electrolux Harmony Series Canister Vacuum - EL6985B,Electrolux Harmony Series Canister Vacuum - EL6985B/ Foot-Operated Switch On The Floor Nozel/ Ergonomic Handle Design/ Electronic Dust Bag Indicator/ HEPA H12 Filter/ Telescoping Wand,,$299.99,428
A:33024,Abt,Sennheiser Rechargeable Nickel-Metal Hydride Battery - BA151,Sennheiser Rechargeable Nickel-Metal Hydride Battery - BA151/ Rechargeable Battery For Wireless Sennheiser Headphones,,$20.00,429
A:33026,Abt,Sanus 15' - 37' VisionMount Full-Motion Flat Panel TV Black Wall Mount - MF215B1,Sanus 15' - 37' VisionMount Full-Motion Flat Panel TV Black Wall Mount - MF215B1/ Easily Conceal Hardware/ Easy To Install/ Includes Two VESA-Compatible TV Brackets/ Virtual Axis 3D/ Black Finish,,,430
A:33044,Abt,Canon Green Photo Ink Cartridge - CLI8G,Canon Green Photo Ink Cartridge - CLI8G/ FINE Technology For Exceptional Sharpness & Detail/ Compatible With Canon Pixma Pro9000,,$16.00,431
A:33045,Abt,Canon Red Photo Ink Cartridge - CLI8R,Canon Red Photo Ink Cartridge - CLI8R/ FINE Technology For Exceptional Sharpness & Detail/ Compatible With Canon Pixma Pro9000,,$16.00,432
A:33047,Abt,Canon Black Photo Ink Cartridge - CLI8B,Canon Black Photo Ink Cartridge - CLI8B/ FINE Technology For Exceptional Sharpness & Detail/ Compatible With Canon Pixma Printers,,$16.00,433
A:33053,Abt,Netgear ProSafe 5 Port 10/100 Desktop Switch - FS105,Netgear ProSafe 5 Port 10/100 Desktop Switch - FS105/ 5 Auto Speed-Sensing 10/100 UTP Ports/ Embedded Memory,,$40.00,434
A:33057,Abt,Pioneer Premier In-Dash CD/WMA/MP3/AAC Receiver - DEHP400UB,Pioneer Premier In-Dash CD/WMA/MP3/AAC Receiver - DEHP400UB/ 50W x 4 Built-In Speaker Power/ 3 RCA Hi-Volt Preouts/ Two-Way Crossover/ Supertuner IIID/ AUX-In Connection/ Rotary Commander Volume Control,,$183.00,435
A:33081,Abt,Pioneer DEH-2000MP CD/MP3/WMA In-Dash Receiver - DEH2000MP,Pioneer DEH-2000MP CD/MP3/WMA In-Dash Receiver - DEH2000MP/ 50W x 4 Built-In Speaker Power/ LED Display/ Built-In Front Auxiliary Input/  Detachable Face Security/ Remote Control/ Rotary Volume Control,,$98.00,436
A:33150,Abt,Pioneer Premier In-Dash CD/WMA/MP3/AAC Receiver - DEHP500UB,Pioneer Premier In-Dash CD/WMA/MP3/AAC Receiver - DEHP500UB/ 50W x 4 Built-In Speaker Power/ 3 RCA Hi-Volt Preouts/ Two-Way Crossover/ Supertuner IIID/ AUX-In Connection/ Rotary Commander Volume Control,,$208.00,437
A:33157,Abt,Sony 40GB High Definition Hard Disk Drive Handycam Camcorder - HDRSR10,Sony 40GB High Definition Hard Disk Drive Handycam Camcorder - HDRSR10/ 1920 x 1080 Recording/ Face Detection/ 2.3 Megapixel ClearVid CMOS Sensor/ Bionz Image Processor/ Exmor Imaging Sensor/ 15X Optical/180X Digital Zoom/ 2.7' Wide (16:9) Hybrid Touch Panel Clear Photo LCD Plus Display/ Dolby Digital 5.1ch Recording/ Dynamic Range Optimizer/ Super NightShot Infrared System/ x.v. Color Technology,,,438
A:33158,Abt,Sony 60GB High Definition Hard Disk Drive Handycam Camcorder - HDRSR11,Sony 60GB High Definition Hard Disk Drive Handycam Camcorder - HDRSR11/ 1920X1080 Recording/ Face Detection/ 5 Megapixel ClearVid CMOS Sensor/ Bionz Image Processor/ Exmor Imaging Sensor/ 12X Optical/150X Digital Zoom/ 3.2' Wide (16:9) Hybrid Touch Panel Clear Photo LCD Plus Display/ Dolby Digital 5.1ch Recording/ Dynamic Range Optimizer/ Super NightShot Infrared System/ x.v. Color Technology,,,439
A:33159,Abt,Cuisinart Stainless Steel 4-Quart Programmable Slow Cooker - PSC400,Cuisinart Stainless Steel 4-Quart Programmable Slow Cooker - PSC400/ 24-Hour Programmable Cook Time/ Digital Countdown Timer/ Three Cooking Modes/ Touchpad Control Panel With LCD Timed Display/ Dishwasher-Safe Removable Ceramic Cooking Pot/ Nonslip Rubber Feet/ Stainless Steel Finish,,,440
A:33160,Abt,Sony 120GB High Definition Hard Disk Drive Handycam Camcorder - HDRSR12,Sony 120GB High Definition Hard Disk Drive Handycam Camcorder - HDRSR12/ 1920X1080 Recording/ Face Detection/ 5 Megapixel ClearVid CMOS Sensor/ Bionz Image Processor/ Exmor Imaging Sensor/ 12X Optical/150X Digital Zoom/ 3.2' Wide (16:9) Hybrid Touch Panel Clear Photo LCD Plus Display/ Dolby Digital 5.1ch Recording/ Dynamic Range Optimizer/ Super NightShot Infrared System/ x.v. Color Technology,,,441
A:33161,Abt,Sony High Definition HDV Handycam Camcorder - HDRHC9,Sony High Definition HDV Handycam Camcorder - HDRHC9/ 10X Optical/20X Digital Zoom/ 2.7' Wide (16:9) Touch Panel Clear Photo LCD Plus Display/ Switchable HDV/DV Format Recording/ Active Interface Shoe/ Built-In Intelligent Flash/ Progressive Shutter System/ Super NightShot Infrared System/ x.v. Color Technology,,,442
A:33175,Abt,Sony Silver Cyber-Shot 7.2 Megapixel Digital Camera - DSCW120,Sony Silver Cyber-Shot 7.2 Megapixel Digital Camera - DSCW120/ 7.2 Megapixel/ 4X Optical Zoom/ 2.5' TFT LCD/ 15 MB Internal Memory/ Face Detection/ Super SteadyShot Image Stabilization/ Smile Shutter Mode/ Smart Zoom/ Silver Finish,,,443
A:33177,Abt,Sony Pink Cyber-Shot 7.2 Megapixel Digital Camera - DSCW120P,Sony Pink Cyber-Shot 7.2 Megapixel Digital Camera - DSCW120P/ 7.2 Megapixel/ 4X Optical Zoom/ 2.5' TFT LCD/ 15 MB Internal Memory/ Face Detection/ Super SteadyShot Image Stabilization/ Smile Shutter Mode/ Smart Zoom/ Pink Finish,,,444
A:33209,Abt,Sony 7' Digital Photo Frame In Black - DPFD70,Sony 7' Digital Photo Frame - DPFD70/ 7' LCD With 800 x 480 Resolution/ 15:9 Aspect Ratio/ 256MB Internal Memory/ Supports Most Memory Cards/ Variety Of Display Modes/ Auto Image Rotation Feature/ View Mode Button/ Fast Digital Picture Decoding/ Handles Large Data Files/ USB B-Type Connection/ Remote Control/ Black Finish,,$139.00,445
A:33219,Abt,Peerless 32' - 50' Articulating Flat Panel TV Black Wall Arm - SA750PU,Peerless 32' - 50' Articulating Flat Panel TV Black Wall Arm - SA750PU/ One-Touch Tilt/ Three Pivot Points/ Up To 10.75' Total Horizontal Adjustment/ Black Finish,,,446
A:33220,Abt,Sony 9' Digital Photo Frame In Black - DPFV900,"Sony 9' Digital Photo Frame - DPFV900/ 9' LCD With 800 x 480 Resolution/ 15:9 Aspect Ratio/ 512MB Internal Memory/ Supports Most Memory Cards/ Variety Of Display Modes/ Auto Rotation And Auto Touch Up Feature/ HDMI Output And Bluetooth­ Ready/ Brilliant Color Photo Display/ Store Up To 1,000 Photos/ Auto Correction Function/ Remote Control/ Black Finish",,,447
A:33263,Abt,Alpine V-Power Series 4/3/2 Channel Power Amplifier - MRPF300,"Alpine V-Power Series 4/3/2 Channel Power Amplifier - MRPF300/ 50W x 4 RMS Power Output/ Continuously Adjustable Gain Control/ Dual Sided Glass Epoxy PC Board/ Non-Fading Pre-Amp Output/ Gold Plated Input, Output, Power And Speaker Terminals/ Adjustable Low-Pass/High-Pass Crossover/ MOSFET Power/ Thermal Management Control",,,448
A:33271,Abt,Canon Vixia High Definition Camcorder - HF100,Canon Vixia High Definition Camcorder - HF100/ 2.7' Color Widescreen LCD/ 12x HD Video Zoom Lens/ 3.3 Megapixel/ DIGIC DV II Image Processor/ 200x Digital Zoom/ RGB Primary Color Filter/ Built-In Electronic Lens Cover,,,449
A:33272,Abt,Canon DVD Camcorder - DC310,Canon 2694B001 DVD Camcorder - DC310/ Image Stabilization/ Widescreen HR Recording/ 2.7' LCD Screen/ Smooth Zoom Control/ Built-In Lens Cover/ 9 Digital Effects/9 Fades/ 21 Selectable Display Languages/ 37x Optical/2000x Digital Zoom/ Silver Finish,,,450
A:33273,Abt,Canon DVD Camcorder - DC320,Canon DVD Camcorder - DC320/ Image Stabilization/ Widescreen HR Recording/ 2.7' LCD Screen/ Smooth Zoom Control/ Built-In Lens Cover/ 9 Digital Effects/9 Fades/ 21 Selectable Display Languages/ 37x Optical/2000x Digital Zoom/ Silver Finish,,,451
A:33275,Abt,Canon Vixia High Definition Camcorder - HV30,Canon Vixia High Definition Camcorder - HV30/  2.7' Color Widescreen LCD/ 10x HD Video Zoom Lens/ 2.96 Megapixel/ DIGIC DV II Image Processor/ 200x Digital Zoom/ Built-In Ultra Video Light/ MiniSD Card Slot/ Built-In Electronic Lens Cover,,,452
A:33276,Abt,Transcend 133X High-Speed 4GB Compact Flash Card - TS4GCF133,Transcend 133X High-Speed 4GB Compact Flash Card - TS4GCF133/ 21.5MB Per Sec. Data Transfer Rate/ Dual-Channel Support/ Multi-Platform Compatibility/ Supports Ultra DMA Mode 0-4/ Low Power Consumption,,,453
A:33277,Abt,Canon Silver Flash Memory Camcorder - FS100S,Canon Silver Flash Memory Camcorder - FS100S/ Built-In Electronic Lens Cover/ Wireless Remote Control/ 2.7' Widescreen LCD/ 1.07 Megapixel CCD Image Sensor/ 48x Advanced Zoom/ Silver Finish,,,454
A:33278,Abt,Canon Silver Dual Flash Memory Camcorder - FS11,Canon Silver Dual Flash Memory Camcorder - FS11/ 16GB Internal Flash Drive/ SDHC Card Slot/ Built-In Electronic Lens Cover/ Wireless Remote Control/ 2.7' Widescreen LCD/ 1.07 Megapixel CCD Image Sensor/ 48x Advanced Zoom/ Moonstone Silver Finish,,,455
A:33279,Abt,Canon Silver Dual Flash Memory Camcorder - FS10,Canon Silver Dual Flash Memory Camcorder - FS10/ 8GB Internal Flash Drive/ SDHC Card Slot/ Built-In Electronic Lens Cover/ Wireless Remote Control/ 2.7' Widescreen LCD/ 1.07 Megapixel CCD Image Sensor/ 48x Advanced Zoom/ Moonstone Silver Finish,,,456
A:33280,Abt,Canon Vixia High Definition Camcorder - HF10,Canon Vixia High Definition Camcorder - HF10/ 2.7' Color Widescreen LCD/ 12x HD Video Zoom Lens/ 3.3 Megapixel/ DIGIC DV II Image Processor/ 200x Digital Zoom/ Built In 16 GB Memory/ SD Card Slot For Expanded Memory/ RGB Primary Color Filter/ Built-In Electronic Lens Cover,,,457
A:33298,Abt,SIRIUS SiriusConnect Vehicle Kit In Black - SCVDOC1,SIRIUS SiriusConnect Vehicle Kit In Black - SCVDOC1/ Compact Design/ Compatible With The Next Generation Of SiriusConnect Interface Adapters/ 3 Interchangeable Adapter Plates/ Black Finish,,$59.00,458
A:33326,Abt,Sharp AQUOS 52' Special Edition LCD Black Flat Panel HDTV - LC52SE94U,"Sharp AQUOS 52' Special Edition LCD Black Flat Panel HDTV - LC52SE94U/ Full HD 1080p (1920 x 1080) Resolution/ AQUOS Net/ 120Hz Frame Rate Conversion/ Enhanced Black Level/ 4ms Response Time/ 27,000:1 Dynamic Contrast Ratio/ Built-In ATSC/QAM/NTSC Tuners/ 60,000 Hours Lamp Life/ Black Finish",,,459
A:33327,Abt,Weber Spirit SP-320 Stainless Steel Liquid Propane Gas Outdoor Grill - 3730001,"Weber Spirit SP-320 Stainless Steel Liquid Propane Gas Outdoor Grill - 3730001/ 36,000 BTU Stainless Steel Burners/ 12,000 BTU Side Burner/ Crossover Ignition System/ 611 Sq. In. Total Cooking Area/ Stainless Steel Cooking Grates And Lid/ Warming Area/ Right Hand And Left Hand Condiment Baskets/ Center Mounted Thermometer/ 3 Tool Holders/ Stainless Steel Finish (LP Tank Sold Separately)/ Assembly Required",,,460
A:33377,Abt,Linksys Wireless-G Ethernet Bridge - WET54G,"Linksys Wireless-G Ethernet Bridge - WET54G/ Converts Wired-Ethernet Devices To Wireless-G Network Connectivity/ For Windows, Macintosh, Linux, PlayStation Consoles, Xbox Consoles, Or Anything With An Ethernet Port/ Plug And Play, No Driver Installation Require",,$89.00,461
A:33382,Abt,Yamaha RX-V363BL 5.1 Channel Digital Home Theater Receiver In Black - RXV363BK,"Yamaha RX-V363BL 5.1 Channel Digital Home Theater Receiver In Black - RXV363BK/ 500 Watts Powerful Surround Sound (100W x 5)/ iPod And Bluetooth Audio Compatibility/ Dolby Digital, DTS And Dolby Pro Logic II Decoding/ Cinema DSP With 8 DSP Programs/ Compressed Music Enhancer/ 192kHz/24-Bit DACs For All Channels/ Remote Control/ Black Finish",,$199.00,462
A:33431,Abt,Sony Silver MiniDV Handycam Camcorder - DCRHC52,Sony Silver MiniDV Handycam Camcorder - DCRHC52/ 680K Pixels Imager/ Carl Zeiss Vario-Tessar Lens/ 40x Optical Zoom And 2000x Digital Zoom/ 2.5' Touch Panel LCD Display/ Super SteadyShot Image Stabilization/ Super NightShot Plus Technology/ Easy Handycam Button/ Fader Effects/ Manual Focus/ Multi-Language Menu/ Silver Finish,,,463
A:33437,Abt,Yamaha  All-Weather Pair Speaker System - NSAW390WH,Yamaha NS-AW390WH All-Weather Speaker System - NSAW390WH/ 6.5' High Compliance/ PP Mica Filled Woofers/ Unique Dual 1' PEI Dome Tweeter Configuration/ Aluminum Speaker Grilles/ Wall Mountable/ White Finish/ Sold As A Pair,,$149.00,464
A:33438,Abt,Sony 30GB Handycam Hard Disk Drive Camcorder - DCRSR45,Sony 30GB Handycam Hard Disk Drive Camcorder - DCRSR45/ 1/8' Advanced HAD CCD Imager/ 40X Optical/2000X Digital Zoom/ 2.7' Wide (16:9) Touch Panel Clear Photo LCD Plus Display/ Hybrid Recording To Hard Disk Drive Or Memory Stick Media/ Built-In Zoom Microphone With 5.1ch Recording/ Carl Zeiss Vario-Tessar Lens/ USB 2.0 Interface/ Super NightShot Infrared System,,,465
A:33439,Abt,Yamaha NS-AW390BL All-Weather Pair Speaker System - NSAW390BK,Yamaha NS-AW390BL All-Weather Speaker System - NSAW390BK/ 6.5' High Compliance/ PP Mica Filled Woofers/ Unique Dual 1' PEI Dome Tweeter Configuration/ Aluminum Speaker Grilles/ Wall Mountable/ Black Finish/ Sold As A Pair,,$149.00,466
A:33440,Abt,Yamaha NS-AW190BL All-Weather Pair Speaker System - NSAW190BK,Yamaha NS-AW190BL All-Weather Speaker System - NSAW190BK/ 5' High Compliance/ PP Mica Filled Woofers/ Unique Dual 1/2' PEI Dome Tweeter Configuration/ Aluminum Speaker Grilles/ Wall Mountable/ Black Finish/ Sold As A Pair,,$99.00,467
A:33443,Abt,Sony 60GB Handycam Hard Disk Drive Camcorder - DCRSR85,Sony 60GB Handycam Hard Disk Drive Camcorder - DCRSR85/ 1/6' Advanced HAD CCD Imager/ 25X Optical/2000X Digital Zoom/ 2.7' Wide (16:9) Touch Panel Clear Photo LCD Plus Display/ Hybrid Recording To Hard Disk Drive Or Memory Stick Media/ Built-In Zoom Microphone With 5.1ch Recording/ Carl Zeiss Vario-Tessar Lens/ USB 2.0 Interface/ Super NightShot Infrared System,,,468
A:33444,Abt,Sony High Definition DVD Handycam Camcorder - HDRUX10,Sony High Definition DVD Handycam Camcorder - HDRUX10/ 1920 x 1080 Full HD Resolution Recording/ Face Detection/ 2.3 Megapixel ClearVid CMOS Sensor/ 15X Optical/180X Digital Zoom/ 2.7' Wide1 (16:9) Hybrid Touch Panel Clear Photo LCD Plus Display/ Hybrid Recording To DVD Or Memory Stick Media/ Built-In Zoom Microphone With 5.1ch Recording/ Dynamic Range Optimizer/ Super NightShot Plus Infrared System/ x.v. Color Technology,,,469
A:33452,Abt,Yamaha 7.2 Channel Black Digital Home Theater Receiver - RXV663BK,Yamaha 7.2 Channel Black Digital Home Theater Receiver - RXV663BK/ 4 SCENE Buttons/ XM Ready With XM HD Surround/ SIRIUS Satellite Radio Ready/ YPAO/ iPod Compatibility/ Bluetooth Compatibility/ Multi-Zone Control Compatibility/ On-Screen Display/ Black Finish,,$499.00,470
A:33453,Abt,Yamaha 7.2 Channel Black Digital Home Theater Receiver - RXV863BK,Yamaha 7.2 Channel Black Digital Home Theater Receiver - RXV863BK/ 4 SCENE Buttons/ XM Ready With XM HD Surround/ SIRIUS Satellite Radio Ready/ YPAO/ iPod Compatibility/ Bluetooth Compatibility/ Multi-Zone Control Compatibility/ On-Screen Display/ Black Finish/ CALL FOR LATEST PRICE,,$899.00,471
A:33455,Abt,Yamaha 5.1 Channel Home Theater In A Box System In Black  - YHT390BK,"Yamaha 5.1 Channel Home Theater In A Box System In Black - YHT390BK/ New Scene, Compressed Music Enhancer/ iPod Compatibility/ 600W Powerful Surround Sound/ Silent Cinema/ 192kHz/24-Bit DACs For All Channels/ Black Finish",,$399.00,472
A:33458,Abt,Apple MacBook Air SuperDrive - MB397GA,"Apple MacBook Air SuperDrive - MB397GA/ Compact And Portable Slot-Loading 8x SuperDrive/ Connect To MacBook Air USB Slot/ Play And Burn Both CDs And DVDs/ Watch DVD Movie, Install Software, Or Create Backup Discs",,$99.00,473
A:33464,Abt,KitchenAid ProLine Series 16 Cup Food Processor - KPFP850OB,"KitchenAid ProLine Series 16 Cup Food Processor - KPFP850OB/ 1000 Watts Motor/ 16-Cup Work Bowl, 13-Cup Chefs Bowl, 4.5-Cup Mini Bowl/ Die-Cast Metal Base/ Stainless Steel Multipurpose Blade/ Wide Mouth Feed Tube/ 2-Piece Food Pusher/ Onyx Black Finish",,,474
A:33467,Abt,Sony Silver Cyber-Shot Digital Camera - DSCS750,Sony Silver Cyber-Shot Digital Camera - DSCS750/ 7.2 Megapixel Super HAD CCD/ 2.5' LCD Display/ 3x Optical Zoom/ High Sensitivity Mode/ Auto Focus/ 22 MB Internal Memory/ Face Detection/ Burst Mode/ Convenient Photo Modes/ Beginner-Friendly Function Guide/ Silver Finish,,,475
A:33471,Abt,Sony Silver Cyber-Shot Digital Camera - DSCW150,Sony Silver Cyber-Shot Digital Camera - DSCW150/ 8.1 Megapixels/ 2.7' LCD Display/ 15 MB Internal Memory/ Carl Zeiss 5X Optical Zoom Lens/ 16:9 High-Resolution Mode/ 9-Point Auto Focus/ Automatic Macro Shooting/ High Sensitivity Mode/ Burst Mode/ Face Detection/ Intelligent Scene Recognition Mode/ In-Camera Retouching/ Super SteadyShot Optical Image Stabilization With Anti-Blur Solution/ Music Slideshow/ HDTV Compatibility/ Beginner-Friendly Function Guide/ Silver Finish,,,476
A:33472,Abt,Transcend 2GB 133x Ultra Speed Compact Flash Card - TS2GCF133,Transcend 2GB 133x Ultra Speed Compact Flash Card - TS2GCF133/ Dual-Channel Support/ CompactFlash 4.0 Compliant/ ECC Technology/ Low Power Consumption/ Multi-Platform Compatibility,,,477
A:33476,Abt,Sony Black Cyber-Shot Digital Camera - DSCW150B,Sony DSCW150 Black Cyber-Shot Digital Camera - DSCW150B/ 8.1 Megapixels/ 2.7' LCD Display/ 15 MB Internal Memory/ Carl Zeiss 5X Optical Zoom Lens/ 16:9 High-Resolution Mode/ 9-Point Auto Focus/ Automatic Macro Shooting/ High Sensitivity Mode/ Burst Mode/ Face Detection/ Intelligent Scene Recognition Mode/ In-Camera Retouching/ Super SteadyShot Optical Image Stabilization With Anti-Blur Solution/ Music Slideshow/ HDTV Compatibility/ Beginner-Friendly Function Guide/ Black Finish,,,478
A:33477,Abt,Sony Red Cyber-Shot Digital Camera - DSCW150R,Sony DSCW150 Red Cyber-Shot Digital Camera - DSCW150R/ 8.1 Megapixels/ 2.7' LCD Display/ 15 MB Internal Memory/ Carl Zeiss 5X Optical Zoom Lens/ 16:9 High-Resolution Mode/ 9-Point Auto Focus/ Automatic Macro Shooting/ High Sensitivity Mode/ Burst Mode/ Face Detection/ Intelligent Scene Recognition Mode/ In-Camera Retouching/ Super SteadyShot Optical Image Stabilization With Anti-Blur Solution/ Music Slideshow/ HDTV Compatibility/ Beginner-Friendly Function Guide/ Red Finish,,,479
A:33478,Abt,Sony Gold Cyber-Shot Digital Camera - DSCW150N,Sony DSCW150 Gold Cyber-Shot Digital Camera - DSCW150N/ 8.1 Megapixels/ 2.7' LCD Display/ 15 MB Internal Memory/ Carl Zeiss 5X Optical Zoom Lens/ 16:9 High-Resolution Mode/ 9-Point Auto Focus/ Automatic Macro Shooting/ High Sensitivity Mode/ Burst Mode/ Face Detection/ Intelligent Scene Recognition Mode/ In-Camera Retouching/ Super SteadyShot Optical Image Stabilization With Anti-Blur Solution/ Music Slideshow/ HDTV Compatibility/ Beginner-Friendly Function Guide/ Gold Finish,,,480
A:33485,Abt,Sony Silver Cyber-Shot Digital Camera - DSCW170,Sony Silver Cyber-Shot Digital Camera - DSCW170/ 10.1 Megapixels/ 2.7' LCD Display/ 15 MB Internal Memory/ Carl Zeiss 5X Optical Zoom Lens/ BIONZ Real Imaging Processor Technology/ 16:9 High-Resolution Mode/ 9-Point Auto Focus/ Automatic Macro Shooting/ High Sensitivity Mode/ Burst Mode/ Face Detection/ Intelligent Scene Recognition Mode/ In-Camera Retouching/ Super SteadyShot Optical Image Stabilization With Anti-Blur Solution/ Music Slideshow/ HDTV Compatibility/ Beginner-Friendly Function Guide/ Silver Finish,,,481
A:33488,Abt,Sony Red Cyber-Shot Digital Camera - DSCW170R,Sony DSCW170 Red Cyber-Shot Digital Camera - DSCW170R/ 10.1 Megapixels/ 2.7' LCD Display/ 15 MB Internal Memory/ Carl Zeiss 5X Optical Zoom Lens/ BIONZ Real Imaging Processor Technology/ 16:9 High-Resolution Mode/ 9-Point Auto Focus/ Automatic Macro Shooting/ High Sensitivity Mode/ Burst Mode/ Face Detection/ Intelligent Scene Recognition Mode/ In-Camera Retouching/ Super SteadyShot Optical Image Stabilization With Anti-Blur Solution/ Music Slideshow/ HDTV Compatibility/ Beginner-Friendly Function Guide/ Red Finish,,,482
A:33490,Abt,Nikon D60 Digital Camera With 18-55MM Lens - D60OUTFIT,Nikon D60 Digital Camera With 18-55MM Lens - D60OUTFIT/ 10.2 Megapixel/ AF-S DX NIKKOR 18-55MM F/3.5-5.6G VR Image Stabilization Lens/ In-Camera Image Editing And Enhanced Retouch Menu/ Built-In Speedlight/ Image Optimization/ 2.5' LCD Screen/ Product Number 25438/ Black Finish,,,483
A:33493,Abt,Canon PIXMA MX850 Multifunction Printer - MX850C,"Canon PIXMA MX850 Multifunction Printer - MX850C/ Advanced 5 In 1 Printer, Scanner, Copier, Fax Machine/ High Resolution Up To 9600 x 2400 Color Prints/ Auto-Image Fix/ Quick Start/ Memory Card Slot/ Grey And Black Finish",,,484
A:33496,Abt,Canon Silver 8.0 Megapixel PowerShot Digital Camera - SD1100IS,Canon Silver 8.0 Megapixel PowerShot Digital Camera - SD1100IS/ 8.0 Megapixel/ 3x Optical Zoom/ 2.5' Color LCD/ 18 Shooting Modes/ Red-Eye Correction/ Face Detection Technology/ iSAPS Technology/ Swing Silver Finish,,,485
A:33498,Abt,Canon Blue 8.0 Megapixel PowerShot Digital Camera - SD1100ISB,Canon Blue 8.0 Megapixel PowerShot Digital Camera - SD1100ISB/ 8.0 Megapixel/ 3x Optical Zoom/ 2.5' Color LCD/ 18 Shooting Modes/ Red-Eye Correction/ Face Detection Technology/ iSAPS Technology/ Rhythm & Blue Finish,,,486
A:33499,Abt,Cuisinart Stainless Steel Convection Toaster Oven - TOB195,"Cuisinart Stainless Steel Convection Toaster Oven - TOB195/ 0.6 Cu. Ft. Capacity/ Bake, Broil, Toast, And Convection Functions/ Exact Heat Sensor/ Brushed Chrome Exterior/ Easy-Clean Interior/ Total Touch Touchpad Controls/ Clock And Oven Timer/ Instruction And Recipe Book/ Stainless Steel Finish",,,487
A:33508,Abt,Canon Black 8.0 Megapixel PowerShot Digital Camera - A590IS,Canon Black 8.0 Megapixel PowerShot Digital Camera - A590IS/ 8.0 Megapixels/ 4x Optical Zoom/ Optical Image Stabilizer/ Large Bright 2.5' LCD/ 19 Shooting Modes/ Red-Eye Correction/ iSAPS Technology/ Face Detection Technology/ Motion Detection Technology/ Black Finish,,,488
A:33510,Abt,Monster Mini-To-Mini iCable For Car - AICMINIIP3S,"Monster Mini-To-Mini iCable For Car - AICMINIIP3S/ 3 Ft. Cable/ 1/8 Mini-Jack Input For Car Stereo/ Dual Balanced High-Purity Copper Conductors And 24k Gold/ Xtra Low Noise DoubleHelix Construction/ Compatible With Apple iPod, iPhone, And Portable MP3 Player/ White Finish",,$15.00,489
A:33522,Abt,Canon Black EOS Rebel XSi Digital SLR Camera - XSIREB1855,Canon Black EOS Rebel XSi Digital SLR Camera - XSIREB1855/ 12.2 Megapixel/ DIGIC III Image Processor/ Extensive Noise Reduction Technology/ Auto Optimization/ 3.0' LCD Monitor/ Compatible With Compact SD And SDHC Memory Cards/ EOS Integrated Cleaning System/ 18-55MM Lens Included/ 2756B003/ Black Finish,,,490
A:33532,Abt,TomTom GPS Mount And USB Car Charger - 9N00101,TomTom GPS Mount And USB Car Charger - 9N00101/ Extra Holder And Car Charger Convenient For Multi-Vehicles User/ No Need To Transfer Holder From One Car To Another/ Easy Installation/ Compatible With TomTom ONE/ Black Finish,,$39.00,491
A:33536,Abt,Elgato TV Receiver And Video Converter For Analog & Digital TV - 10020780,Elgato TV Receiver And Video Converter For Analog & Digital TV - 10020780/ Built-In Hardware Encoder Compresses Audio And Video Signals To MPEG-1 And MPEG-2 Formats/ Convert Analog VHS Tapes Into Digital Files,,,492
A:33537,Abt,Elgato Mac EyeTV Hybrid - 10020630,Elgato Mac EyeTV Hybrid - 10020630/ Built-In Program Guide/ Export Clips And Entire Episodes To Your Video-Capable iPod/ Records Digital TV,,,493
A:33562,Abt,Sony Cyber-Shot Black Digital Camera - DSCH10B,Sony DSCH10 Cyber-Shot Black Digital Camera - DSCH10B/ 8.1 Megapixels/ 3.0' LCD Display/ Carl Zeiss 10X Optical Zoom Lens/ 31 MB Internal Memory/ Versatile Flash/ Advanced Sports Mode/ 9-Point Auto Focus/ High Sensitivity Mode/ Burst Mode/ Face Detection/ In-Camera Retouching/ Super SteadyShot Optical Image Stabilization With Anti-Blur Solution/ Music Slideshow/ HDTV Compatibility/ Stamina Battery Power/ Beginner-Friendly Function Guide/ Black Finish,,,494
A:33563,Abt,Panasonic VIERA 42' Plasma Flat Panel HDTV In Black - TH42PX80U,Panasonic VIERA 42' Plasma Flat Panel HDTV In Black - TH42PX80U/ 720p Display/ 1024 x 768 Native Resolution/ Color Purity Optimizer/ Surround Sound/ Anti-Reflective Filter/ VIERA Link HDAVI Control/ Built-In NTSC/ATSC/QAM Tuners/ 3 HDMI Inputs/ Built-In GalleryPlayer Capable/ SD Card Memory Slot/ Pedestal Stand Included/ Black Finish,,,495
A:33564,Abt,Denon Blu-ray Disc DVD/CD Player - DVD3800BDCI,Denon Blu-ray Disc DVD/CD Player - DVD3800BDCI/ 10-Bit Realta HQV Video Processor/ 1080p/24fps Output And Multi-Cadence Detection/ HDMI 1.3a Output With 36-Bit Deep Color Support/ Dual 32-Bit Floating Point DSP/ Multi-Layered Construction With Dual-Layered Top Shields And Triple-Layered Bottom/ Suppress Vibration Hybrid (S.V.H.) Loader/ Black Finish,,"$1,999.00",496
A:33566,Abt,Panasonic VIERA 50' Plasma Flat Panel HDTV In Black - TH50PX80U,Panasonic VIERA 50' Plasma Flat Panel HDTV In Black - TH50PX80U/ 720p Display/ 1366 x 768 Native Resolution/ Color Purity Optimizer/ Surround Sound/ Anti-Reflective Filter/ VIERA Link HDAVI Control/ Built-In NTSC/ATSC/QAM Tuners/ 3 HDMI Inputs/ Built-In GalleryPlayer Capable/ SD Card Memory Slot/ Pedestal Stand Included/ Black Finish,,,497
A:33569,Abt,Panasonic VIERA 42' Plasma Flat Panel 1080p HDTV In Black - TH42PZ80U,Panasonic VIERA 42' Plasma Flat Panel 1080p HDTV In Black - TH42PZ80U/ 1080p Display/ 1920 x 1080 Native Resolution/ Color Purity Optimizer/ Surround Sound/ Anti-Reflective Filter/ VIERA Link HDAVI Control/ Built-In NTSC/ATSC/QAM Tuners/ 3 HDMI Inputs/ Built-In GalleryPlayer Capable/ SD Card Memory Slot/ Pedestal Stand Included/ Black Finish,,,498
A:33581,Abt,Panasonic VIERA 46' Plasma Flat Panel 1080p HDTV In Black - TH46PZ80U,Panasonic VIERA 46' Plasma Flat Panel 1080p HDTV In Black - TH46PZ80U/ 1080p Display/ 1920 x 1080 Native Resolution/ Color Purity Optimizer/ Surround Sound/ Anti-Reflective Filter/ VIERA Link HDAVI Control/ Built-In NTSC/ATSC/QAM Tuners/ 3 HDMI Inputs/ Built-In GalleryPlayer Capable/ SD Card Memory Slot/ Pedestal Stand Included/ Black Finish,,,499
A:33582,Abt,Panasonic VIERA 50' Plasma Flat Panel 1080p HDTV In Black - TH50PZ80U,Panasonic VIERA 50' Plasma Flat Panel 1080p HDTV In Black - TH50PZ80U/ 1080p Display/ 1920 x 1080 Native Resolution/ Color Purity Optimizer/ Surround Sound/ Anti-Reflective Filter/ VIERA Link HDAVI Control/ Built-In NTSC/ATSC/QAM Tuners/ 3 HDMI Inputs/ Built-In GalleryPlayer Capable/ SD Card Memory Slot/ Pedestal Stand Included/ Black Finish,,,500
A:33586,Abt,Sharp Aquos 32' Black LCD HDTV - LC32D64U,"Sharp Aquos 32' Black LCD HDTV - LC32D64U/ 1920 x 1080p Pixel Resolution/ Up To 60,000 Hours Lamp Life/ Built-In ATSC/QAM/NTSC Tuner/ 10,000:1 Dynamic Contrast Ratio/ 4ms Response Time/ 4-Wavelength Backlight System/ Black Finish",,,501
A:33591,Abt,Panasonic VIERA 42' Plasma Flat Panel 1080p HDTV In Black - TH42PZ85U,Panasonic VIERA 42' Plasma Flat Panel 1080p HDTV In Black - TH42PZ85U/ 1080p Display/ 1920 x 1080 Native Resolution/ Color Purity Optimizer/ Surround Sound/ Anti-Reflective Filter/ VIERA Link HDAVI Control/ Built-In NTSC/ATSC/QAM Tuners/ PC Input/ 3 HDMI Inputs/ Built-In GalleryPlayer Capable/ SD Card Memory Slot/ Pedestal Stand Included/ Black Finish,,,502
A:33595,Abt,Panasonic VIERA 46' Plasma Flat Panel 1080p HDTV In Black - TH46PZ85U,Panasonic VIERA 46' Plasma Flat Panel 1080p HDTV In Black - TH46PZ85U/ 1080p Display/ 1920 x 1080 Native Resolution/ Color Purity Optimizer/ Surround Sound/ Anti-Reflective Filter/ VIERA Link HDAVI Control/ Built-In NTSC/ATSC/QAM Tuners/ PC Input/ 3 HDMI Inputs/ Built-In GalleryPlayer Capable/ SD Card Memory Slot/ Pedestal Stand Included/ Black Finish,,,503
A:33600,Abt,Panasonic VIERA 50' Plasma Flat Panel 1080p HDTV In Black - TH50PZ85U,Panasonic VIERA 50' Plasma Flat Panel 1080p HDTV In Black - TH50PZ85U/ 1080p Display/ 1920 x 1080 Native Resolution/ Color Purity Optimizer/ Surround Sound/ Anti-Reflective Filter/ VIERA Link HDAVI Control/ Built-In NTSC/ATSC/QAM Tuners/ 3 HDMI Inputs/ Built-In GalleryPlayer Capable/ SD Card Memory Slot/ Pedestal Stand Included/ Black Finish,,,504
A:33601,Abt,TomTom GPS Mount And USB Car Charger - 9S00006,TomTom GPS Mount And USB Car Charger - 9S00006/ Extra Holder And Car Charger Convenient For Multi-Vehicles User/ No Need To Transfer Holder From One Car To Another/ Easy Installation/ Compatible With TomTom ONE XL/ Black Finish,,$28.00,505
A:33612,Abt,Panasonic 26' LCD HDTV In Black - TC26LX85,Panasonic VIERA 26' LCD HDTV In Black - TC26LX85/ IPS High-Definition LCD Panel/ 10000:1 Contrast Ratio/ 178° Wide Viewing Angle/ 8ms Response/ Intelligent Scene Controller/ Built-In SD Card Slot/ 3 HDMI Inputs And VIERA Link HDAVI Control/ Simulated Surround Sound/ Black Finish,,,506
A:33625,Abt,Panasonic VIERA 37' 1080p LCD HDTV In Black - TC37LZ85,Panasonic VIERA 37' 1080p LCD HDTV In Black - TC37LZ85/ IPS Alpha 1080p High-Definition LCD Panel/ 10000:1 Contrast Ratio/ 178° Wide Viewing Angle/ 6.7ms Response/ Intelligent Scene Controller/ Built-In SD Card Slot/ 3 HDMI Inputs And VIERA Link HDAVI Control/ Surround Sound/ Black Finish,,,507
A:33630,Abt,Toshiba Black 9-Inch LCD Widescreen Portable DVD Player - SDP91S,Toshiba Black Portable DVD Player - SDP91S/ 9' Widescreen TFT LCD Display/ Up To 5 Hour Lithium Battery Life/ Official DivX Certified/ Switchable Audio/Video Input And Output/ Swivel And Flip Type Screen/ Black Finish,,,508
A:33637,Abt,Toshiba 19' Black LCD HDTV With Built In DVD Player - 19LV505,Toshiba 19' LCD HDTV With Built In DVD Player - 19LV505/ Built-In Slot Loading DVD Player/ Built-In ATSC/NTSC/QAM Digital Tuning/ Official DivX® Certified/ JPEG Viewer/ Bottom Mount Stereo Speakers/ Black Finish,,,509
A:33638,Abt,Toshiba Black Portable DVD Player - SDP71S,Toshiba Black Portable DVD Player - SDP71S/ 7' Widescreen TFT LCD Display/ Up To 3 Hour Lithium Battery Life/ JPEG Viewer/ Switchable Audio/Video Input And Output/ Black Finish,,,510
A:33639,Abt,Toshiba Black 1080p Upconversion DVD Player - SD6100,Toshiba Black 1080p Upconversion DVD Player - SD6100/ Video Upconversion Up To 1080p Resolution/ HDMI/ REGZA LINK/ Multi-Format Playback Capability/ Black Finish,,,511
A:33640,Abt,Toshiba Black DVD Recorder With Built-In Digital Tuner - DR560,Toshiba Black DVD Recorder With Built-In Digital Tuner - DR560/ Built-In ATSC/NTSC/QAM Digital/Analog Tuner/ Multi-Format Recording And Playback/ Video Upconversion Up To 1080p Resolution/ One Touch Recording/ Camcorder Controls/ Auto Finalize With Undo/ REGZA LINK/ Black Finish,,,512
A:33643,Abt,Toshiba Black 1080p Upconversion DVD Recorder/VCR Combinaton - DVR610,Toshiba Black 1080p Upconversion DVD Recorder/VCR Combinaton - DVR610/ Multi-Format Recording And Playback/ Video Upconversion Up To 1080p Resolution/ One Touch Recording/ Camcorder Controls/ Auto Finalize With Undo/ Bi-Directional Dubbing/ Black Finish,,,513
A:33645,Abt,Toshiba Black DVD Recorder/VCR Combinaton With Built-In Digital Tuner - DVR660,Toshiba Black DVD Recorder/VCR Combinaton With Built-In Digital Tuner - DVR660/ Built-In ATSC/NTSC/QAM Digital/Analog Tuner/ Multi-Format Recording And Playback/ Video Upconversion Up To 1080p Resolution/ One Touch Recording/ Camcorder Controls/ Auto Finalize With Undo/ Bi-Directional Dubbing/ Black Finish,,,514
A:33653,Abt,Toshiba White 19' LCD HDTV DVD Combo - 19LV506,Toshiba White 19' LCD HDTV DVD Combination - 19LV506/ 19' Diagonal Widescreen TFT LCD Display/ Built-In Slot Loading DVD Player/ Built-In ATSC/NTSC/QAM digital Tuner/ Official DivX Certified/ PC Input/ JPEG Viewer/ White Finish,,,515
A:33662,Abt,Bracketron Nav-Mat Portable GPS Dash Mount - UFM100BL,Bracketron Nav-Mat Portable GPS Dash Mount - UFM100BL/ Weighted Anti-Skid Base/ Conforms To Your Dash/ Holds Up To Several Pounds/ Easily View Your GPS While Drivaing/ Uses The Stock GPS Windshield Mount,,,516
A:33664,Abt,Bracketron iPod Docking Kit - IPM202BL,"Bracketron iPod Docking Kit - IPM202BL/ Compatible With All Generation iPods Including iPod Mini, iPod Nano And Apple iPhone/ Wings Adjustable Up To 2.5'/ Black Finish",,$14.95,517
A:33668,Abt,Nikon CoolPix S550  Blue 10.0 Megapixels Compact Digital Camera - COOLPIXS550CB,Nikon CoolPix S550 Blue 10.0 Megapixels Compact Digital Camera - COOLPIXS550CB/ 5x Optical Zoom NIKKOR Glass Lens/ Electronic VR Image Stabilization/ Bright 2.5' High Resolution LCD/ In-Camera Red-Eye Fix/ Face-Priority AF/ D-Lighting/ Cool Blue Finish,,,518
A:33669,Abt,Nikon CoolPix S550 10 Megapixel Black Digital Camera - COOLPIXS550GB,Nikon CoolPix S550 10 Megapixel Black Digital Camera - COOLPIXS550GB/ 10.0 Megapixels/ 5x Optical Zoom NIKKOR Glass Lens/ Electronic VR Image Stabilization/ Bright 2.5' High Resolution LCD/ In-Camera Red-Eye Fix/ Face-Priority AF/ D-Lighting/ Graphite Black Finish,,,519
A:33670,Abt,Nikon CoolPix S550 10 Megapixel Compact Plum Digital Camera - COOLPIXS550P,Nikon CoolPix S550 10 Megapixel Compact Plum Digital Camera - COOLPIXS550P/ 10.0 Megapixels/ 5x Optical Zoom NIKKOR Glass Lens/ Electronic VR Image Stabilization/ Bright 2.5' High Resolution LCD/ In-Camera Red-Eye Fix/ Face-Priority AF/ D-Lighting/ Plum Finish,,,520
A:33671,Abt,Nikon Coolpix S210 Plum 8.1 Megapixels Digital Camera - COOLPIXS210P,Nikon Coolpix S210 Plum 8.1 Megapixels Compact Digital Camera - COOLPIXS210P/ 8.1 Megapixels/ 3x Optical Zoom NIKKOR Glass Lens/ Electronic VR Image Stabilization/ Bright 2.5' High Resolution LCD/ In-Camera Red-Eye Fix/ Face-Priority AF/ D-Lighting/ Plum Finish,,,521
A:33690,Abt,Toshiba 19' Black LCD HDTV - 19AV500U,Toshiba 19' Black LCD HDTV - 19AV500U/ 720p HD Display/ DynaLight Back-Light Control/ TheaterWide Modes/ SoundStrip Speaker System/ HDMI Digital Input/ Universal Remote/ High-Gloss Bezel/ Black Finish,,,522
A:33713,Abt,Sharp Aquos 37' LCD HDTV In Black - LC37D44U,Sharp Aquos 37' LCD HDTV In Black - LC37D44U/ 7500:1 Dynamic Contrast Ratio/ Built In ATSC/QAM/NTSC Tuning System/ 6ms Response Time/ 1366 x 768 Pixel Resolution/ Advanced Super View/ 16:9 Aspect Ratio/ Black Finish,,,523
A:33717,Abt,Toshiba Black DVD Recorder With 1080p Upconversion - DR410,Toshiba Black DVD Recorder With 1080p Upconversion - DR410/ Video Upconversion Up To 1080p/ One Touch Recording/ Multi-Format Recording And Playback/ Auto Finalize With Undo/ REGZA LINK/ Camcorder Controls/ Black Finish,,,524
A:33723,Abt,Polk Audio Sirius Satellite Radio Home Tuner - SRH1000,"Polk Audio Sirius Satellite Radio Home Tuner - SRH1000/ 6-Line, Front Panel Graphic Display/ SIRIUS Replay/ TV Screen Graphical User Interface/ RCA Stereo & Optical Digital Outputs / Black Finish",,,525
A:33726,Abt,Boston Acoustics Solo AM/FM Large Display Clock Radio - HSOLOMDNT,Boston Acoustics Solo AM/FM Large Display Clock Radio - HSOLOMDNT/ Rotating Clock Face/ Precision Tuner/ 3 1/2? Full-Range Speaker/ Auxiliary Input/ High Contrast LCD Display/ 360º Snooze Bar/ Grey Finish,,$99.00,526
A:33758,Abt,Sony DVP-FX820 Black 8' Portable DVD Player - DVPFX820,"Sony DVP-FX820 Black 8' Portable DVD Player - DVPFX820/ Swivel & Flip Screen With Dual Sensor For Remote Control/ Control Buttons On Screen Bezel/ 12 Bit Video DAC With 108 MHz Processing/ Removable, Rechargeable Battery & Car Adapter Included/ Black Finish",,,527
A:33763,Abt,Sony DVP-FX820 Blue 8' Portable DVD Player - DVPFX820LI,"Sony DVP-FX820 Blue 8' Portable DVD Player - DVPFX820LI/ Swivel & Flip Screen With Dual Sensor For Remote Control/ Control Buttons On Screen Bezel/ 12 Bit Video DAC With 108 MHz Processing/ Removable, Rechargeable Battery & Car Adapter Included/ Blue Finish",,,528
A:33765,Abt,Sony DVP-FX820 Pink 8' Portable DVD Player - DVPFX820P,"Sony DVP-FX820 Pink 8' Portable DVD Player - DVPFX820P/ Swivel & Flip Screen With Dual Sensor For Remote Control/ Control Buttons On Screen Bezel/ 12 Bit Video DAC With 108 MHz Processing/ Removable, Rechargeable Battery & Car Adapter Included/ Pink Finish",,,529
A:33767,Abt,Sony DVP-FX820 Red 8' Portable DVD Player - DVPFX820R,"Sony DVP-FX820 Red 8' Portable DVD Player - DVPFX820R/ Swivel & Flip Screen With Dual Sensor For Remote Control/ Control Buttons On Screen Bezel/ 12 Bit Video DAC With 108 MHz Processing/ Removable, Rechargeable Battery & Car Adapter Included/ Red Finish",,,530
A:33769,Abt,Sony White 8' Portable DVD Player - DVPFX820W,"Sony DVP-FX820 White 8' Portable DVD Player - DVPFX820W/ Swivel & Flip Screen With Dual Sensor For Remote Control/ Control Buttons On Screen Bezel/ 12 Bit Video DAC With 108 MHz Processing/ Removable, Rechargeable Battery & Car Adapter Included/ White Finish",,,531
A:33784,Abt,Panasonic 5.8 GHz Black Expandable Digital Cordless Phone - KXTG4321B,Panasonic 5.8 GHz Black Expandable Digital Cordless Phone - KXTG4321B/ Multi-Handset Capability/ Digital Answering Machine System/ Ringer ID/ Call Waiting Caller ID/ Voicemail/ Hold/ Mute/ Clock/ Alarm/ LED Lighting/ Speakerphone/ Intercom/ 11 Days Standby/ 5 Hours Talk Time/ Black Finish,,,532
A:33786,Abt,Panasonic 5.8 GHz Black Expandable Digital Cordless Phone System - KXTG4323B,Panasonic 5.8 GHz Black Expandable Digital Cordless Phone System - KXTG4323B/ Include 3 Handsets/ Expandable Up To 4 Handsets/ Digital Answering Machine System/ Ringer ID/ Call Waiting Caller ID/ Voicemail/ Hold/ Mute/ Clock/ Alarm/ LED Lighting/ Speakerphone/ Intercom/ 11 Days Standby/ 5 Hours Talk Time/ Black Finish,,$79.00,533
A:33788,Abt,Panasonic Black Dect 6.0 Cordless Telephone - KXTG9333T,Panasonic Black Dect 6.0 Cordless Telephone - KXTG9333T/ 1 Base And 2 Handsets/ Extended Talk Time/ Reduced Interference/ All-Digital Answering System/ Up To 17 Hours Of Talk Time/ Expandable Up To 6 Handsets/ Up To 3-Way Conference Capability/ Built-In Clock With Alarm/ Digital Speakerphone On Handset/ Black Finish,,,534
A:33790,Abt,Sony Silver Digital Voice Recorder - ICDB600,Sony Silver Digital Voice Recorder - ICDB600/ 512MB Built-In Flash Memory/ Up To 300 Hours Of Recording Time/ 3 Recording Modes/ 4 Message Folders/ Large LCD Display/ Voice Operated Recording/ 250mW Speaker Output/ Date and Time Stamp/ Silver Finish,,$39.00,535
A:33801,Abt,Kenwood 6.1' All-In-One Double-Din In-Dash Navigation - DNX5120,Kenwood 6.1' All-In-One Double-Din In-Dash Navigation - DNX5120/ Built-In Garmin Navigation Board/ USB Direct Control/ Advanced Graphical User Interface/ High-Speed iPod Control/ Front Aux Input/ Satellite Radio Ready/ Black Finish,,,536
A:33804,Abt,Motorola MotoRokr Portable Bluetooth Car Kit Speaker Phone - T505,Motorola MotoRokr Portable Bluetooth Car Kit Speaker Phone - T505/ 2.0 Bluetooth Wireless Technology/ Noise Cancellation Technology/ Loud Sound High Speaker Output/ Audio CallerID/ StationFinder/ Convenient Multi-Function Button/ Long Battery Life/ Mini-USB Connector/ Black Finish,,$129.00,537
A:33831,Abt,Olympus Evolt-420 10 Megapixel Digital SLR Camera With 14-42mm Lens In Black - EVOLTE420KIT,Olympus Evolt-420 10 Megapixel Digital SLR Camera With 14-42mm Lens In Black - EVOLTE420KIT/ On-Screen Autofocus/ Face Detection/ Shadow Adjustment/ Digital Image Stabilization/ Dust Reduction System/ 10-Megapixel/ 2.7' HyperCrystal II LCD/ In-Camera Panorama Mode/ Perfect Shot Preview/ Includes ED 14-42mm f3.5/5.6 Zuiko Digital Zoom Lens/ Black Finish,,,538
A:33863,Abt,Toshiba 22' LCD HDTV With Built In DVD Player In Black - 22LV505,Toshiba 22' LCD HDTV With Built In DVD Player In Black - 22LV505/  Built-In Slot Loading DVD Player/ Built-In ATSC/NTSC/QAM Digital Tuning/ Official DivX® Certified/ PC Input/ Space Saving Design/ Bottom Mount Stereo Speakers/ Black Finish,,,539
A:33864,Abt,Samsung Hi Definition Conversion DVD Player - DVD1080P8,Samsung Hi Definition Conversion DVD Player - DVD1080P8/ Progressive Scan/ HD Upconversion/ Digital-To-Analog Converter/ Dolby Digital Surround Sound/ Child Protection/ HDMI Output/ Black Finish,,$79.90,540
A:33883,Abt,Boston Acoustics Duo-I AM/FM Clock Radio With iPod Dock - HDUOIMDNT,Boston Acoustics Duo-I AM/FM Clock Radio With iPod Dock - HDUOIMDNT/ Integrated iPod Dock/ Precision AM/FM Stereo Tuner/ 3 1/2' Dual High Performance Full-Range Speakers/ BassTrac Audio Processing/ 2 Auxiliary Inputs/ High Contrast Display/ 10 FM & 5 AM Station Presets/ 360º Snooze Bar/ Remote Control Included/ Grey Finish,,$199.00,541
A:33908,Abt,Panasonic Black Blu-ray Disc Theater Sound System - SCBT100,Panasonic Black Blu-ray Disc Theater Sound System - SCBT100/ Full Audio Codec For Blu-ray Disc/ Full-HD 1080p/ Virtual 7.1 Channel Surround With 5 Speakers/ Integrated Universal Dock For iPod/ On-Screen Display For iPod Music Menu/ iPod Video Playback/ SD Memory Card Slot/ Powerful Bass Sound 'Kelton Subwoofer'/ 'Bamboo Diaphragm' Center And Front Speakers/ Wireless Rear Speaker System/ Whisper-Mode Surround/ Black Finish,,,542
A:33921,Abt,Panasonic Black DVD Home Theater Sound System - SCPT660,Panasonic Black DVD Home Theater Sound System - SCPT660/ Kelton Subwoofer/ Bamboo Diaphragm Center Speakers/ 1080p Up-Conversion/ Integrated Universal Dock And On-Screen Display For iPod/ iPod Video Playback/ Whisper-Mode Surround/ Built-In Dolby Digital And DTS Decoder/ High Speed 5-DVD/CD Changer/ Black Finish,,$289.00,543
A:33922,Abt,Panasonic Black DVD Home Theater Sound System - SCPT760,Panasonic Black DVD Home Theater Sound System - SCPT760/ Kelton Subwoofer/ Bamboo Diaphragm Center Speakers/ 1080p Up-Conversion/ Integrated Universal Dock And On-Screen Display For iPod/ iPod Video Playback/ Wireless Rear Speaker System/ Whisper-Mode Surround/ Built-In Dolby Digital And DTS Decoder/ High Speed 5-DVD/CD Changer/ Black Finish,,,544
A:33924,Abt,Panasonic Black DVD Home Theater Sound System - SCPT960,Panasonic Black DVD Home Theater Sound System - SCPT960/ Kelton Subwoofer/ Bamboo Diaphragm Center Speakers/ 1080p Up-Conversion/ Integrated Universal Dock And On-Screen Display For iPod/ iPod Video Playback/ Wireless Rear Speaker System/ Whisper-Mode Surround/ Built-In Dolby Digital And DTS Decoder/ High Speed 5-DVD/CD Changer/ Black Finish,,,545
A:33931,Abt,Toshiba 10.2' Portable DVD Player In Black - SDP101S,Toshiba 10.2' Portable DVD Player In Black - SDP101S/ LCD Display With 800x480 Pixel Resolution/ Swivel And Flip Screen/ Up To 5 Hour Lithium Ion Battery/ DivX Certified/ 4-In-1 Card Slot/ MP3 And WMA Formats/ JPEG Viewer/ Car Cord Adapter/ Dual Headphone Outputs/ Virtual Surround Built-In Speakers,,,546
A:33936,Abt,Panasonic Black 8.5' Portable DVD Player - DVDLS86,Panasonic Black 8.5' Portable DVD Player - DVDLS86/ 8.5' Free Style Wide Screen LCD Display/ 13 Hour Battery/ Multi Format Playback/ Dual Headphone Jacks/ DivX Playback/ Car DC Adapter Included/ Black Finish,,,547
A:33938,Abt,Weber Summit E-620 Copper Liquid Propane Gas Outdoor Grill - 1752001,"Weber Summit E-620 Copper Liquid Propane Gas Outdoor Grill - 1752001/ 6 Stainless Steel Burners/ 60,000 BTU-Per-Hour Input/ Snap-Jet Individual Burner Ignition System/ 838 Sq. In. Total Cooking Area/ Porcelain-Enameled Shroud/ Center-Mounted Thermometer/ Copper Finish/ Liquid Propane Model (LP Tank Not Included)/ Assembly Required",,"$1,899.00",548
A:33948,Abt,Panasonic Black 8.5' Portable DVD Player - DVDLS83,Panasonic Black 8.5' Portable DVD Player - DVDLS83/ 8.5' Free Style Wide Screen LCD Display/ 6 Hour Battery/ Multi Format Playback/ Dual Headphone Jacks/ DivX Playback/ Car DC Adapter Included/ Black Finish,,,549
A:33950,Abt,Whirlpool Cabrio White Top Loading Washer - WTW6700TWH,Whirlpool Cabrio WTW6700TW White Top Loading Washer - WTW6700TWH/ 4.5 Cu. Ft. Capacity/ 11 Cycles/ 5 Temperature Settings/ Direct Inject Wash System/ 6th Sense Technology/ Care Control Temperature Management/ Ultra Quiet Wash Plus Sound Package/ Quick Wash/ Soak Cycle/ Triple Dispenser/ See-Through Tempered Glass Lid/ ENERGY STAR Qualified/ Silver Metallic Top Lid And White Finish,,,550
A:33955,Abt,Panasonic Black 1080p Up-Conversion DVD Recorder And VHS Combo Player - DMREZ48VK,Panasonic Black 1080p Up-Conversion DVD Recorder And VHS Combo Player - DMREZ48VK/ Digital Tuner And 1080p Up-Conversion/ Simple Recording And Playback With VIERA Link/ Digital Camera Connection With SD Memory Card And USB Cable/ Super Multi Format Recording And Playback/ One Touch 2 Way Copying/ DivX Playback/ Auto Drive Select/ Black Finish,,,551
A:33962,Abt,Panasonic Black 1080p Up-Conversion DVD Recorder And VHS Combo Player - DMREA38VK,Panasonic Black 1080p Up-Conversion DVD Recorder And VHS Combo Player - DMREA38VK/ 1080p Up-Conversion/ Simple Recording And Playback With VIERA Link/ Digital Camera Connection With SD Memory Card And USB Cable/ Super Multi Format Recording And Playback/ One Touch 2 Way Copying/ Auto Drive Select/ No tuner /Black Finish,,,552
A:33965,Abt,Logitech Harmony One Advanced Universal Remote Control - HARMONY1,"Logitech Harmony One Advanced Universal Remote Control - HARMONY1/ One-Touch Access To Your Entertainment/ Replaces Up To 15 Remotes/ Full-Color Touch Screen/ Sculpted, Backlighted Buttons In Logical Zones/ Ergonomic Design/ Rechargeable/ Guided Online Setup/ World?s Largest AV Control Database/915-000035",,$249.00,553
A:33966,Abt,Peerless 32' - 45' Articulating Flat Panel TV Black Wall Arm - SA745PU,Peerless 32' - 45' Articulating Flat Panel TV Black Wall Arm - SA745PU/ 90 Lbs Maximum Load Capacity/ One-Touch Tilt/ Arm Extends Up To 29.8' From Wall/ Three Pivot Points With Up To 180 Degree Swivel/ Black Finish,,,554
A:33967,Abt,Panasonic Black 1080p Up-Conversion DVD Recorder - DMREZ28K,Panasonic Black 1080p Up-Conversion DVD Recorder - DMREZ28K/ Digital Tuner And 1080p Up-Conversion/ Simple Recording And Playback With VIERA Link/ Digital Camera Connection With SD Memory Card And USB Cable/ Super Multi Format Recording And Playback/ DivX Playback/ Auto Drive Select/ Black Finish,,,555
A:33971,Abt,Panasonic Black 1080p Up-Conversion DVD Recorder - DMREA18K,Panasonic Black 1080p Up-Conversion DVD Recorder - DMREA18K/ 1080p Up-Conversion/ Simple Recording And Playback With VIERA Link/ Digital Camera Connection With SD Memory Card And USB Cable/ Super Multi Format Recording And Playback/ Auto Drive Select/ Black Finish,,,556
A:33972,Abt,D-Link Wireless N USB Adapter - DWA130,"D-Link Wireless N USB Adapter - DWA130/ Complies With Draft 802.11n Standards And Is Backward Compatible With 802.11b/g/ Up To 300 Mbps Data Transfer Rates, Delivers Up To 12x The Speed And 4x The Range Of Wireless-G/ LED Lights Include Link And Activity/ WEP (Wired Equivalent Privacy), WPA And WPA2 (Wi-Fi Protected Access)/ USB 2.0",,,557
A:33985,Abt,Panasonic VIERA 50' 1080p Plasma HDTV In Black - TH50PZ850U,"Panasonic VIERA 50' 1080p Plasma HDTV In Black - TH50PZ850U/ 1920 x 1080 Resolution/ 1,000,000:1 Dynamic Contrast Ratio/ VIERA Cast Internet TV Capability/ VIERA Link HDAVI Control/ Surround Sound/ BBE ViVA HD3D Sound/ Built-In Closed Caption Decoder/ Built-In SD Card Memory Slot/ Built-In NTSC/ATSC/QAM Tuners/ Black Finish",,,558
A:33997,Abt,Sharp AQUOS 37' Black LCD HDTV - LC37D64U,"Sharp AQUOS 37' Black LCD HDTV - LC37D64U/ 1920 x 1080p Pixel Resolution/ Up To 60,000 Hours Lamp Life/ Built-In ATSC/QAM/NTSC Tuner/ 10,000:1 Dynamic Contrast Ratio/ 4ms Response Time/ 4-Wavelength Backlight System/ Black Finish",,,559
A:33998,Abt,Sony BRAVIA Home Theater System - DAVHDX275,Sony BRAVIA Home Theater System - DAVHDX275/ 5.1 Channel Surround/ 1080p Upscaling Via HDMI/ 1000Watts 5-Disc DVD-CD Player/ Multi-Room S-AIR Technology/ BRAVIA Sync/ iPod Cradle/ Digital Media Port/ Digital Cinema Auto Calibration/ Multi Speaker Formation/ Black And Silver Finish,,,560
A:33999,Abt,Sony Silver 1080p Upscaling DVD Player - DVPNS700HS,Sony Silver 1080p Upscaling DVD Player - DVPNS700HS/ 1080p Upscaling Video Output Through HDMI Connection/ BRAVIA Sync/ High Resolution JPEG Output/ Precision Cinema Progressive Technology/ Precision Drive/ Child Lock/ Multi Disc Resume/ Multi Brand TV Remote Control/ Silver Finish,,,561
A:34000,Abt,Sony Black 1080p Upscaling DVD Player - DVPNS700HB,Sony Black 1080p Upscaling DVD Player - DVPNS700HB/ 1080p Upscaling Video Output Through HDMI Connection/ BRAVIA Sync/ High Resolution JPEG Output/ Precision Cinema Progressive Technology/ Precision Drive/ Child Lock/ Multi Disc Resume/ Multi Brand TV Remote Control/ Black Finish,,,562
A:34001,Abt,Sony Silver 1080p Upscaling 5-Disc DVD Player - DVPNC800HS,Sony Silver 1080p Upscaling 5-Disc DVD Changer - DVPNC800HS/ 5 Disc DVD/CD Changer/ 1080p Upscaling Video Output Through HDMI Connection/ BRAVIA Sync/ High Resolution JPEG Output/ Precision Cinema Progressive Technology/ Precision Drive 3 System/ Child Lock/ Multi Disc Resume/ Multi Brand TV Remote Control/ Silver Finish,,,563
A:34002,Abt,Sony Black 1080p Upscaling 5-Disc DVD Changer - DVPNC800HB,Sony Black 1080p Upscaling 5-Disc DVD Changer - DVPNC800HB/ 5 Disc DVD/CD Changer/ 1080p Upscaling Video Output Through HDMI Connection/ BRAVIA Sync/ High Resolution JPEG Output/ Precision Cinema Progressive Technology/ Precision Drive 3 System/ Child Lock/ Multi Disc Resume/ Multi Brand TV Remote Control/ Black Finish,,,564
A:34003,Abt,Samsung 40' Series 5 LCD Black Flat Panel HDTV - LN40A550,"Samsung 40' Series 5 LCD Black Flat Panel HDTV - LN40A550/ Full 1080p High Definition Resolution/ 16:9 Widescreen Aspect Ratio/ 30,000:1 Dynamic Contrast Ratio/ 5ms Response Time/ SRS TruSurround XT Audio/ Built-In Digital Tuner (ATSC/Clear QAM)/ Picture-In-Picture/ Sound Leveler/ 3 HDMI Slots/ Swivel Stand/ Black Finish",,,565
A:34004,Abt,Samsung 52' Series 5 LCD Black Flat Panel HDTV - LN52A550,"Samsung 52' Series 5 LCD Black Flat Panel HDTV - LN52A550/ Full 1080p High Definition Resolution/ 16:9 Widescreen Aspect Ratio/ 30,000:1 Dynamic Contrast Ratio/ 5ms Response Time/ SRS TruSurround XT Audio/ Built-In Digital Tuner (ATSC/Clear QAM)/ Picture-In-Picture/ Sound Leveler/ 3 HDMI Slots/ Swivel Stand/ Black Finish",,,566
A:34007,Abt,Samsung 40' Series 6 LCD Black Flat Panel HDTV - LN40A650,"Samsung 40' Series 6 LCD Black Flat Panel HDTV - LN40A650/ Full 1080p High Definition Resolution/ 16:9 Widescreen Aspect Ratio/ 50,000:1 Dynamic Contrast Ratio/ 4ms Response Time And Auto Motion Plus 120Hz Technology/ SRS TruSurround XT Audio/ Built-In Digital Tuner (ATSC/Clear QAM)/ Picture-In-Picture/ Auto Volume Leveler/ 4 HDMI Slots/ Swivel Stand/ Piano Black With Hint Amber Finish",,,567
A:34009,Abt,Samsung 46' Series 6 LCD Black Flat Panel HDTV - LN46A650,"Samsung 46' Series 6 LCD Black Flat Panel HDTV - LN46A650/ Full 1080p High Definition Resolution/ 16:9 Widescreen Aspect Ratio/ 50,000:1 Dynamic Contrast Ratio/ 4ms Response Time And Auto Motion Plus 120Hz Technology/ SRS TruSurround XT Audio/ Built-In Digital Tuner (ATSC/Clear QAM)/ Picture-In-Picture/ Auto Volume Leveler/ 4 HDMI Slots/ Swivel Stand/ Piano Black With Hint Amber Finish",,,568
A:34012,Abt,Samsung 52' Series 6 LCD Black Flat Panel HDTV - LN52A650,"Samsung 52' Series 6 LCD Black Flat Panel HDTV - LN52A650/ Full 1080p High Definition Resolution/ 16:9 Widescreen Aspect Ratio/ 50,000:1 Dynamic Contrast Ratio/ 4ms Response Time And Auto Motion Plus 120Hz Technology/ SRS TruSurround XT Audio/ Built-In Digital Tuner (ATSC/Clear QAM)/ Picture-In-Picture/ Auto Volume Leveler/ 4 HDMI Slots/ Swivel Stand/ Piano Black With Hint Amber Finish",,,569
A:34016,Abt,Z-Line Portland Black TV Stand - ZL2344MU,Z-Line Portland Black TV Stand - ZL2344MU/ Accommodates Most Flat Panel LCD/Plasma TVs Up To 50'/ Durable Black Glossy Powder Coat Metal Frame/ Tempered Black Safety Glass Shelves/ Chrome Cylinder Glass Supports/ Swivel Mount/ Wire Management/ Holds 65 lbs Per Shelf/ Distance Between Shelves- 8.25' (Bottom to Middle) and 7' (Middle to the bar below the top shelf)/ Black Finish,,$399.00,570
A:34021,Abt,Samsung 46' Series 5 LCD Black Flat Panel HDTV - LN46A550,"Samsung 46' Series 5 LCD Black Flat Panel HDTV - LN46A550/ Full 1080p High Definition Resolution/ 16:9 Widescreen Aspect Ratio/ 30,000:1 Dynamic Contrast Ratio/ 5ms Response Time/ SRS TruSurround XT Audio/ Built-In Digital Tuner (ATSC/Clear QAM)/ Picture-In-Picture/ Sound Leveler/ 3 HDMI Slots/ Swivel Stand/ Black Finish",,,571
A:34031,Abt,Sony Black USB Stereo Turntable System - PSLX300USB,"Sony Black USB Stereo Turntable System - PSLX300USB/ Transfer Classic Vinyl To PC, Walkman, Or MP3 Player/ USB And RCA Audio Output/ 45 Rpm Record Playback/ Belt Drive System/ Dust Cover/ Black Finish",,$149.00,572
A:34033,Abt,Sony Digital SLR Camera With Lens Kit - DSLRA200W,Sony Alpha Digital SLR Camera With Lens Kit - DSLRA200W/ 10.2 Megapixels/ 2.7' Clear Photo LCD Screen/ Super SteadyShot In-Camera Image Stabilization/ Continuous Burst Mode/ Bionz Image Processor/ ISO Sensitivity/ 9-Point Center Cross AF Sensor/ Scene Selection Modes/ DT 18-70mm f3.5 Zoom Lens And 75-300mm f4.5-5.6 Compact Super Telephoto Zoom Lens Included/ Black Finish,,$849.99,573
A:34036,Abt,Sony Black Handycam Camcorder Soft Carrying Case - LCSX20,Sony Black Handycam Camcorder Soft Carrying Case - LCSX20/ Compatible To Hard Drive And DVD Camcorders/ Stain Resistant Nylon/ Organizer For Accessories/ Shoulder Held Case,,,574
A:34056,Abt,Canon Silver 10 Megapixel PowerShot Digital Camera - SD790IS,Canon Silver 10 Megapixel PowerShot Digital Camera - SD790IS/ 10.0 Megapixel/ 3x Optical Zoom/ Optical Image Stabilizer/ 3.0' PureColor LCD/ Face Detection Technology/ Motion Detection Technology/ DIGIC III Image Processor/ Red-Eye Correction/ Silver Finish,,,575
A:34065,Abt,Canon Silver 10 Megapixel PowerShot Digital Camera - SD890IS,Canon Silver 10 Megapixel PowerShot Digital Camera - SD890IS/ 10.0 Megapixel/ 5x Optical Zoom/ Optical Image Stabilizer/ 2.5' PureColor LCD/ Face Detection Technology/ Motion Detection Technology/ DIGIC III Image Processor/ Red-Eye Correction/ Silver Finish,,,576
A:34076,Abt,Onkyo 7.1-Channel Black Home Theater Receiver - TXSR506B,Onkyo TXSR506 7.1-Channel Black Home Theater Receiver - TXSR506B/ High-Definition Media Capability/ 3 HDMI Inputs/ Audyssey 2EQ And Audyssey Dynamic EQ Sound Correction Technologies/ Advanced 32-Bit Processing DSP Chip/ 4 Digital Inputs/ Support Compressed Digital Music Files/ Double Bass Function/ 40 FM-AM Radio Presets/ iPod Compatible/ Black Finish,,,577
A:34089,Abt,Samsung 19' Black Flat Panel Series 4 LCD HDTV - LN19A450,"Samsung 19' Black Flat Panel Series 4 LCD HDTV - LN19A450/ 3,000:1 Dynamic Contrast Ratio/ 1440 x 900 True 720p Resolution/ 8ms Response Time/ Cold Cathode Fluorescent Lamp (CCFL)/ Hidden Bottom Speakers/ SRS TruSurround XT/ Built-In ATSC/Clear QAM Tuner/ V-Chip System/ Black Finish",,,578
A:34091,Abt,Samsung 26' Black Flat Panel Series 4 LCD HDTV - LN26A450,"Samsung 26' Black Flat Panel Series 4 LCD HDTV - LN26A450/ 5,000:1 Dynamic Contrast Ratio/ 1366 x 768 True 720p Resolution/ 8mm Response Time/ Cold Cathode Fluorescent Lamp (CCFL)/ Hidden Bottom Speakers/ SRS TruSurround XT/ Built-In ATSC/Clear QAM Tuner/ V-Chip System/ Black Finish",,,579
A:34092,Abt,Samsung 32' Black Flat Panel Series 4 LCD HDTV - LN32A450,"Samsung 32' Black Flat Panel Series 4 LCD HDTV - LN32A450/ 10,000:1 Dynamic Contrast Ratio/ 1366 x 768 True 720p Resolution/ 6ms Response Time/ Cold Cathode Fluorescent Lamp (CCFL)/ Hidden Bottom Speakers/ SRS TruSurround XT/ Built-In ATSC/Clear QAM Tuner/ V-Chip System/ Swivel Stand/ Black Finish",,,580
A:34093,Abt,Samsung 50' Black Flat Panel Series 5 Plasma HDTV - PN50A550,"Samsung 50' Black Flat Panel Series 5 Plasma HDTV - PN50A550/ 1920 x 1080 Full HD Resolution/ 1,000,000:1 Dynamic Contrast Ratio/ Ultra FilterBright Anti-Glare And Anti Burn-In Technology/ Built-In HDTV Tuner (ATSC/NTSC) With Clear QAM/ SRS TruSurround XT/ 3D HD Ready/ Swivel Stand/ Black Finish",,,581
A:34095,Abt,Samsung 58' Black Flat Panel Series 5 Plasma HDTV - PN58A550,"Samsung 58' Black Flat Panel Series 5 Plasma HDTV - PN58A550/ 1920 x 1080 Full HD Resolution/ 1,000,000:1 Dynamic Contrast Ratio/ FilterBright Anti-Glare And Anti Burn-In Technology/ Built-In HDTV Tuner (ATSC/NTSC) With Clear QAM/ SRS TruSurround XT/ 3D HD Ready/ Swivel Stand/ Black Finish",,,582
A:34096,Abt,Samsung 50' Black Flat Panel Series 4 Plasma HDTV - PN50A450,"Samsung 50' Black Flat Panel Series 4 Plasma HDTV - PN50A450/ 1366 x 768 True 720p Resolution/ 1,000,000:1 Dynamic Contrast Ratio/ FilterBright Anti-Glare And Anti Burn-In Technology/ Built-In HDTV Tuner (ATSC/NTSC) With Clear QAM/ SRS TruSurround XT/ 3D HD Ready/ Swivel Stand/ Black Finish",,,583
A:34102,Abt,Nyko Charge Base 2 Charger For PlayStation 3 Controller - 743840830535,Nyko Charge Base 2 Charger For PlayStation 3 Controller - 743840830535/ Compact Design/ Rapidly Charges Two PS3 Controllers Simultaneously/ Includes Two USB Charge Adaptors,,$34.99,584
A:34119,Abt,Sony Remote Control Tripod - VCT60AV,Sony Remote Control Tripod - VCT60AV/ A/V Remote Connector/ 4 Stage Leg Extension/ Extends From 18.9' To 57.6' In Height/ Guide Frame Feature/ Available Vertical Position/ Supplied Carrying Case/ Black Finish,,$99.00,585
A:34125,Abt,Belkin Cush Top For Computer Laptop - F8N044ORG,"Belkin Cush Top For Computer Laptop - F8N044ORG/ Uniquely Designed Soft Material For Comfortable Laptop Use On The Couch, Bed, Or Floor/ Convenient Storage Pocket Center/ Multi-Sides Accommodate Any Side Laptop/ 6 Colors To Choose From/ Orange Finish",,,586
A:34126,Abt,Belkin Cush Top For Computer Laptop - F8N044SLV,"Belkin Cush Top For Computer Laptop - F8N044SLV/ Uniquely Designed Soft Material For Comfortable Laptop Use On The Couch, Bed, Or Floor/ Convenient Storage Pocket Center/ Multi-Sides Accommodate Any Side Laptop/ 6 Colors To Choose From/ Silver Finish",,,587
A:34127,Abt,Belkin Cush Top For Computer Laptop - F8N044GRN,"Belkin Cush Top For Computer Laptop - F8N044GRN/ Uniquely Designed Soft Material For Comfortable Laptop Use On The Couch, Bed, Or Floor/ Convenient Storage Pocket Center/ Multi-Sides Accommodate Any Side Laptop/ 6 Colors To Choose From/ Green Finish",,,588
A:34130,Abt,Samsung 5 Disc Black Home Theater System - HTZ410T,"Samsung 5 Disc Black Home Theater System - HTZ410T/ 1000 Watts Total Power/ USB Host Play/ Dolby Digital, Dolby Pro Logic II And DTS Decoders/ 1080p Upconversion/ DivX Playback/ HDMI-CEC/ Black Finish",,,589
A:34135,Abt,Samsung 56' Black Widescreen Series 6 DLP HDTV - HL56A650,"Samsung 56' Black Widescreen Series 6 DLP HDTV - HL56A650/ 1920 x 1080p Resolution/ 2,500:1 Contrast Ratio/ Cinema Smooth Light Engine/ 3D Movie Viewing And Gaming/ DNIe Technology/ 3 HDMI Inputs/ Wiselink USB Connection/ TruSurround XT/ NTSC/ATSC/Clear QAM Tuner/ Black Finish",,,590
A:34136,Abt,Samsung 61' Black DLP Projection HDTV - HL61A650,"Samsung 61' Black Series 6 DLP HDTV - HL61A650/ 1920 x 1080p Resolution/ 2,500:1 Contrast Ratio/ Cinema Smooth Light Engine/ 3D Movie Viewing And Gaming/ DNIe Technology/ 3 HDMI Inputs/ Wiselink USB Connection/ TruSurround XT/ NTSC/ATSC/Clear QAM Tuner/ Black Finish",,,591
A:34150,Abt,Sony Soft Camera Carrying Case - LCSMX100,Sony Soft Camera Carrying Case - LCSMX100/ Stain Resistant Nylon/ Colored Interior/ Movable Partition/ Build-In Modular Interface/ Black Finish,,,592
A:34151,Abt,Panasonic 5.8 GHz Black Expandable Digital Cordless Phone System - KXTG4324B,Panasonic 5.8 GHz Black Expandable Digital Cordless Phone System - KXTG4324B/ 4 Handsets System/ Digital Answering Machine/ Ringer ID/ Call Waiting Caller ID/ Voicemail/ Hold/ Mute/ Clock/ Alarm/ LED Lighting/ Night Mode/ Speakerphone/ Intercom/ 11 Days Standby/ 5 Hours Talk Time/ Black Finish,,,593
A:34153,Abt,Panasonic Silver Lumix Wide Angle Lens Digital Camera - DMCTZ5S,Panasonic Silver Lumix Wide Angle Lens Digital Camera - DMCTZ5S/ 9.1 Megapixel/ LEICA 28mm Wide-Angle Lens With 10x Optical Zoom/ 3.0' LCD Display With Intelligent LCD Function/ Burst Mode/ Scene Mode/ Auto Angle Detection/ 27MB Built-In Memory/ SD Memory Slot/ Silver Finish,,,594
A:34154,Abt,Panasonic Black Lumix Wide Angle Lens Digital Camera - DMCTZ5K,Panasonic Black Lumix Wide Angle Lens Digital Camera - DMCTZ5K/ 9.1 Megapixel/ LEICA 28mm Wide-Angle Lens With 10x Optical Zoom/ 3.0' LCD Display With Intelligent LCD Function/ Burst Mode/ Scene Mode/ Auto Angle Detection/ 27MB Built-In Memory/ SD Memory Slot/ Black Finish,,,595
A:34156,Abt,Transcend 4GB Micro Secure Digital Memory Card - TS4GUSDHC6,Transcend 4GB Micro Secure Digital Memory Card - TS4GUSDHC6/ 4GB MicroSD Card With Adapter/ Compatible With Cell Phones And Mobile Devices With MicroSD Input/ Mechanical Write Protection Switch/ Includes Adapter To Fit SDcard Slot For Data Transfer/ Compliant With Secure Digital Music Initiative/ Black Finish,,,596
A:34158,Abt,Panasonic 40GB Hard Drive Camcorder - SDRH40,Panasonic 40GB Hard Drive Camcorder - SDRH40/ Advanced Optical Image Stabilization/ 40GB Internal Hard Drive/ Up To 36 Hours Recording Time/ Anti-Shock Shield/ One-Touch DVD Copying/ Wind Noise Reduction/ Intelligent Contrast Control/ Built-In SD Slot/ 42x Optical Zoom/ Silver Finish,,,597
A:34165,Abt,Belkin Neoprene Sleeve For MacBook Air - F8N065BLK,Belkin Neoprene Sleeve For MacBook Air - F8N065BLK/ Slim And Lightweight/ High Quality Neoprene Protective Case/ Asymmetrical Zipper/ Black Finish,,,598
A:34174,Abt,Klipsch Groove PM20 Computer Speakers - GROOVEPM20BK,Klipsch Groove PM20 Computer Speakers - GROOVEPM20BK/ 6 Ohms Nominal Impedance/ 3Full-Range 2.5? Fiber Composite Driver/ Overload Protection/ System-Specific Loudness Contour/ Black Finish,,$99.00,599
A:34218,Abt,LG 37' Black LCD Flat Panel HDTV - 37LG50,"LG 37' Black LCD Flat Panel HDTV - 37LG50/ 1920 x 1080p Full HD Resolution/ 15,000:1 Dynamic Contrast Ratio/ 3x HDMI V.1.3 With Deep Color/ Intelligent Sensor/ Clear Voice Technology/ LG SimpLink Connectivity/ USB 2.0/ 60,000 Hours Lamp Life/ ATSC/NTSC/Clear QAM Tuner/ Black Finish",,,600
A:34220,Abt,LG 42' Black Plasma Flat Panel HDTV - 42PG20,"LG 42' Black Plasma Flat Panel HDTV - 42PG20/ 1024 x 768p HD Resolution/ Dual XD Engine/ 20,000:1 Contrast Ratio/ Fluid Motion 180Hz Effect/ 3x HDMI V.1.3 With Deep Color/ Clear Voice Technology/ LG SimpLink Connectivity/ 100,000 Hours To Half Brightness Lamp Life/ PC Input/ ATSC/NTSC/Clear QAM Tuner/ Black Finish",,,601
A:34227,Abt,Maytag JETCLEAN II Black Undercounter Dishwasher - MDB7851BK,Maytag JETCLEAN II MDB7851AW Black Undercounter Dishwasher - MDB7851BK/ 14-Piece Place Setting Oversize Capacity Plus/ SteamClean Option/ Stainless Steel Tub Interior/ Dark DuraGuard Adjustable And Removable Nylon Rack/ QuietSeries 300SS Sound Package/ Automatic Temperature Control/ 5 Wash Levels/ High Pressure Spray Jets/ Ventless Dry System/ Precision Clean Turbidity Sensor/ Control Lockout/ ENERGY STAR Qualified/ NSF Certified/ Black Finish,,,602
A:34253,Abt,Weber Gas Barbecue Rotisserie - 7519,"Weber Gas Barbecue Rotisserie - 7519/ Fits Genesis E-300, S-300 Gas Grills/ Heavy-Duty Electric Motor/ Counterbalance For Smooth Turning",,$80.00,603
A:34256,Abt,Weber Cast Iron Griddle - 7531,Weber Cast Iron Griddle - 7531/ Heavy-Duty Cast Iron Griddle/ Fits Weber Genesis Silver A & Spirit 500 Gas Grills,,$44.99,604
A:34258,Abt,Weber Cast Iron Griddle - 7542,Weber Cast Iron Griddle - 7542/ Heavy-Duty Cast Iron Griddle/ Two-Sided For Cooking A Variety Of Foods/ Fits Several Weber Grills,,$44.99,605
A:34260,Abt,Denon Blu-ray Disc DVD/CD Digital Player/Transport - DVD2500BTCI,Denon Blu-ray Disc DVD/CD Digital Player/Transport - DVD2500BTCI/ HDMI 1.3a With High Definition Output Up To 1080p/ Full 10-Bit Processing For i/p And Scaling Circuit/ Up To 36-Bit Deep Color Support Via HDMI/ Multi-Layered Construction With Dual-Layered Top Shields And Triple-Layered Bottom Shields/ Complete Digital-Only Transport To Eliminate Interference/ Black Finish,,,606
A:34263,Abt,Samsung 22' White Flat Panel LCD HDTV - LN22A451,Samsung 22' White Flat Panel Series 4 LCD HDTV - LN22A451/ 1680 x 1050 Resolution/ 3000:1 Contrast Ratio/ SRS TruSurround XT/ Cold Cathode Fluorescent Lamp (CCFL)/ 8ms Response Time/ Hidden Bottom Speakers/ PC Compatible/ White Finish,,,607
A:34266,Abt,Samsung 42' Black Flat Panel Series 4 Plasma HDTV - PN42A450P,"Samsung 42' Black Flat Panel Series 4 Plasma HDTV - PN42A450P/ 1024 x 768p Resolution/ 1,000,000:1 Dynamic Contrast Ratio/ FilterBright Anti Glare Filter/ DNIe Technology/ ACEsilhouette Editor/ Anti Burn-In Technology/ 3D Technology/ SRS Trusurround XT/ ATSC/NTSC/Clear QAM Built-In Tuners/ Black Finish",,,608
A:34278,Abt,Sony 5.1 Channel Black A/V Receiver - STRDG520,"Sony 5.1 Channel Black A/V Receiver - STRDG520/ 100 Watts X 5 Power/ 1080p HDMI Pass Through/ Accepts 1080/60p And 24p Video Signal Via HDMI/ Dolby Digital, Dolby Pro Logic, Dolby Pro Logic II, Digital Cinema Sound And Dts Decoding/ Black Finish",,$199.00,609
A:34280,Abt,Samsung 22' Black Flat Panel LCD HDTV - LN22A450,Samsung 22' Black Flat Panel Series 4 LCD HDTV - LN22A450/ 1680 x 1050 Resolution/ 3000:1 Contrast Ratio/ SRS TruSurround XT/ Cold Cathode Fluorescent Lamp (CCFL)/ 8ms Response Time/ Hidden Bottom Speakers/ PC Compatible/ Black Finish,,,610
A:34282,Abt,Sony Black Soft Carrying Case - LCSX30,Sony Black Soft Carrying Case - LCSX30/ Stain Resistant Nylon Case/ Increased Interior Capacity/ Modular Interface/ Black Finish,,,611
A:34286,Abt,Omnimount Moda Collection Series Dark Espresso TV Stand - ECHO50,Omnimount Moda Collection Series Dark Espresso TV Stand - ECHO50/ Accommodates Up To 50' Flat Panels And DLPs/ Components Shelf/ Cable Management System/ Rubberized Feet/ Dark Espresso Finish,,,612
A:34298,Abt,Panasonic DECT 6.0 Expandable Digital Cordless Phone With All-Digital Answering System - KXTG9341T,Panasonic DECT 6.0 Expandable Digital Cordless Phone With All-Digital Answering System - KXTG9341T/ Up To 6 Multi-Handset Capability/ Digital Answering Machine System/ Ringer ID/ Call Waiting Caller ID/ Voicemail/ Hold/ Voice Menu/ Marker Message/ Mute/ Clock/ Alarm/ LED Lighting/ Night Mode/ Call Block/ Speakerphone/ 11 Days Standby/ 5 Hours Talk Time/ Black Metallic Finish,,,613
A:34300,Abt,Panasonic DECT 6.0 Expandable Digital Cordless Phone With All-Digital Answering System - KXTG9342T,Panasonic DECT 6.0 Expandable Digital Cordless Phone With All-Digital Answering System - KXTG9342T/ 2 Handsets System/ Up To 6 Multi-Handset Capability/ Digital Answering Machine System/ Ringer ID/ Call Waiting Caller ID/ Voicemail/ Hold/ Voice Menu/ Marker Message/ Mute/ Clock/ Alarm/ LED Lighting/ Night Mode/ Call Block/ Speakerphone/ 11 Days Standby/ 5 Hours Talk Time/ Black Metallic Finish,,,614
A:34301,Abt,LaCie 1TB USB 2.0 External Hard Drive - 301304U,LaCie 1TB USB 2.0 External Hard Drive - 301304U/ Up to 480Mbits/s (60MB/s) Interface Transfer Rate/ Smart Fanless Cooling System For Quiet Operation/ Blue LED For Ambient Underside Glow/ 8MB Cache/ Compatible With Windows And Mac,,,615
A:34303,Abt,Samsung 32' Series 5 LCD Black Flat Panel HDTV - LN32A550,"Samsung 32' Series 5 LCD Black Flat Panel HDTV - LN32A550/ Full 1080p High Definition Resolution/ 16:9 Widescreen Aspect Ratio/ 30,000:1 Dynamic Contrast Ratio/ 5ms Response Time/ SRS TruSurround XT Audio/ Built-In Digital Tuner (ATSC/Clear QAM)/ Picture-In-Picture/ Sound Leveler/ 3 HDMI Slots/ Swivel Stand/ Black Finish",,,616
A:34304,Abt,Samsung 32' Series 6 LCD Black Flat Panel HDTV - LN32A650,"Samsung 32' Series 6 LCD Black Flat Panel HDTV - LN32A650/ Full 1080p High Definition Resolution/ 16:9 Widescreen Aspect Ratio/ 50,000:1 Dynamic Contrast Ratio/ SRS TruSurround XT Audio/ Built-In Digital Tuner (ATSC/Clear QAM)/ Picture-In-Picture/ Auto Volume Leveler/ 4 HDMI Slots/ Swivel Stand/ Piano Black With Hint Amber Finish",,,617
A:34309,Abt,Sony Bravia Wireless Home Theater System In Black - DAVHDX576WF,Sony Bravia Wireless Home Theater System In Black - DAVHDX576WF/ 5.1 Channel Surround Sound/ S-AIR Technology/ Bravia Sync/ Digital Media Port/ HDMI Output With 720P/1080p Upscaling Of DVD Media/ Digital Cinema Auto Calibration/ Portable Audio Enhancer/ Multi Speaker Formation/ Music/Movie Mode/ Black Finish,,,618
A:34349,Abt,Samsung 37' Series 5 LCD Black Flat Panel HDTV - LN37A550,"Samsung 37' Series 5 LCD Black Flat Panel HDTV - LN37A550/ Full 1080p High Definition Resolution/ 16:9 Widescreen Aspect Ratio/ 15,000:1 Dynamic Contrast Ratio/ 5ms Response Time/ SRS TruSurround XT Audio/ Built-In Digital Tuner (ATSC/Clear QAM)/ Picture-In-Picture/ Sound Leveler/ 3 HDMI Slots/ Swivel Stand/ Black Finish",,,619
A:34361,Abt,Samsung Black DVD/VHS Combo Recorder - DVDVR375,Samsung Black DVD/VHS Combo Recorder - DVDVR375/ 1080p Up-Conversion Via HDMI/ Progressive Scan/ Digital-To-Analog Converter/ Records Both DVD Discs And VHS Tapes/ No Tuner /Black Finish,,,620
A:34363,Abt,Speck SeeThru Aqua Hard Shell Case For 20' iMac - IM20AQUSEE,Speck SeeThru Aqua Hard Shell Case For 20' iMac - IM20AQUSEE/ Adds Color And Style To iMac/ Easy And Safe To Use/ Totally Removable/ Case Does Not Cover The Screen Or Camera/ Fits 20' Widescreen iMac/ Aqua Finish,,,621
A:34370,Abt,Sony Alpha DSLR Black Camera Body With 18-70mm Zoom Lens - DSLRA300K,Sony Alpha DSLR Black Camera Body With 18-70mm Zoom Lens - DSLRA300K/ 10.2 MP Super HAD CCD/ Tiltable 2.7 Clear Photo LCD Plus Screen/ Smart Teleconverter 2X Zoom/ Expanded ISO Sensitivity/ Super SteadyShot In-Camera Image Stabilization/ Anti-Dust Technology/ 9-Point Center Cross AF Sensor/ Index and Slide Show Display/ Black Finish,,$599.99,622
A:34378,Abt,Polk Audio I-Sonic ES2 - ISONIC,Polk Audio I-Sonic ES2 Music System - ISONIC/ AM-FM And HD Radio With iPod Dock And iTunes Tagging/ 4 Speaker I-Sonic Technology/ Advanced Digital Signal Processing/ Deep Bass From Patented PowerPort Technology/ Dual Alarm Clock/ Full Complement Of Inputs And Outputs/ Black Finish,,,623
A:34379,Abt,Sony Black Bravia Home Theater System - DAVHDX279W,Sony Black Bravia Home Theater System - DAVHDX279W/ iPod Cradle/ Digital MEDIA Port And S-AIR Surround Wireless Included/ BRAVIA Sync/ 1080p Upscaling Via HDMI/ 5-Disc DVD/CD Player/ Digital Cinema Auto Calibration/ Black Finish,,,624
A:34392,Abt,Polk Audio CSI A4 Black Center Channel Loudspeaker - CSIA4BK,Polk Audio CSI A4 Black Center Channel Loudspeaker - CSIA4BK/ 1' Silk/Polymer Dome Tweeter/ Dual 5-1/4' Mid/Woofers/ Magnetic Shielding/ All-MDF Construction/ Acoustically Inert Stamped Driver Baskets/ Floating Anti-Diffraction Grilles/ Dual Bi-Ampable Gold-Plated 5-Way Binding Post Inputs/ Black Finish/ Sold As A Single,,$279.95,625
A:34393,Abt,Polk Audio CSI A4 Cherry Center Channel Loudspeaker - CSIA4CH,Polk Audio CSI A4 Cherry Center Channel Loudspeaker - CSIA4CH/ 1' Silk/Polymer Dome Tweeter/ Dual 5-1/4' Mid/Woofers/ Magnetic Shielding/ All-MDF Construction/ Acoustically Inert Stamped Driver Baskets/ Floating Anti-Diffraction Grilles/ Dual Bi-Ampable Gold-Plated 5-Way Binding Post Inputs/ Cherry Finish/ Sold As A Single,,$279.95,626
A:34395,Abt,Polk Audio CSI A6 Black Center Channel Loudspeaker - CSIA6BK,Polk Audio CSI A6 Black Center Channel Loudspeaker - CSIA6BK/ Dual 6-1/2' Mid/Woofers/ 1' Silk/Polymer Dome Tweeter/ Dual Rear PowerPort Bass Venting/ Magnetic Shielding/ Mylar Bypass Capacitors/ Acoustic Resonance Control (ARC Port) Technology/ Dual Bi-Ampable Gold-Plated 5-Way Binding Post Inputs/ Butyl Rubber Surrounds/ Floating Anti-Diffraction Grilles/ All-MDF Construction/ Black Finish/ Sold As A Single,,$449.95,627
A:34401,Abt,Whirlpool Cabrio Diamond Dust Top Loading Washer - WTW6700TU,Whirlpool Cabrio Diamond Dust Top Loading Washer - WTW6700TU/ 4.5 Cu. Ft. Capacity/ 11 Cycles/ 5 Temperature Settings/ Direct Inject Wash System/ 6th Sense Technology/ Care Control Temperature Management/ Ultra Quiet Wash Plus Sound Package/ Quick Wash/ Soak Cycle/ Triple Dispenser/ See-Through Tempered Glass Lid/ ENERGY STAR Qualified/ Diamond Dust Finish,,,628
A:34424,Abt,Polk Audio 5.1 Channel Black Home Theater Speaker System - RM705BK,Polk Audio 5.1 Channel Black Home Theater Speaker System - RM705BK/ Heavy-Duty Non-Resonant Composite Enclosures/ Downward Firing Powered 8' Subwoofer/ Built-In Subwoofer Power Amp With Active Crossover/ Three-Sided Cabinet Design/ Magnetically Shielded/ Black Finish,,$499.95,629
A:34442,Abt,Sony 3.1 Channel Home Theater Surround System In Black - HTCT100,Sony 3.1 Channel Home Theater Surround System In Black - HTCT100/ HDMI Active Intelligence/ LPCM Playback/ 3.1 Channel/ S-Force Surround/ BRAVIA® Sync/ Digital Media Port/ Black Finish/ ETA MID JANUARY 2009,,$299.00,630
A:34454,Abt,Polk Audio Black 10' Powered Subwoofer - PSW110BK,Polk Audio PSW110 Black 10' Powered Subwoofer - PSW110BK/ 100 Watts Continuous Average Output/ 200 Watts Dynamic Power Output/ 10' Dynamic Balance Composite Woofer Driver/ Klippel Optimized Woofer/ High Current Class A/B Amplifiers/ Downward Firing Port/ Line And Speaker Level Inputs/ Non-Resonant MDF Construction/ Black Finish,,$299.95,631
A:34465,Abt,Twenty20 VholdR Mount Adhesive - 2200MA,"Twenty20 VholdR Mount Adhesive - 2200MA/ Removable/ Resists Water, Heat And Cold",,$6.00,632
A:34476,Abt,Weber Premium Black Grill Cover - 7550,"Weber Premium Black Grill Cover - 7550/ Heavy-Duty Vinyl/ Compatible With Spirit E-200 Series, Spirit 500 And Genesis Silver A Gas Grills/ Black Finish",,$40.00,633
A:34490,Abt,Samsung 37' Series 4 LCD Black Flat Panel HDTV - LN37A450,"Samsung 37' Series 4 LCD Black Flat Panel HDTV - LN37A450/ True 720p High Definition Resolution/ 16:9 Widescreen Aspect Ratio/ 10,000:1 Dynamic Contrast Ratio/ 6ms Response Time/ SRS TruSurround XT Audio/ Built-In Digital Tuner (ATSC/Clear QAM)/ 3 HDMI Slots/ Hidden Bottom Speakers/ Swivel Stand/ Black Finish",,,634
A:34496,Abt,Samsung Sound Bar Home Theater System - HTX810,Samsung HTX810T Sound Bar Home Theater System - HTX810/ 300 Watts/ 2.1 Channel Dolby Digital And DTS/ 5.1 Virtual Surround Sound/ Built-In 1080p Upconverting DVD Player/ Wireless Subwoofer/ USB Host Play/ Bluetooth Capable/ Smart Volume/ Wall Mountable/ Black Finish,,,635
A:34548,Abt,Sony White Earbud Style Headphones - MDREX55WH,Sony MDREX55WHI White Earbud Style Headphones - MDREX55WH/ 9mm EX Driver Provides Comfort Fit And Deep Bass Sound/ Soft Fitting Silicon Housing/ 3 Sizes Earbuds/ Carrying Pouch/ White Finish,,,636
A:34552,Abt,Sony 32' BRAVIA XBR Series Black LCD Flat Panel HDTV - KDL32XBR6,Sony 32' BRAVIA XBR Series Black LCD Flat Panel HDTV - KDL32XBR6/ 1920 x 1080 Full HD 1080p Resolution/ Digital Media Extender (DMex)/ BRAVIA Engine Technology/ Advanced Contrast Enhancer (ACE)/ Enhanced (XMB) User Interface With Rich 3D Graphics/ 24p True Cinema/ Black Finish,,,637
A:34553,Abt,Sony Stereo Bluetooth Speaker - SRSBTM30,"Sony Stereo Bluetooth Speaker - SRSBTM30/ Compact, Lightweight And Compatible With Bluetooth-Enabled Devices Such As MP3 Players, Mobile Phones And PCs/ 2-Way Power Supply/ 1 Analog Input",,,638
A:34557,Abt,Sony Black Earbud Style Headphones - MDREX55BK,Sony MDREX55BLK Black Earbud Style Headphones - MDREX55BK/ 9mm EX Driver Provides Comfort Fit And Deep Bass Sound/ Soft Fitting Silicon Housing/ 3 Sizes Earbuds/ Carrying Pouch/ Black Finish,,$39.00,639
A:34559,Abt,Sony Pink Earbud Style Headphones - MDREX55P,Sony MDREX55PNK Pink Earbud Style Headphones - MDREX55P/ 9mm EX Driver Provides Comfort Fit And Deep Bass Sound/ Soft Fitting Silicon Housing/ 3 Sizes Earbuds/ Carrying Pouch/ Pink Finish,,,640
A:34595,Abt,Hoover EmPower Bagless Upright Vacuum - U5269,Hoover EmPower Bagless Upright Vacuum - U5269/ Hush Mode/ Power Boost/ No Assembly Required/ Folding Handle For Easy Storage/ Allergen Filter/ 12 Amp Motor/ Tools Included/ Green Finish,,$99.00,641
A:34609,Abt,Panasonic DECT 6.0 Expandable Digital Cordless Phone With All-Digital Answering System - KXTG9344T,Panasonic DECT 6.0 Expandable Digital Cordless Phone With All-Digital Answering System - KXTG9344T/ 4 Handsets System/ Up To 6 Multi-Handset Capability/ Digital Answering Machine System/ Ringer ID/ Call Waiting Caller ID/ Voicemail/ Hold/ Voice Menu/ Marker Message/ Mute/ Clock/ Alarm/ LED Lighting/ Night Mode/ Call Block/ Speakerphone/ 11 Days Standby/ 5 Hours Talk Time/ Black Metallic Finish,,$139.00,642
A:34610,Abt,Panasonic DECT 6.0 Expandable Digital Cordless Phone With All-Digital Answering System - KXTG9343T,Panasonic DECT 6.0 Expandable Digital Cordless Phone With All-Digital Answering System - KXTG9343T/ 3 Handsets System/ Up To 6 Multi-Handset Capability/ Digital Answering Machine System/ Ringer ID/ Call Waiting Caller ID/ Voicemail/ Hold/ Voice Menu/ Marker Message/ Mute/ Clock/ Alarm/ LED Lighting/ Night Mode/ Call Block/ Speakerphone/ 11 Days Standby/ 5 Hours Talk Time/ Black Metallic Finish,,,643
A:34624,Abt,Sony 7.1 Channel Black A/V Receiver - STRDG720,"Sony 7.1 Channel Black A/V Receiver - STRDG720/ 105 Watts X 7 Amplifier Power/ Accepts 1080/60p And 24p Video Signal Via HDMI/ BRAVIA Sync/ Digital MEDIA Port/ Digital Cinema Auto Calibration/ Digital Cinema Sound/ Dolby Digital, Dolby Digital EX, Dolby Pro Logic II, Dolby Pro Logic IIx, Dts, Dts-ES, Dts 96/24, Dts NEO:6 Decoding/ Black Finish",,,644
A:34637,Abt,Sony Black Speaker Dock And Clock Radio For iPod And iPhone - ICFC1IPMK2BLK,Sony ICFC1IPMK2 Black Speaker Dock And Clock Radio For iPod And iPhone - ICFC1IPMK2BLK/ Unique Adjustable Backstop For iPods/ 3 Wake-Sleep Sound Alert Options/ Digital AM-FM Tuner/ Alarm Clock/ Automatic Time Set/ Automatic Daylight Savings Time/ Battery Charger/ Audio Input/ Black Finish,,,645
A:34638,Abt,Sony White Speaker Dock And Clock Radio For iPod And iPhone - ICFC1IPMK2WHT,Sony ICFC1IPMK2 White Speaker Dock And Clock Radio For iPod And iPhone - ICFC1IPMK2WHT/ Unique Adjustable Backstop For iPods/ 3 Wake-Sleep Sound Alert Options/ Digital AM-FM Tuner/ Alarm Clock/ Automatic Time Set/ Automatic Daylight Savings Time/ Battery Charger/ Audio Input/ White Finish,,,646
A:34640,Abt,Contour Design Showcase Premium Protection Case For 80 GB iPod Classic - SHCLS80B02,Contour Design Showcase Premium Protection Case For 80 GB iPod Classic - SHCLS80B02/ For 80 GB iPod Classic/ Dual Layer Hybrid Protection/ Shock Absorbing Rubber Combined With Crystal Clear Plastic/ Removable Belt Clip/ Open And Shut Case With Dual Secure Sliding Latch,,,647
A:34648,Abt,Samsung 46' Series 7 LCD Black Flat Panel HDTV - LN46A750,"Samsung 46' Series 7 LCD Black Flat Panel HDTV - LN46A750/ Touch Of Color Design/ Full 1080p High Definition Resolution/ 16:9 Widescreen Aspect Ratio/ 50,000:1 Dynamic Contrast Ratio/ 4ms Response Time/ SRS TruSurround XT Audio/ Built-In Digital Tuner (ATSC/Clear QAM)/ Picture-In-Picture/ 4 HDMI Connections (3 Rear/1 Side)/ Black With Red Accent Finish",,,648
A:34657,Abt,Samsung 40' Series 7 LCD Black Flat Panel HDTV - LN40A750,"Samsung 40' Series 7 LCD Black Flat Panel HDTV - LN40A750/ Touch Of Color Design/ Full 1080p High Definition Resolution/ 16:9 Widescreen Aspect Ratio/ 50,000:1 Dynamic Contrast Ratio/ 4ms Response Time/ SRS TruSurround XT Audio/ Built-In Digital Tuner (ATSC/Clear QAM)/ Picture-In-Picture/ 4 HDMI Connections (3 Rear/1 Side)/ Black With Red Accent Finish",,,649
A:34659,Abt,Mitsubishi 735 Series 60' 1080p DLP Rear Projection Black HDTV - WD60735,Mitsubishi 735 Series 60' 1080p DLP Rear Projection Black HDTV - WD60735/ 1920 x 1080 Full HD Resolution/ xvColor/ Tru1080p Processing/ Plush1080p/ 4D Video Noise Reduction/ 6-Color Processor/ 3D Ready/ Front USB Input/ 3 Rear HDMI 1.3 Inputs/ Black Finish,,,650
A:34661,Abt,Mitsubishi 735 Series 65' 1080p DLP Rear Projection Black HDTV - WD65735,Mitsubishi 735 Series 65' 1080p DLP Rear Projection Black HDTV - WD65735/ 1920 x 1080 Full HD Resolution/ xvColor/ Tru1080p Processing/ Plush1080p/ 4D Video Noise Reduction/ 6-Color Processor/ 3D Ready/ Front USB Input/ 3 Rear HDMI 1.3 Inputs/ Black Finish,,,651
A:34662,Abt,Mitsubishi 736 Series 65' 1080p DLP Rear Projection Black HDTV - WD65736,Mitsubishi 736 Series 65' 1080p DLP Rear Projection Black HDTV - WD65736/ 1920 x 1080 Full HD Resolution/ xvColor/ Tru1080p Processing/ Plush1080p/ 4D Video Noise Reduction/ 6-Color Processor/ DeepField Imager/ 3D Ready/ NetCommand IR/ Front USB And HDMI Input/ 3 Rear HDMI 1.3 Inputs/ Black Finish,,,652
A:34666,Abt,Panasonic VIERA 50' Plasma Flat Panel Black HDTV - TH50PZ800U,"Panasonic VIERA 50' Plasma Flat Panel Black HDTV - TH50PZ800U/ 1920 x 1080 Full HD Resolution/ One-Sheet Glass Design/ Anti-Reflective Screen/ 4096 Shades of Gradation/ 1,000,000:1 Dynamic Contrast Ratio/ 24p Film Mode/ THX Certified/ VIERA Link/ Deep Color/ x.v.Color/ Digital Comb Filter/ 3D Color Management/ Motion Pattern Noise Reduction/ Black Finish",,,653
A:34697,Abt,LaCie 500GB d2 Quadra External Hard Drive - 301825U,LaCie 500GB d2 Quadra External Hard Drive - 301825U/ Quadruple Interface For Full PC And Mac Compatibility/ Interface Bandwidth Up To 3Gbits/s (eSATA)/ Advanced Aluminum Heat Sink Design Cooling System For Quiet Operation/ 7200 Rotational Speed (rpm)/ 16MB Cache/ Compatible With Time Machine,,$159.00,654
A:34708,Abt,Onkyo Black CD Receiver System - CS325,Onkyo Black CD Receiver System - CS325/ 14 Watts per Channel/ Wide Range Amplifier Technology/ Plays Audio CDs And MP3s/ MP3 Settings/ 4-Mode Timer/ iPod Compatible With RI Dock/ Super Bass Function/ Battery Free Memory Backup/ Black Finish,,,655
A:34719,Abt,Panasonic DECT 6.0 Black Expandable Digital Cordless Phone - KXTG9361B,Panasonic DECT 6.0 Black Expandable Digital Cordless Phone - KXTG9361B/ Drop And Splash Resistant/ Multi-Handset Capability/ Ringer ID/ Call Waiting Caller ID/ Voicemail/ Hold/ Mute/ Clock/ Alarm/ LED Lighting/ Night Mode/ Call Block/ Speakerphone/ 11 Days Standby/ 5 Hours Talk Time/ Black Finish,,$48.00,656
A:34723,Abt,Sony 1GB Memory Stick PRO Duo Mark 2 Media Card - MSMT1G,Sony 1GB Memory Stick PRO Duo Mark 2 Media Card - MSMT1G/ 160 Mbps Transfer Speed/ 940MB Actual Capacity,,$19.00,657
A:34724,Abt,Sony 2GB Memory Stick PRO Duo Mark 2 Media Card - MSMT2G,Sony 2GB Memory Stick PRO Duo Mark 2 Media Card - MSMT2G/ 160 Mbps Transfer Speed/ 1.85GB Actual Capacity,,$29.99,658
A:34725,Abt,Sony 4GB Memory Stick PRO Duo Mark 2 Media Card - MSMT4G,Sony 4GB Memory Stick PRO Duo Mark 2 Media Card - MSMT4G/ 160 Mbps Transfer Speed/ Ideal For AVCHD Recording/ 3.66GB Actual Capacity,,,659
A:34727,Abt,Sony 8GB Memory Stick PRO Duo Mark 2 Media Card - MSMT8G,Sony 8GB Memory Stick PRO Duo Mark 2 Media Card - MSMT8G/ 160 Mbps Transfer Speed/ Ideal For AVCHD Recording/ 7.35GB Actual Capacity,,,660
A:34728,Abt,Sony 16GB Memory Stick PRO Duo Mark 2 Media Card - MSMT16G,"Sony 16GB Memory Stick PRO Duo Mark 2 Media Card - MSMT16G/ 160 Mbps Transfer Speed/ Captures Approximately 5 Hours Of HD Recording/ Holds Up To Approximately 4,500 8 Megapixel Images/ 14.9GB Actual Capacity",,,661
A:34747,Abt,Canon BCI-6 Multipack Ink Tanks - 4705A018,"Canon BCI-6 Multipack Ink Tanks - 4705A018/ Includes 1 Black, 1 Magneta, 1 Light Magenta, 1 Cyan, 1 Light Cyan, And 1 Yellow Cartridge/ BCI-6 Color Inkjet Cartridge/ For Canon i9900 & Pixma iP8500 Series Printers",,,662
A:34751,Abt,Panasonic DECT 6.0 Black Expandable Digital Cordless Phone System - KXTG9372B,Panasonic DECT 6.0 Black Expandable Digital Cordless Phone System - KXTG9372B/ Drop And Splash Resistant/ 2 Handsets/ Up To 6 Multi-Handset Capability/ Digital Answering Machine System/ Ringer ID/ Call Waiting Caller ID/ Voicemail/ Hold/ Mute/ Clock/ Alarm/ LED Lighting/ Night Mode/ Call Block/ Speakerphone/ 11 Days Standby/ 5 Hours Talk Time/ Black Finish,,,663
A:34754,Abt,Panasonic DECT 6.0 Black Metallic Expandable Digital Cordless Phone System - KXTG9332T,Panasonic DECT 6.0 Black Metallic Expandable Digital Cordless Phone System - KXTG9332T/ 2 Handsets/ Up To 6 Multi-Handset Capability/ Digital Answering Machine System/ Ringer ID/ Call Waiting Caller ID/ Voicemail/ Hold/ Mute/ Clock/ Alarm/ LED Lighting/ Night Mode/ Call Block/ Speakerphone/ 11 Days Standby/ 5 Hours Talk Time/ Black Metallic Finish,,,664
A:34770,Abt,Samsung 52' Series 7 Black Flat Panel LCD HDTV - LN52A750,"Samsung 52' Series 7 Black Flat Panel LCD HDTV - LN52A750/ 1920 x 1080 Full HD Resolution/ 50,000:1 Dynamic Contrast Ratio/ 4ms Response Time/ SRS Trusurround XT/ Touch Of Color Design/ Auto Motion Plus 120Hz/ Ultra Clear Panel/ Pre-Loaded Content/ Black Finish",,,665
A:34791,Abt,Canon PG-40 Black Ink Cartridge Twin Pack - PG40TBK,"Canon PG-40 Black Ink Cartridge Twin Pack - PG40TBK/ Compatible With Canon FAX-JX200, PIXMA iP1600, PIXMA iP1700, PIXMA iP6000D, PIXMA MP150, PIXMA MP160, PIXMA MP170, PIXMA MP180, PIXMA MP450, PIXMA MP460/ Black Ink",,,666
A:34815,Abt,Pioneer Black Premier Single CD Receiver - DEHP700BT,Pioneer Black Premier Single CD Receiver - DEHP700BT/ Built-In Bluetooth Solution/ USB Direct Control For iPod/ Advanced Sound Retriever/ 3 RCA Hi-Volt Preouts/ Two-Way Crossover/ Built-In MOSFET 50 W x 4 Amplifier/ Supertuner IIID/ Amplifier Off Mode/ Display Off Mode,,$308.00,435
A:34824,Abt,Sony DSLR-A350 Digital Camera And 18-70mm Zoom Lens - DSLRA350K,Sony DSLR-A350 Digital Camera And 18-70mm Zoom Lens - DSLRA350K/ 14.2 Megapixel/ Tiltable 2.7 Clear Photo LCD Plus Screen/ Smart Teleconverter 2X Zoom/ Bionz Image Processor/ Super SteadyShot In-Camera Image Stabilization/ Anti-Dust Technology/ Eye-Start Autofocus System/ Auto Pop-Up Flash/ Black Finish,,,667
A:34829,Abt,Speck SeeThru Clear Hard Shell Case For MacBook Air - MBACLRSEE,Speck SeeThru Clear Hard Shell Case For MacBook Air - MBACLRSEE/ Thin And Sleek Protective Case/ Access To All Ports/ 2-Piece Snap On/ Clear Finish,,,668
A:34831,Abt,Speck SeeThru Pink Hard Shell Case For MacBook Air - MBAPNKSEE,Speck SeeThru Pink Hard Shell Case For MacBook Air - MBAPNKSEE/ Thin And Sleek Protective Case/ Access To All Ports/ 2-Piece Snap On/ Pink Finish,,,669
A:34836,Abt,Sony Picture Station Digital Photo Printer - DPPFP95,"Sony Picture Station Digital Photo Printer - DPPFP95/ HDMI Output/ Lab-Quality Prints In 45 Seconds/ One-Button Auto Touch-Up/ Compatible With Memory Stick, SD, Compact Flash, And xD Card/ White Finish",,,670
A:34848,Abt,LG Stainless Steel Freestanding Electric Range - LRE30453SS,LG Stainless Steel Freestanding Electric Range - LRE30453SS/ 5.6 Cu. Ft. Capacity/ Touch Controls/ EvenJet Convection System/ Wideview Window/ 5 Cooktop Elements With Warming Zone/ Auto Recipe Conversion/ Self-Cleaning/ GoCook Smart Oven Light/ Storage Drawer/ Stainless Steel Finish,,,671
A:34854,Abt,Sony 19' BRAVIA M-Series Silver LCD Flat Panel HDTV - KDL19M4000S,Sony 19' BRAVIA M-Series Silver LCD Flat Panel HDTV - KDL19M4000S/ 720p Resolution (1440x900)/ Up To 1080/60p Input Capable Via HDMI/ MPEG Noise Reduction/ 3D Comb Filter/ ATSC/NTSC Tuner With QAM/ VESA Hole Spacing Compatible/ CineMotion Reverse 3:2 Pulldown Technology/ Silver Finish,,,672
A:34858,Abt,Sony 26' BRAVIA M-Series Black LCD Flat Panel HDTV - KDL26M4000,"Sony 26' BRAVIA M-Series Black LCD Flat Panel HDTV - KDL26M4000/ 1366 x 768p Resolution/ Advanced Contrast Enhancer Circuit (ACE)/ BRAVIA Engine Fully Digital Video Processor/ ATSC/NTSC Tuner With QAM/ 9,000:1 Dynamic Contrast Ratio/ 3D Comb Filter/ Black Finish",,,673
A:34860,Abt,LG LDC22720ST 22 Cu. Ft. Smooth White Bottom Freezer Refrigerator - LDC22720SS,LG LDC22720ST 22 Cu. Ft. Stainless Steel Bottom Freezer Refrigerator - LDC22720SS/ 4 Split Tempered Glass Shelves/ Upfront Digital Temperature Controls/ 2 Clear Humidity Controlled Crispers/ Multi-Air Flow Cooling/ IcePlus Accelerated Freezing Function/ LoDecibel Quiet Operation/ BioShield Anti-Bacterial Door Seal/ Freezer Drawer/ Stainless Steel Finish,,,674
A:34864,Abt,Sony 46' BRAVIA S-Series Black LCD Flat Panel HDTV - KDL46S4100,"Sony 46' BRAVIA S-Series Black LCD Flat Panel HDTV - KDL46S4100/ 1920 x 1080 Full HD Resolution/ 24p True Cinema/ ATSCTM/NTSC Tuner With QAM/ 2,500:1 Contrast Ratio/ CineMotion Reverse 3:2 Pulldown Technology/ 3D Comb Filter/ MPEG Noise Reduction/ Black Finish",,,675
A:34878,Abt,TomTom ONE 130S Car GPS Navigation System - 1EE005202,TomTom ONE 130S Car GPS Navigation System - 1EE005202/ 3.5' LCD Anti-Glare Touch Screen/ Pre-Installed Maps/ Internal Lithium-Ion Battery/ Car Speed Linked Volume/ Automatic Day/Night Mode/ QuickGPSfix/ Text-To-Speech Included,,$246.95,676
A:34880,Abt,TomTom ONE XL 330 Car GPS Navigation System - 1EG005200,TomTom ONE XL 330 Car GPS Navigation System - 1EG005200/ 4.3' LCD Anti-Glare Touch Screen/ Pre-Installed Maps/ Internal Lithium-Ion Battery/ Car Speed Linked Volume/ Automatic Day/Night Mode/ QuickGPSfix,,$246.95,677
A:34881,Abt,Sony 32' BRAVIA L-Series Black LCD Flat Panel HDTV - KDL32L4000,"Sony 32' BRAVIA L-Series Black LCD Flat Panel HDTV - KDL32L4000/ 1366 x 768 Resolution/ Up To 1080/60p Input Capable Via HDMI/ ATSC/NTSC Tuner With QAM/ 2,000:1 Contrast Ratio/ CineMotion Reverse 3:2 Pulldown Technology/ 3D Digital Comb Filter/ VESA Hole Spacing Compatible/ Black Finish",,,678
A:34883,Abt,TomTom ONE XL 330S Car GPS Navigation System - 1EG005201,TomTom ONE XL 330S Car GPS Navigation System - 1EG005201/ 4.3' LCD Anti-Glare Touch Screen/ Pre-Installed Maps/ Internal Lithium-Ion Battery/ Car Speed Linked Volume/ Automatic Day/Night Mode/ QuickGPSfix/ Text-To-Speech Included,,$296.95,679
A:34894,Abt,Sony 46' BRAVIA W-Series Black LCD Flat Panel HDTV - KDL46W4100,"Sony 46' BRAVIA W-Series Black LCD Flat Panel HDTV - KDL46W4100/ 1920 x 1080 Full HD Resolution/ DMex/ Motionflow 120Hz Technology/ Advanced Contrast Enhancer (ACE)/ BRAVIA Sync Technology/ 24p True Cinema/ 30,000:1 Dynamic Contrast Ratio/ 3D Comb Filter/ CineMotion Reverse 3:2 Pulldown Technology/ Silver With Black Finish",,,680
A:34895,Abt,Sony 52' BRAVIA V-Series Black LCD Flat Panel HDTV - KDL52V4100,"Sony 52' BRAVIA V-Series 1080p LCD Flat Panel HDTV - KDL52V4100/ 1920 x 1080 Full HD Resolution/ Digital Media Extender (DMex)/ Advanced Contrast Enhancer (ACE)/ 24p True Cinema/ 25,000:1 Dynamic Contrast Ratio/ MPEG Noise Reduction/ 3D Comb Filter/ CineMotion Reverse 3:2 Pulldown Technology/ Black Finish",,,681
A:34897,Abt,Sony 52' BRAVIA W-Series Black LCD Flat Panel HDTV - KDL52W4100,"Sony 52' BRAVIA W-Series Black LCD Flat Panel HDTV - KDL52W4100/ 1920 x 1080 Full HD Resolution/ DMex/ Motionflow 120Hz Technology/ Advanced Contrast Enhancer (ACE)/ BRAVIA Sync Technology/ 24p True Cinema/ 30,000:1 Dynamic Contrast Ratio/ 3D Comb Filter/ CineMotion Reverse 3:2 Pulldown Technology/ Black Finish",,,682
A:34899,Abt,Sony Black 9 Megapixel Cyber-Shot Digital Camera - DSCH50B,Sony Black 9 Megapixel Cyber-Shot Digital Camera - DSCH50B/ 9 Megapixels/ 3.0' Tilt-Up Clear Photo LCD Plus Display/ Carl Zeiss 15X Optical Zoom Lens/ 15 MB Internal Memory/ Versatile Long Distance Flash/ Smart Zoom/ In-Camera Red-Eye Correction/ Smile Shutter Technology/ Face Detection/ In-Camera Retouching/ Super SteadyShot Optical Image Stabilization/ Double Anti-Blur Solution/ HDTV Compatibility/ NightShot Infrared System/ Black Finish,,,683
A:34901,Abt,Onkyo 7.1-Channel Home Theater Black Receiver - TXSR606B,Onkyo 7.1-Channel Home Theater Black Receiver - TXSR606B/ 90 Watts Per Channel Power Amplifier/ HDMI 1080i Upscaling Powered By Faroudja DCDi Edge/ TrueHD And DTS-HD Decoding/ HDMI v1.3a Repeater/ Optimum Gain Volume/ Audyssey Dynamic EQ/ Analog To HDMI Upconversion/ Music Optimizer/ AV Sync/ Black Finish,,,684
A:34904,Abt,Sony Black 13.6 Megapixel Cyber-Shot Digital Camera - DSCW300,Sony Black 13.6 Megapixel Cyber-Shot Digital Camera - DSCW300/ 13.6 Megapixel/ Carl Zeiss 3X Optical Zoom Lens/ 2.7' Clear Photo LCD Display/ In-Camera Retouching/ 15 MB Internal Memory/ In-Camera Red-Eye Correction/ Super SteadyShot Optical Image Stabilization/ Double Anti-Blur Solution/ Black Finish,,,685
A:34905,Abt,Sony Black Camcorder Tripod - VCT80AV,Sony Black Camcorder Tripod - VCT80AV/ 3 Stage Leg Extension/ Extends From 24.88' To 65.88' In Height/ Guide Frame Feature/ Available Vertical Position/ For A/V Remote Connector/ Supplied Carrying Case/ Black Finish,,$180.00,686
A:34926,Abt,LG Black Freestanding Electric Range - LRE30757BK,LG Black Freestanding Electric Range - LRE30757BK/ 5.6 Cu. Ft. Capacity/ Dual Convection/ Self-Cleaning/ Touch Controls/ Ceramic Cooktop/ WideView Window/ Warming Drawer/ Interior Oven Light/ Black Finish,,,687
A:34927,Abt,LG Stainless Steel Freestanding Electric Range - LRE30757SS,LG Stainless Steel Freestanding Electric Range - LRE30757SS/ 5.6 Cu. Ft. Capacity/ Dual Convection/ Self-Cleaning/ Touch Controls/ Ceramic Cooktop/ WideView Window/ Warming Drawer/ Interior Oven Light/ Stainless Steel Finish,,,688
A:34928,Abt,LG 5.6 Cu. Ft. White Freestanding Electric Range - LRE30453WH,LG 5.6 Cu. Ft. White Freestanding Electric Range - LRE30453WH/ IntuiTouch Control System/ EvenJet Convection System/ 5.6 Cubic Capacity/ Wideview Oven Window/ 5 Radiant Elements/ 25 Heating Settings/ White Finish,,,689
A:34934,Abt,LG 5.6 Cu. Ft. Black Freestanding Electric Range - LRE30453BK,LG 5.6 Cu. Ft. Black Freestanding Electric Range - LRE30453BK/ IntuiTouch Control System/ EvenJet Convection System/ 5.6 Cubic Capacity/ Wideview Oven Window/ 5 Radiant Elements/ 25 Heating Settings/ Black Finish,,,690
A:34937,Abt,LG LFC23760ST 22.6 Cu. Ft. Stainless Steel French Door Bottom Freezer Refrigerator - LFC23760SS,LG LFC23760ST 22.6 Cu. Ft. Stainless Steel French Door Bottom Freezer Refrigerator - LFC23760SS/ 4 Split Tempered Glass Shelves/ Upfront Digital Temperature Controls/ 2 OptiBin Clear Humidity Crispers/ Multi-Air Flow Cooling/ IcePlus Accelerated Freezing Function/ LoDecibel Quiet Operation/ BioShield Anti-Bacterial Door Seal/ Pull-Out Freezer Drawer/ Stainless Steel Finish,,,691
A:34941,Abt,Sony 7.1 Channel Black A/V Receiver - STRDG820,"Sony 7.1 Channel Black A/V Receiver - STRDG820/ 770 Watts Total Power (110W x 7)/ Accepting Resolutions Up To 1080p Via HDMI/ Digital Cinema Auto Calibration/ BRAVIA Sync/ Digital Cinema Sound/ Dolby Digital, Dolby Digital EX, Dolby Pro Logic II, Dolby Pro Logic IIx, Dts, Dts-ES, Dts 96/24, Dts NEO:6 Decoding/ Black Finish",,$399.00,692
A:34944,Abt,Samsung 67' Black Widescreen Series 7 LED DLP HDTV - HL67A750,"Samsung 67' Black Widescreen Series 7 LED DLP HDTV - HL67A750/ 1920 x 1080p Resolution/ 10,000:1 Contrast Ratio/ Digital Noise Reduction/ CinemaPure Color Engine/ Get The Full Effect Of 3D/ LED Backlight/ NTSC/ATSC/Clear QAM Built-In Tuners/ 60,000 Hours Lamp Life/ Black Finish",,,693
A:34945,Abt,LG LFC25770SW 25.0 Cu. Ft. Smooth White French Door Bottom Freezer Refrigerator - LFC25770WH,LG LFC25770SW 25.0 Cu. Ft. Smooth White French Door Bottom Freezer Refrigerator - LFC25770WH/ 4 Slide Out Tempered Glass Shelves/ Internal LED Touch Pad Digital Temperature Controls/ 2 Humidity Crispers/ 4 Compartment Crisper System/ Multi Air Flow Cooling/ IcePlus Accelerated Freezing Function/ LoDecibel Quiet Operation/ BioShield Anti Bacterial Door Seal/ Pull Out Freezer Drawer/ Smooth White Finish,,,694
A:34946,Abt,LG LFC25770SB 25.0 Cu. Ft. Smooth Black French Door Bottom Freezer Refrigerator - LFC25770BK,LG LFC25770SB 25.0 Cu. Ft. Smooth Black French Door Bottom Freezer Refrigerator - LFC25770BK/ 4 Slide Out Tempered Glass Shelves/ Internal LED Touch Pad Digital Temperature Controls/ 2 Humidity Crispers/ Multi Air Flow Cooling/ IcePlus Accelerated Freezing Function/ LoDecibel Quiet Operation/ BioShield Anti Bacterial Door Seal/ Pull Out Freezer Drawer/ Smooth Black Finish,,,695
A:34947,Abt,LG LFC25770ST 25.0 Cu. Ft. Stainless Steel French Door Bottom Freezer Refrigerator - LFC25770SS,LG LFC25770ST 25.0 Cu. Ft. Stainless Steel French Door Bottom Freezer Refrigerator - LFC25770SS/ 4 Slide Out Tempered Glass Shelves/ Internal LED Touch Pad Digital Temperature Controls/ 2 Humidity Crispers/ Multi-Air Flow Cooling/ IcePlus Accelerated Freezing Function/ LoDecibel Quiet Operation/ BioShield Anti-Bacterial Door Seal/ Pull-Out Freezer Drawer/ Stainless Steel Finish,,,696
A:34948,Abt,LG 25.0 Cu. Ft. Titanium French Door Bottom Freezer Refrigerator - LFC25770TT,LG 25.0 Cu. Ft. Titanium French Door Bottom Freezer Refrigerator - LFC25770TT/ 4 Slide Out Tempered Glass Shelves/ Internal LED Touch Pad Digital Temperature Controls/ 2 Humidity Crispers/ Multi-Air Flow Cooling/ IcePlus Accelerated Freezing Function/ LoDecibel Quiet Operation/ BioShield Anti-Bacterial Door Seal/ Pull-Out Freezer Drawer/ Titanium Finish,,,697
A:34959,Abt,Plantronics .Audio 920 Bluetooth Headset - AUDIO920,Plantronics .Audio 920 Bluetooth Headset - AUDIO920/ Switch Between Mobile Phone & PC/ Multipoint Technology/ Skype Ready/ Noise Canceling Microphone/ Wind Screen/ 100% Plug & Play/ Dark Grey Finish,,,698
A:34960,Abt,Sony Weather Shower CD Clock Radio - ICFCD73W,Sony Weather Shower CD Clock Radio - ICFCD73W/ AM/FM/Weather Band/ Splash Resistant/ 5 Direct Access Buttons/ Shuttle Dial Operation/ LCD Display/ Digital Clock/ Hanging Strap,,,699
A:34961,Abt,LG LFX25971SW 24.7 Cu. Ft. Smooth White French Door Bottom Freezer Refrigerator - LFX25971WH,LG LFX25971SW 24.7 Cu. Ft. Smooth White French Door Bottom Freezer Refrigerator - LFX25971WH/ 3 Slide Out Tempered Glass Shelves/ Digital LED Display/ SmoothTouch Digital Temperature Controls/ 2 Humidity Crispers/ Multi-Air Flow Cooling/ IcePlus Accelerated Freezing Function/ LoDecibel Quiet Operation/ BioShield Anti-Bacterial Door Seal/ Pull-Out Freezer Drawer/ Smooth White Finish,,,700
A:34962,Abt,LG LFX25971SB 24.7 Cu. Ft. Smooth Black French Door Bottom Freezer Refrigerator - LFX25971BK,LG LFX25971SB 24.7 Cu. Ft. Smooth Black French Door Bottom Freezer Refrigerator - LFX25971BK/ 3 Slide Out Tempered Glass Shelves/ Digital LED Display/ SmoothTouch Digital Temperature Controls/ 2 Humidity Crispers/ Multi-Air Flow Cooling/ IcePlus Accelerated Freezing Function/ LoDecibel Quiet Operation/ BioShield Anti-Bacterial Door Seal/ Pull-Out Freezer Drawer/ Smooth Black Finish,,,701
A:34963,Abt,LG LFX25971ST 24.7 Cu. Ft. Stainless Steel French Door Bottom Freezer Refrigerator - LFX25971SS,LG LFX25971ST 24.7 Cu. Ft. Stainless Steel French Door Bottom Freezer Refrigerator - LFX25971SS/ 3 Slide Out Tempered Glass Shelves/ Digital LED Display/ SmoothTouch Digital Temperature Controls/ 2 Humidity Crispers/ Multi-Air Flow Cooling/ IcePlus Accelerated Freezing Function/ LoDecibel Quiet Operation/ BioShield Anti-Bacterial Door Seal/ Pull-Out Freezer Drawer/ Stainless Steel Finish,,,702
A:34966,Abt,Samsung MiniDV Digital Camcorder - SCDC382,Samsung MiniDV Digital Camcorder - SCDC382/ 680K Pixel CCD/ 34X Zoom Lens/ 720 x 480 Pixel Movie Resolution/ Digital Image Stabilizer/ 23 Language Options/ 80 Minute Battery Life,,,703
A:34968,Abt,Sony Splash Resistant Shower Radio - ICFS79W,Sony Multi Band Digital Tuner Shower Radio - ICFS79W/ Splash Resistant/ AM/FM/Weather Band Reception/ Easy One Button Weather Band Select/ Built-In Digital Clock/ Selectable Automatic-Off Timer/ Quartz Synthesized Tuner/ Built-In Antennas,,$49.00,704
A:34969,Abt,LG 32' Black LCD Flat Panel HDTV - 32LG30,"LG 32' Black LCD Flat Panel HDTV - 32LG30/ 1366 x 768 Resolution/ 12,000:1 Dynamic Contrast Ratio/ Clear Voice Technology/ Invisible Speaker System/ LG Simplink/ 8ms Response Time/ XD Engine/ Black Finish",,,705
A:34976,Abt,Onkyo Black 7.1-Channel Home Theater System - HTS5100B,Onkyo HTS5100 Black 7.1-Channel Home Theater System - HTS5100B/ Connect Up To 3 HDMI-Enabled Sources/ Audio Playback From Your iPod/ Music Optimizer/ Corrects Room Distortion/ Compatible With Sirius Satellite Radio/ 4 Digital Inputs/ Advanced 32-Bit Processing DSP Chip/ Double Bass Function/ iPod Dock Included/ Black Finish,,,706
A:34981,Abt,Sony 32' BRAVIA M-Series Gloss Black LCD Flat Panel HDTV - KDL32M4000,"Sony 32' BRAVIA M-Series Gloss Black LCD Flat Panel HDTV - KDL32M4000/ 1366 x 768 Resolution/ 9,000:1 Dynamic Contrast Ratio/ Advanced Contrast Enhancer (ACE)/ ATSC/NTSC Tuner With QAM/ 3D Comb Filter/ BRAVIA Theatre Sync/ Clean Wire Management/ Gloss Black Finish",,,707
A:34998,Abt,Samsung 50' Widescreen Plasma HDTV - PN50A650,"Samsung 50' Widescreen Plasma HDTV - PN50A650/ Touch Of Color/ Ultra FilterBright Anti Glare Technology/ 1,000,000:1 Dynamic Contrast Ratio/ Picture-In-Picture/ Anti-Burn-In Technology/ Sports/Game/Movie Modes/ Single Integrated User Interface With Wheel-Key Remote/ ATSC/NTSC/Clear QA Tuners",,,708
A:35010,Abt,LG 30' White Freestanding Gas Range - LRG30357WH,LG 30' White Freestanding Gas Range - LRG30357WH/ 5.0 Cu. Ft. Capacity Oven/ SuperBoil Burner/ 5 Burner System/ SmoothTouch Controls/ Warming Drawer/ Electronic Ignition System/ One Piece Recessed Cooktop/ Self-Cleaning Oven/ White Finish,,,709
A:35011,Abt,LG 30' Black Freestanding Gas Range - LRG30357BK,LG 30' Black Freestanding Gas Range - LRG30357BK/ 5.0 Cu. Ft. Capacity Oven/ SuperBoil Burner/ 5 Burner System/ SmoothTouch Controls/ Warming Drawer/ Electronic Ignition System/ One Piece Recessed Cooktop/ Self-Cleaning Oven/ White Finish,,,710
A:35012,Abt,Samsung 5 Disc Home Theater Surround Sound System - HTZ510,Samsung 5 Disc Home Theater Surround Sound System - HTZ510/ 5-Disc DVD Changer/ HDMI Output/ 5.1 Channel Home Theater Audio System/ Multimedia Disc Playback/ XM Satellite Radio-Ready/ Wireless Ready/ iPod Connectivity Compatible/ Black Finish,,,711
A:35014,Abt,LG 30' Stainless Steel Freestanding Gas Range - LRG30357SS,LG 30' Stainless Steel Freestanding Gas Range - LRG30357SS/ 5.0 Cu. Ft. Capacity Oven/ SuperBoil Burner/ 5 Burner System/ SmoothTouch Controls/ Warming Drawer/ Electronic Ignition System/ One Piece Recessed Cooktop/ Self-Cleaning Oven/ Stainless Steel Finish,,,712
A:35018,Abt,Samsung 5 Disc Home Theater Surround Sound System - HTTZ515,"Samsung 5 Disc Home Theater Surround Sound System - HTTZ515/ 5.1 Channel/ 5 Disc Capability/ USB Host Play/ iPod Dock/ DivX Playback/ Dolby Digital, Dolby Pro Logic And DTS System/ Black Finish",,,713
A:35019,Abt,LG Over-The-Range White Microwave Oven - LMV1680WH,LG Over-The-Range White Microwave Oven - LMV1680WH/ Hidden Venting System/ 300 CFM Exhaust System/ Dual Distribution Technology/ Incandescent Cooktop Light/ Bi-Level Cooking Rack/ Melt & Soften Feature/ Child Lock/ White Finish,,,714
A:35022,Abt,LG Over-The-Range Black Microwave Oven - LMV1680BK,LG Over-The-Range Black Microwave Oven - LMV1680BK/ Hidden Venting System/ 300 CFM Exhaust System/ Dual Distribution Technology/ Incandescent Cooktop Light/ Bi-Level Cooking Rack/ Melt & Soften Feature/ Child Lock/ Black Finish,,,715
A:35024,Abt,LG Over-The-Range Stainless Steel Microwave Oven  - LMV1680SS,LG Over-The-Range Stainless Steel Microwave Oven - LMV1680SS/ Hidden Venting System/ 300 CFM Exhaust System/ Dual Distribution Technology/ Incandescent Cooktop Light/ Bi-Level Cooking Rack/ Melt & Soften Feature/ Child Lock/ Stainless Steel Finish,,,716
A:35031,Abt,LG 2.0 Cu. Ft. Over-The-Range White Microwave Oven - LMVM2085WH,LG 2.0 Cu. Ft. Over-The-Range White Microwave Oven - LMVM2085WH/ Warming Lamp/ Glide & Spin Sliding Tray With Turntable/ Sensor Cook Feature/ 300 CFM Exhaust System/ Horizontal Keypad/ Elegant Hidden Vent/ WideView Window/ Halogen Cooktop Lighting/ White Finish,,,717
A:35033,Abt,LG 2.0 Cu. Ft. Over-The-Range Black Microwave Oven - LMVM2085BK,LG 2.0 Cu. Ft. Over-The-Range Black Microwave Oven - LMVM2085BK/ Warming Lamp/ Glide & Spin Sliding Tray With Turntable/ Sensor Cook Feature/ 300 CFM Exhaust System/ Horizontal Keypad/ Elegant Hidden Vent/ WideView Window/ Halogen Cooktop Lighting/ Black Finish,,,718
A:35034,Abt,LG 52' Black LCD Flat Panel HDTV - 52LG50,"LG 52' Black LCD Flat Panel HDTV - 52LG50/ Full HD 1080p Resolution/ 15,000:1 Dynamic Contrast Ratio/ Three HDMI V.1.3 With Deep Color/ Intelligent Sensor/ AV Mode/ Clear Voice/ LG SimpLink Connectivity/ Invisible Speaker System/ USB 2.0/ Black Finish",,,719
A:35035,Abt,LG 2.0 Cu. Ft. Over-The-Range Stainless Steel Microwave Oven - LMVM2085SS,LG 2.0 Cu. Ft. Over-The-Range Stainless Steel Microwave Oven - LMVM2085SS/ Warming Lamp/ Glide & Spin Sliding Tray With Turntable/ Sensor Cook Feature/ 300 CFM Exhaust System/ Horizontal Keypad/ Elegant Hidden Vent/ WideView Window/ Halogen Cooktop Lighting/ Stainless Steel Finish,,,720
A:35044,Abt,LG 47' Black LCD Flat Panel HDTV - 47LG50,"LG 47' Black LCD Flat Panel HDTV - 47LG50/ Full HD 1080p Resolution/ 15,000:1 Dynamic Contrast Ratio/ Three HDMI V.1.3 With Deep Color/ Intelligent Sensor/ AV Mode/ Clear Voice/ LG SimpLink Connectivity/ Invisible Speaker System/ USB 2.0/ Black Finish",,,721
A:35045,Abt,Samsung Black Combo DVD/VHS Player - DVDV9800,Samsung Black Combo DVD/VHS Player - DVDV9800/ Progressive Scan/ 1080p Up-Conversion Via HDMI/ 10Bit / 54MHz Digital-To-Analog Converter/ 4-Head Hi-Fi VCR/ Black Finish/ No Tuner,,$98.00,722
A:35052,Abt,Sharp 26' Black LCD HDTV With Built In DVD Player - LC26DV24U,Sharp 26' Black LCD HDTV With Built In DVD Player - LC26DV24U/ Side Loading Progressive Scan DVD Player/ True 16:9 Aspect Ratio (1366 x 768)/ 500 cd/m2 Brightness/ 800:1 Contrast Ratio/ 8ms Response Time/ 1 HDMI/ PC Input/ Black Finish,,,723
A:35054,Abt,Pioneer 4'x6' 2-Way Component Plate Speaker - TSP462,Pioneer 4'x6' 2-Way Component Plate Speaker - TSP462/ 150 Watts Maximum Power/ Foamed IMPP Composite Cone/ 1' Soft Dome Tweeter,,,724
A:35060,Abt,Omnimount Stellar Series Audio Tower - G303DARK,Omnimount Stellar Series Audio Tower - G303DARK/ Designed For Large Audio Components/ Supports Tabletop Flat Panels/ Three ?Floating? Shelf Design/ Integrated Cable Management/ Black Finish,,$299.00,725
A:35111,Abt,Peerless 37' - 60' Flat Panel TV Black Wall Mount  - ST660P,Peerless 37' - 60' Flat Panel TV Black Wall Mount  - ST660P/ Plasma Flat Panel TVs/ 200 lbs Load Capacity/ Up To 15 Degrees Of Forward Tilt And -5 Degrees Backward Tilt/ Black Finish,,,726
A:35153,Abt,Weber Q 320 Liquid Propane Table And Outdoor Grill - 586002,"Weber Q 320 Liquid Propane Table And Outdoor Grill - 586002/ 462 Sq. In. Total Cooking Area/ 21,700 BTU Stainless Steel Burners/ Porcelain-Enameled Cast-Iron Cooking Grate/ Cast-Aluminum Lid And Body/ Electronic Ignition/ Grill Out Handle Light/ Folding Work Tables With Tool Holders/ Removable Catch Pan/ Built-In Thermometer/ Stationary Cart Included/ Black And Aluminum Finish/ Assembly Required",,$379.00,727
A:35165,Abt,LG 24' LDS4821WW Semi Integrated Built In White Dishwasher - LDS4821WH,LG 24' LDS4821WW Semi Integrated Built In White Dishwasher - LDS4821WH/ XL Tall Tub Cleans Up To 16 Place Settings At Once/ Adjustable Upper Rack/ LoDecibel Quiet Operation/ SenseClean Wash System/ 4 Wash Cycles With 3 Spray Arms/ Multi-Level Water Direction/ Slim Direct Drive Motor/ Semi-Integrated Electronic Control Panel/ White Finish,,,728
A:35175,Abt,LG 24' LDS4821BB Semi Integrated Built In Black Dishwasher - LDS4821BK,LG 24' LDS4821BB Semi Integrated Built In Black Dishwasher - LDS4821BK/ XL Tall Tub Cleans Up To 16 Place Settings At Once/ Adjustable Upper Rack/ LoDecibel Quiet Operation/ SenseClean Wash System/ 4 Wash Cycles With 3 Spray Arms/ Multi-Level Water Direction/ Slim Direct Drive Motor/ Semi-Integrated Electronic Control Panel/ Black Finish,,,729
A:35183,Abt,LG 24' LDF6920WW Fully Integrated Built In White Dishwasher - LDF6920WH,LG 24' LDF6920WW Fully Integrated Built In White Dishwasher - LDF6920WH/ XL Tall Tub Cleans Up To 16 Place Settings At Once/ Adjustable Upper Rack/ LoDecibel Quiet Operation/ SenseClean Wash System/ 5 Wash Cycles With 3 Spray Arms/ Multi-Level Water Direction/ Slim Direct Drive Motor/ Fully Integrated Electronic Control Panel/ White Finish,,,730
A:35185,Abt,Sony Black Component Home Theater System - HT7200DH,Sony Black Component Home Theater System - HT7200DH/ 900 Watts/ 5.1 Channels/ HDMI 1080p Output DVD Player/ HDMI Active Intellegence AV Receiver/ 5 Satellite Speakers/ XM Ready/ Black Finish,,$499.00,731
A:35186,Abt,LG 24' LDF6920ST Fully Integrated Built In Stainless Steel Dishwasher - LDF6920SS,LG 24' LDF6920ST Fully Integrated Built In Stainless Steel Dishwasher - LDF6920SS/ XL Tall Tub Cleans Up To 16 Place Settings At Once/ Adjustable Upper Rack/ LoDecibel Quiet Operation/ SenseClean Wash System/ 5 Wash Cycles With 3 Spray Arms/ Multi-Level Water Direction/ Slim Direct Drive Motor/ Fully Integrated Electronic Control Panel/ Stainless Steel Finish,,,732
A:35190,Abt,LG 24' LDF6920BB Fully Integrated Built In Black Dishwasher - LDF6920BK,LG 24' LDF6920BB Fully Integrated Built In Black Dishwasher - LDF6920BK/ XL Tall Tub Cleans Up To 16 Place Settings At Once/ Adjustable Upper Rack/ LoDecibel Quiet Operation/ SenseClean Wash System/ 5 Wash Cycles With 3 Spray Arms/ Multi-Level Water Direction/ Slim Direct Drive Motor/ Fully Integrated Electronic Control Panel/ Black Finish,,,733
A:35194,Abt,Sony 37' BRAVIA XBR Series Black LCD Flat Panel HDTV - KDL37XBR6,Sony 37' BRAVIA XBR Series Black LCD Flat Panel HDTV - KDL37XBR6/ 1920 x 1080 Full HD 1080p Resolution/ Digital Media Extender (DMex)/ BRAVIA Engine Technology/ Advanced Contrast Enhancer (ACE)/ Enhanced (XMB) User Interface With Rich 3D Graphics/ 24p True Cinema/ Black Finish,,,734
A:35201,Abt,Sony 40' BRAVIA Z Series Black LCD Flat Panel HDTV - KDL40Z4100B,Sony 40' BRAVIA Z Series Black LCD Flat Panel HDTV - KDL40Z4100B/ 1920 x 1080 Full HD 1080p Resolution/ Digital Media Extender (DMex)/ BRAVIA Engine Technology/ Advanced Contrast Enhancer (ACE)/ Enhanced (XMB) User Interface With Rich 3D Graphics/ 24p True Cinema/ Black Finish,,,735
A:35216,Abt,Samsung Black Blu-ray Player - BDP1500,"Samsung Black Blu-ray Player - BDP1500/ 1080p With 24Hz Video Output/ x.v.Color Connectivity (HDMI v1.3 Option)/ Selectable DVD Upconversion (720p/1080i/1080p)/ Anynet+ (HDMI-CEC)/ Dolby Digital, Dolby Digital Plus, Dolby TrueHD And DTS-HD Master Audio/ Ethernet Port/ Black Finish",,,736
A:35218,Abt,Garmin Nuvi 255W GPS Navigation System - 0100071820,Garmin Nuvi 255W GPS Navigation System - 0100071820/ 3D Map View/ Auto Re-Route/ Route Avoidance/ Custom POIs/ Where Am I Feature/ Configurable Vehicle Icons/ Voice Prompts/ Choice Of Route Set Up/ Touchscreen/ Garmin Lock,,,737
A:35219,Abt,Sony 46' BRAVIA Z Series Black LCD Flat Panel HDTV - KDL46Z4100B,Sony 46' BRAVIA Z Series Black LCD Flat Panel HDTV - KDL46Z4100B/ 1920 x 1080 Full HD 1080p Resolution/ Digital Media Extender (DMex)/ BRAVIA Engine Technology/ Advanced Contrast Enhancer (ACE)/ Enhanced (XMB) User Interface With Rich 3D Graphics/ 24p True Cinema/ Black Finish,,,738
A:35226,Abt,Sony 42' BRAVIA V Series Black LCD Flat Panel HDTV - KDL42V4100,Sony 42' BRAVIA V Series Black LCD Flat Panel HDTV - KDL42V4100/ 1920 x 1080 Full HD 1080p Resolution/ Digital Media Extender (DMex)/ BRAVIA Engine Technology/ Advanced Contrast Enhancer (ACE)/ Enhanced (XMB) User Interface With Rich 3D Graphics/ 24p True Cinema/ Black Finish,,,739
A:35231,Abt,LG LMX25981ST 24.7 Cu. Ft. Capacity Stainless Steel French Door Refrigerator - LMX25981SS,"LG LMX25981ST 24.7 Cu. Ft. Capacity Stainless Steel French Door Refrigerator - LMX25981SS/ Double Freezer Drawers/ Tall Ice & Water Dispensing Center/ Sophisticated Design, Inside & Out/ 4 Compartment Crisper System/ LoDecibel Quiet Operation/ Contour Doors With Hidden Hinges/ Premium LED Interior Light/ Stainless Steel Finish",,,740
A:35237,Abt,TomTom Black Carry Case - 9UEA01700,TomTom Black Carry Case - 9UEA01700/ Specifically Designed For TomTom ONE 130 GPS/ Durable And Compact Protective Hardcover Material/ Wrist Strap/ Black Finish,,$19.00,741
A:35247,Abt,LG 52' Black LCD Flat Panel HDTV - 52LG70,"LG 52' Black LCD Flat Panel HDTV - 52LG70/ 1920 x 1080p Full HD Resolution/ 15,000:1 Dynamic Contrast Ratio/ TruMotion 120Hz/ HDMI v1.3 With Deep Color/ Intelligent Sensor/ 24p Real Cinema/ Clear Voice Technology/ Invisible Speaker System/ LG SimpLink/ Black Finish",,,742
A:35276,Abt,Pioneer KURO 50' Black Plasma HDTV - PDP5020FD,Pioneer KURO 50' Black Plasma HDTV - PDP5020FD/ 1920 x 1080p Full HD Resolution/ New Home Media Gallery Home Network Connectivity/ Four Independent HDMI v1.3 Inputs/ Anti-Reflective Filter/ Cell Structure With Crystal Emissive Layer/ ASIC Video Processing And Scaling/ Detachable Bottom Speaker/ Room Light Sensor/ ATSC/NTSC Tuner With Clear QAM/ 1080p 24/60Hz Signal Via HDMI/ Black Finish,,,743
A:35277,Abt,Pioneer KURO 60' Black Plasma HDTV - PDP6020FD,Pioneer KURO 60' Black Plasma HDTV - PDP6020FD/ 1920 x 1080p Full HD Resolution/ New Home Media Gallery Home Network Connectivity/ Four Independent HDMI v1.3 Inputs/ Anti-Reflective Filter/ Cell Structure With Crystal Emissive Layer/ ASIC Video Processing And Scaling/ Detachable Bottom Speaker/ Room Light Sensor/ ATSC/NTSC Tuner With Clear QAM/ 1080p 24/60Hz Signal Via HDMI/ Black Finish,,,744
A:35282,Abt,Nikon COOLPIX P80 Digital Camera In Black - COOLPIXP80,Nikon COOLPIX P80 Digital Camera In Black - COOLPIXP80/ 10.1 Megapixels/ 18x Optical Wide-Angle Zoom-NIKKOR Lens / 2.7' High-Resolution LCD/ Electronic Viewfinder/ Auto Adjusts Up To ISO 6400/ In-Camera Red-Eye Fix/ Face-Priority AF/ D-Lighting/ High Quality TV Movies With Sound/ Black Finish,,,745
A:35305,Abt,Panasonic 60GB Hard Drive Camcorder - SDRH60,Panasonic 60GB Hard Drive Camcorder - SDRH60/ Advanced Optical Image Stabilization/ 60GB Internal Hard Drive/ Up To 64 Hours Recording Time/ Anti-Shock Shield/ One-Touch DVD Copying/ Wind Noise Reduction/ Intelligent Contrast Control/ Built-In SD Slot/ 50x Optical Zoom/ Silver Finish,,,746
A:35306,Abt,Panasonic DECT 6.0 Silver Expandable Digital Cordless Phone System - KXTG9332S,Panasonic DECT 6.0 Silver Expandable Digital Cordless Phone System - KXTG9332S/ 2 Handsets System/ Digital Answering Machine/ Ringer ID/ Talking Caller ID/ Voicemail/ Hold/ Mute/ Clock/ Alarm/ LED Lighting/ Night Mode/ Speakerphone/ Intercom/ 11 Days Standby/ 5 Hours Talk Time/ Silver Finish,,,747
A:35308,Abt,Bracketron Black GPS Low-Pro Windshield Mount - SWM400BL,Bracketron GPS Low-Pro Windshield Mount - SWM400BL/ Low Profile Design/ Compatible For Mounting Many Mobile Electronics Devices/ Easy-To-Install/ Rotating 360 Degree Head/ Black Finish,,,748
A:35309,Abt,LG 32' Black LCD Flat Panel HDTV With Built In DVD Player - 32LG40,"LG 32' Black LCD Flat Panel HDTV With Built In DVD Player - 32LG40/ 720p HD Resolution/ 12,000:1 Dynamic Contrast Ratio/ Side-Loading Progressive Scan DVD Player/ Super Multi-Format/ x3 HDMI 1.3/ AV Mode/ Clear Voice/ Invisible Speaker System/ Expert Mode/ PC Input/ Black Finish",,,749
A:35332,Abt,Mitsubishi 835 Diamond Series 65' 1080p DLP Rear Projection HDTV - WD65835,Mitsubishi 835 Diamond Series 65' 1080p DLP Rear Projection HDTV - WD65835/ 1920 x 1080 Full HD Resolution/ 6-Color Processor/ Smooth 120Hz/ x.v.Color/ Plush1080p 12-Bit Digital Video Processing/ Color 4D Video Noise Reduction/ 3D Ready/ NetCommand/ DeepField Imager/ Black Finish,,,750
A:35334,Abt,Mitsubishi 835 Diamond Series 73' 1080p DLP Rear Projection HDTV - WD73835,Mitsubishi 835 Diamond Series 73' 1080p DLP Rear Projection HDTV - WD73835/ 1920 x 1080 Full HD Resolution/ 6-Color Processor/ Smooth 120Hz/ x.v.Color/ Plush1080p 12-Bit Digital Video Processing/ Color 4D Video Noise Reduction/ 3D Ready/ NetCommand/ DeepField Imager/ Black Finish,,"$3,499.00",751
A:35384,Abt,Sony Black DVD Recorder And VHS Combo Player - RDRVX560,"Sony Black DVD Recorder And VHS Combo Player - RDRVX560/ Multiformat DVD Compatible/ HDMI Output With 1080p,1080i,720p Upscaling/ USB One Touch Dubbing/ 4 Video Head Stereo VHS With 19 Micron Heads/ Virtual Surround Sound For DVD With Stereo TV Speakers/ Black Finish",,$219.00,752
A:35388,Abt,Panasonic VIERA 46' Black Plasma Flat Panel 1080p HDTV - TH46PZ850U,"Panasonic VIERA 46' Black Plasma Flat Panel 1080p HDTV - TH46PZ850U/ 1,920 x 1,080 Resolution/ 1,000,000:1 Dynamic Contrast Ratio/ 5,120 Equivalent Shades Of Gradation/ 24p Cinematic Playback/ x.v.Color/ Motion Adaptive 3D Y/C Digital Comb Filter/ Motion Pattern Noise Reduction/ Black Finish",,,753
A:35415,Abt,Uniden DECT 6.0 Digital Accessory Handset  - DCX300,Uniden DECT 6.0 Digital Accessory Handset - DCX300/ DECT 6.0 Interference Free Cordless Frequency/ Large Color Display/ Blue Backlit Keypad/ Handset Speakerphone/ Intercom or Call Transfer Between Handsets/ Polyphonic Ring Tones/ Advanced Phonebook Features/ Last 5 Number Redial/ Piano Black Finish,,$34.00,754
A:35431,Abt,Panasonic VIERA 32' Class Widescreen LCD HDTV In Black - TC32LZ800,Panasonic VIERA 32' Class Widescreen LCD HDTV In Black - TC32LZ800/  IPS High-Definition LCD Panel/ 10000:1 Contrast Ratio/ 178° Wide Viewing Angle/ 6.7ms Response/ Intelligent Scene Controller/ Built-In SD Card Slot/ 3 HDMI Inputs And DVI Audio Input/ Simulated Surround Sound/ Black Finish,,,755
A:35467,Abt,Peerless 23' - 46' Universal Flat Panel TV Black Wall Mount - SF640P,Peerless 23' - 46' Universal Flat Panel TV Black Wall Mount - SF640P/ Supports Up To 150 Lbs/ Open Wall Plate Design/ Ultra-Slim Design Holds Screen Only 1.2' From The Wall/ Black Finish,,,756
A:35475,Abt,Sony DVD Recorder In Black - RDRGX360,Sony DVD Recorder In Black - RDRGX360/ 1080p/1080i/720p Upscaling For DVD/ USB One Touch Dubbing/ Line Input Recording/ BRAVIA Sync/ DVD+R Double Layer Recording/ Dolby Digital Decoding Playback Compatible/ Black Finish,,$179.00,757
A:35477,Abt,Griffin iTrip FM Transmitter - 4052TRPSEB,Griffin iTrip FM Transmitter - 4052TRPSEB/ One-Touch Tuning/ New SmartSound? Technology/ Back-Lit Display/ Included USB-to-Mini-USB Cable/ 10-30 Foot Operation Range/ No Batteries Required/ Black Finish,,,758
A:35485,Abt,Haier 15' Black Flat Panel LCD HDTV DVD Combo - HLC15R,Haier 15' Black Flat Panel LCD HDTV DVD Combo - HLC15R/ 720p Resolution/ 300:1 Contrast Ratio/ 16ms Response Time/ 3D Digital Comb Filter/ ATSC/NTSC/QAM Tuner/ Video Noise Reduction/ Black Finish,,,759
A:35498,Abt,Sennheisser Hi-Fi Wireless Headphone - RS130,Sennheisser Hi-Fi Wireless Headphone - RS130/ Switchable SRS Surround Sound Mode/ Intelligent Auto-Tuning/ Memory Function/ Self-Learning Automatic Level Control/ Black Finish,,$159.95,760
A:35519,Abt,BlueAnt Black Bluetooth Headset - Z9I,BlueAnt Black Bluetooth Headset - Z9I/ Pairs With 5 Devices/ Bluetooth Version 2.0 Technology/ Dual Microphones For Pure Speech/ Revolutionary Voice Isolation Technology/ Automatic Connection And Reconnection With Notification/ Firmware Upgrade Via USB On Your PC/ Up To 5.5 Hours Talk Time/ 200 Hours Standby Time/ Gloss Black Finish,,$99.00,761
A:35525,Abt,Panasonic Black Expandable Digital Cordless Dect 6.0 Phone System - KXTG9348T,Panasonic Black Expandable Digital Cordless Dect 6.0 Phone System - KXTG9348T/ Automatic Clarity Booster/ 5 Hours Talk Time/ 11 Days Standby/ White Backlit LCD/ 6-Step Speakerphone Volume/ 1 Drop & Splash Resistant Phone/ 1.9GHz Frequency Range/ Night Mode/ Black Finish,,,762
A:35530,Abt,Escort Passport 9500CI Radar Detector - 9500CI,Escort Passport 9500CI Radar Detector - 9500CI/ 360 Degree Protection/ Completely Undetectable To All Detector Scanners/ Variable-Speed Radar Performance/ GPS-Powered Truelock Filter/ Adaptive Signal Processing/ Speed Alert/ Crystal-Clear Voice Alerts/ 280 LED Matrix Blue Display/ 5 Levels Of Brightness Control/ Black Finish/ Price Includes Installation,,"$1,995.00",763
A:35552,Abt,Garmin Vehicle Adjustable Suction Cup Mount - 0101082303,Garmin Vehicle Adjustable Suction Cup Mount - 0101082303/ No Installation Required/ Securely Mounts Your GPS To Dash/ Black Finish,,,764
A:35591,Abt,Samsung 72' Series 6 Black Widescreen DLP HDTV - HL72A650,"Samsung 72' Series 6 Black Widescreen DLP HDTV - HL72A650/ 1920 x 1080p Resolution/ 2,500:1 Contrast Ratio/ Entertainment Mode/ Cinema Smooth Light Engine/ 3D Movie Viewing And Gaming/ DNIe Technology/ 3 HDMI Inputs/ TruSurround XT/ Built-In Digital Tuner/ Ultra-Thin Slim Bezel/ ENERGY STAR Compliant/ Black Finish",,,765
A:35623,Abt,Peerless 10' - 22' Flat Panel TV Black Pivot Wall Arm - PP730,Peerless 10' - 22' Flat Panel TV Black Pivot Wall Arm - PP730/ Extends 7.01' From The Wall/ Retracts To 1.88' To Save Space/ Integrated Cable Management/ Pre-Tensioned Tilt Mechanism/ Black Finish,,,766
A:35662,Abt,Garmin Nuvi 205 GPS Navigation System - 0100071740,"Garmin Nuvi 205 GPS Navigation System - 0100071740/ 3.5' Antiglare Display/ Contiguous U.S., Canada Or Regional Sections Of Europe Preloaded Maps/ Voice Prompts/ 3D Map Option/ Auto Re-Route/ Choice Of Route Setup/ FM Traffic Compatible/ MSN Direct For U.S. Compatible/ Touchscreen/ MicroSD Slot/ Up To 4 Hours Of Battery Life/ Anti-Theft Garmin Lock/ Grey Finish",,,767
A:35663,Abt,Garmin Nuvi 205W GPS Navigation System - 0100071840,"Garmin Nuvi 205W GPS Navigation System - 0100071840/ 4.3' TFT Display/ Contiguous U.S., Canada Or Regional Sections Of Europe Preloaded Maps/ Voice Prompts/ 3D Map Option/ Auto Re-Route/ Choice Of Route Setup/ FM Traffic Compatible/ MSN Direct For U.S. Compatible/ Touchscreen/ Qwerty Or ABC Keyboard/ SD Card Slot/ Up To 4 Hours Of Battery Life/ Anti-Theft Garmin Lock/ Grey Finish",,,768
A:35666,Abt,Sony Black 5.1 Channel Home Theater System - HTDDWG700,Sony Black 5.1 Channel Home Theater System - HTDDWG700/ 5.1 Channel/ 900 Watts Power/ Portable Audio Enhancer With Front Audio Input/ iPod Cradle/ Digital Cinema Auto Calibration/ BRAVIA Sync/ Digital Media Port/ Black Finish,,$199.00,769
A:35680,Abt,Denon Multi-Channel Digital Surround Sound Speaker System - DHTFS5,"Denon Multi-Channel Digital Surround Sound Speaker System - DHTFS5/ Multiple Amplifier Channels/ Dolby Pro Logic II, Dolby Digital And DTS Surround/ Balanced Loudspeaker Drivers/ X-Space Surround Technology/ Night Mode/ Remote Control Included/ Black Finish",,$499.00,770
A:35693,Abt,Samsung S2 Green 1GB Flash MP3 Player - YPS2ZG,"Samsung S2 Green 1GB Flash MP3 Player - YPS2ZG/ Super Compact Pebble Shape Design/ Supports MP3, WMA And Ogg/ 1 GB Internal Flash Memory/ Multi-Color LED Light Effects/ Embedded Easy-To-Use Playback Controls/ DNSe 2.0 Enabled/ USB Connection/ Up To 13 Hours Of Playback/ Green Finish",,,771
A:35694,Abt,Samsung S2 White 1GB Flash MP3 Player - YPS2ZW,"Samsung S2 White 1GB Flash MP3 Player - YPS2ZW/ Super Compact Pebble Shape Design/ Supports MP3, WMA And Ogg/ 1 GB Internal Flash Memory/ Multi-Color LED Light Effects/ Embedded Easy-To-Use Playback Controls/ DNSe 2.0 Enabled/ USB Connection/ Up To 13 Hours Of Playback/ White Finish",,,772
A:35738,Abt,Samsung 7.1-Channel Blu-ray Home Theater System - HTBD2TXAA,Samsung HT-BD2T 7.1-Channel Blu-ray Home Theater System - HTBD2TXAA/ 1100 Watts Total System Power/ Dolby True HD And DTS-HD Compatibility/ 1080 DVD Up-Conversion With HDMI/ Full HD 1080p/24p Playback/ Black Finish,,,773
A:35748,Abt,Danby White Countertop Dishwasher - DDW497WH,Danby White Countertop Dishwasher - DDW497WH/ 4 Place Settings/ Quick Connect To Any Kitchen Tap/ Automatic Detergent And Rinse Agent Dispenser/ Quiet Operation/ 5 Wash Cycles/ Durable Stainless Steel Spray Arm And Interior/ White Finish,,$222.00,774
A:35800,Abt,Panasonic Expandable Bluetooth-Enabled DECT 6.0 Phone System - KXTH1212B,Panasonic Expandable Bluetooth-Enabled DECT 6.0 Phone System - KXTH1212B/ Call Waiting Caller ID/ White Backlit Color LCD/ Lighted Handset Keypad/ Night Mode/ Compatible With Most Bluetooth Cell Phones/ 5 Hours Talk Time/11 Days Standby Time/ 60 Channels/ Black Finish,,,775
A:35810,Abt,Canon KP-36IP Color Ink & Paper Set - 7737A001,Canon KP-36IP Color Ink & Paper Set - 7737A001/ 36 Sheets Of 4' x 6' Photo Paper/ Ink Cartridge For Compatible Canon Dye Sublimation Printer,,$12.00,776
A:35843,Abt,Canon EF-S 55-250mm f/4-5.6 IS Telephoto Zoom Lens - 2044B002,Canon EF-S 55-250mm f/4-5.6 IS Telephoto Zoom Lens - 2044B002/ 55-250mm Focal Length/ f/4-5.6 Maximum Aperture/ Optical Image Stabilizer Technology/ 4-Stop Stabilization Correction/ UD-Glass Lens Element/ Gear-Driven Focus Adjustment/ Black Finish,,,777
A:35851,Abt,Linksys Ultra RangePlus Wireless-N Broadband Router - WRT160N,Linksys Ultra RangePlus Wireless-N Broadband Router - WRT160N/ Internet-Sharing Router/ 4-Port Switch/ Enhanced Wireless Access Point/ MIMO Technology/ Faster Than Wireless-G/ Protected By Wireless Encryption/ Powerful SPI Firewall/ 2 Antennas/ Glossy Black Finish,,$79.00,778
A:35853,Abt,Pioneer USB iPod Interface Cable - CDIU230V,Pioneer USB iPod Interface Cable - CDIU230V/ Compatible With AVIC-F700BT And AVIC-F900BT Navigation Receivers,,$48.00,779
A:35872,Abt,Sharp Plasmacluster Air Purifier - KCC100U,Sharp Plasmacluster Air Purifier - KCC100U/ Humidification Function/ True HEPA Filter Captures 99.97 Percent Of Particles As Small As 0.3 Microns/ Plasmacluster Technology/ Clean Sign Indicator/ Automatic Operation/ 8.4 Pints (4.0L) Tank Capacity/ Library Quiet,,,780
A:35877,Abt,Sharp HEPA Air Purifier - FPP35CX,Sharp White Air Purifier - FPP35CX/ Washable Pre-Filter/ True HEPA Filter Captures 99.97 Percent Of Particles As Small As 0.3 Microns/ Dust Sensor/ 3 Fan Speeds/ Automatic And Manual Operation/ Library Quiet/ Inverter Technology/ Energy Efficient/ White Finish,,,781
A:35900,Abt,Canon White Selphy CP760 Compact Photo Printer - 2565B001,Canon White Selphy CP760 Compact Photo Printer - 2565B001/ 2.5' TFT Display/ Portrait Image Optimize/ Print Water-Resistant Photos/ Print Directly From Your Memory Cards Or Bluetooth-Enabled Devices/ Big Buttons/ Automatic Red-Eye Correction/ White Finish,,$95.00,782
A:35903,Abt,Sony 2GB Memory Stick Micro (M2) - MSA2GU2,Sony MSA2GD 2GB Memory Stick Micro (M2) - MSA2GU2/ Ultra-Small Size/ 2GB Storage Capacity With 1.85GB Available/ Designed For Use In Compatible Small Devices Such As Mobile Phone/ Dual Operating Voltage/ M2 Duo Adaptor Included/ Black Finish,,$29.99,783
A:35905,Abt,BlueAnt Supertooth Light Bluetooth Handsfree In Black - SUPERTOOTH,"BlueAnt Supertooth Light Bluetooth Handsfree In Black - SUPERTOOTH/ Sun-Visor Speakerphone Technology/ Pairs With Up To 5 Bluetooth Devices/ Supports Voice Dial Activation, Redial And Call Reject/ Retractable Sliding Microphone/ Up To 15 Hours Talk-Time Or 800 Hours/ 33 Days Standby/ Black Finish",,,784
A:35925,Abt,Directed 50ft Extension Cable - 14230,"Directed 50ft Extension Cable - 14230/ Built-In Signal Amplifier/ SMB Connector/ Indoor/Outdoor Use For Home, RVs And Boat/ Black Finish",,,785
A:35981,Abt,Samsung L200 Black 10.2 Megapixel Digital Camera - ECL200ZBBA,Samsung L200 Black 10.2 Megapixel Digital Camera - ECL200ZBBA/ 2.5' Intelligent LCD Screen/ 1/2.33' High Resolution CCD Sensor/ 3x Optical Zoom Lens/ DIS (Digital Image Stabilization)/ Face Detection Function/ Black Finish,,,786
A:35983,Abt,Panasonic DECT 6.0 Silver Digital Cordless Handset - KXTGA630S,Panasonic DECT 6.0 Silver Digital Cordless Handset - KXTGA630S/ For Use With Panasonic 6300 And 9300 Series Phone Systems/ DECT 6.0 Technology/ 60 Channels/ Call Waiting Caller ID/ 1.4' Amber Backlit LCD Display/ Wall Mountable/ 11 Days Standby Time/ 5 Hours Talk Time/ Silver Finish,,$29.99,787
A:35987,Abt,Samsung Black 8.1 Megapixel Digital Camera - ECNV30ZBBA,Samsung NV30 Black 8.1 Megapixel Digital Camera - ECNV30ZBBA/ 3x Optical Zoom Lens/ 2.5' LCD Display/ High Resolution CCD Sensor/ 20MB Internal Memory/ Dual Image Stabilization/ Face Detection/ Auto Focus/ SD Memory Card Slot/ Black Finish,,,788
A:35990,Abt,Polk Audio White Round Two-Way In-Wall Loudspeaker  - TC60I,"Polk Audio White Round Two-Way In-Wall Loudspeaker - TC60I/ Dynamic Balance Polymer Composite Driver/ Aimable 1' Silk Dome Tweeter With Neodymium Magnet/ 15-Degree Offset Drive Unit/ Wide Dispersion Design/ Durable, Moisture Resistant Materials/ Infinite Baffle Tuning/ Paintable, Powder-Coated Aluminum Grilles/ Conveniently Accessible Front Panel Controls/ Each Speaker Sold Seperately/ White Finish",,$299.95,789
A:36001,Abt,Sony 7.1 Channel Black AV Receiver - STRDG920,"Sony 7.1 Channel Black AV Home Theater Receiver - STRDG920/ 770 Watts Total Power (110W x 7)/ Accepting Resolutions Up To 1080p Via HDMI/ Digital Cinema Auto Calibration/ BRAVIA Sync/ Digital Cinema Sound/ x.v.Color, Deep Color And 1080/24p Signal Capability/ Dolby Digital, Dolby Digital EX, Dolby Pro Logic II, Dolby Pro Logic IIx, Dts, Dts-ES, Dts 96/24, Dts NEO:6 Decoding/ Black Finish",,,790
A:36020,Abt,Canon Deluxe Soft Black Camera Case - 0716B001,Canon Deluxe Soft Black Camera Case - 0716B001/ Compatible with Canon PowerShot S2 IS/ Black Finish,,,791
A:36021,Abt,Speck Clear 13' MacBook See Thru Hard Shell Case - MB13CLRSEEV2,Speck Clear 13' MacBook See Thru Hard Shell Case - MB13CLRSEEV2/ Hard Plastic Shell Gives Great Protection/ Full Access To All Controls/ Rubber Feet For Added Support/ Clear Finish,,,792
A:36022,Abt,Speck Green 13' MacBook See Thru Hard Shell Case - MB13GRNSEEV2,Speck Green 13' MacBook See Thru Hard Shell Case - MB13GRNSEEV2/ Hard Plastic Shell Gives Great Protection/ Full Access To All Controls/ Rubber Feet For Added Support/ Green Finish,,,793
A:36023,Abt,Canon Battery Charger - 0763B001,Canon Battery Charger - 0763B001/ Compatible With Canon NB-2L And NB-2LH Batteries,,,794
A:36027,Abt,Canon Battery Charger - 1133B001,Canon Battery Charger - 1133B001/ Compatible With Canon NB-5L Lithium Battery/ Black Finish,,,795
A:36029,Abt,Canon NB-5L Lithium Battery - 1135B001,Canon NB-5L Lithium Battery - 1135B001/ Compatible With Canon PowerShot SD700 And Ixus 800 Digital Cameras,,,796
A:36033,Abt,Canon Black Leather Camera Case - 1588B001,Canon Black Leather Camera Case - 1588B001/ Compatible With Canon Digital ELPH Cameras/ Protects Your Camera From Dust And Scratches/ Wrist Strap For Easy Portability/ Black Finish,,,797
A:36052,Abt,Canon 9517A002 EF-S 17mm - 85mm f/4.0-5.6 USM IS Zoom Lens - 9517A002,Canon 275483 EF-S 17mm - 85mm f/4.0-5.6 USM IS Zoom Lens - 9517A002/ Compatible With Canon EOS 20D And Digital Rebel Bodies/ Aspheric Element With Two Aspherical Surfaces Utilized/ Image Stabilization/ Circular Aperture Design/ 5x Zoom Ratio,,,798
A:36053,Abt,Canon CB-2LV Battery Charger - 9764A001,Canon CB-2LV Battery Charger - 9764A001/ Compatible With Canon NB-4L Rechargeable Battery,,,799
A:36061,Abt,Toshiba Black DVD/VCR Combinaton Player - SDV296,Toshiba Black DVD/VCR Combinaton Player - SDV296/ Progressive Scan DVD Player/ One Touch Recording For The VCR/ ColorStream Pro Progressive Scan Component Video Outputs/ Simultaneous DVD Playback And VHS Record/ JPEG Viewer/ Black Finish,,$89.00,800
A:36077,Abt,Samsung 19' Black Flat Panel Series 6 LCD HDTV - LN19A650,"Samsung 19' Black Flat Panel Series 6 LCD HDTV - LN19A650/ 1440 x 900 True 720p Resolution/ 3,000:1 Dynamic Contrast Ratio/ SRS TruSurround XT/ Built-In Digital Tuner (ATSC/Clear QAM)/ Wide Color Enhancer/ 8ms Response Time/ Touch Of Color Design/ Black With Red Finish",,$499.00,801
A:36080,Abt,Samsung 22' Black Flat Panel Series 6 LCD HDTV - LN22A650,"Samsung 22' Black Flat Panel Series 6 LCD HDTV - LN22A650/ 1680 x 1050 True 720p Resolution/ 5,000:1 Dynamic Contrast Ratio/ SRS TruSurround XT/ Built-In Digital Tuner (ATSC/Clear QAM)/ Wide Color Enhancer/ 8ms Response Time/ Touch Of Color Design/ Black With Red Finish",,$599.00,802
A:36083,Abt,Canon Deluxe Grey Leather Case - 2349B001,"Canon Deluxe Grey Leather Case - 2349B001/ Genuine Leather Case/ Designed For The PowerShot SD770 IS, SD1100 And SD1000/ Grey Finish",,,803
A:36084,Abt,Canon Deluxe Burgundy Leather Case - 2350B001,"Canon Deluxe Burgundy Leather Case - 2350B001/ Genuine Leather Case/ Designed For The PowerShot SD770 IS, SD1100 And SD1000/ Burgundy Finish",,$18.00,804
A:36097,Abt,Canon Deluxe Black Digital Camera Case - 2595B002,Canon Deluxe Black Digital Camera Case - 2595B002/ Soft Nylon Case/ Flip-Down Cover/ Belt Loop Attachment For Hands-Free Convenience/ Compatible With Canon PowerShot A Series/ Black Finish,,$13.99,805
A:36102,Abt,Canon Black Rechargeable Battery - 9612A001,"Canon Black Rechargeable Battery - 9612A001/ Lithium-Ion Technology/ Compatible With Canon Digital Rebel XT And PowerShot S Series Digital Cameras/ Also Compatible With Canon Elura Series, OPTURA Series And ZR Series Camcorders/ Black Finish",,,806
A:36117,Abt,Griffin iPod RoadTrip With SmartScan - 4040RDTRPB,Griffin iPod RoadTrip With SmartScan - 4040RDTRPB/ Play Music From Your iPod On Your Car?s Stereo System As It Charges/ Switch Quickly Between Pre-Sets/ SmartSound Plus Technology Delivers Clear Sound Under Real-World Conditions/ Flexible Steel Neck/ Black Finish,,$89.00,807
A:36118,Abt,Griffin iPod DirectDeck Universal Cassette Adapter - 7256DDECK,"Griffin iPod DirectDeck Universal Cassette Adapter - 7256DDECK/ Plug The Audio Jack Into The Headphone Port Of Your iPod, Mp3 Player, CD Player Or Other Portable Audio Device And Insert The Cassette Adapter Into Your Cassette Player/ Black Finish",,,808
A:36123,Abt,Denon Black Home Theater Surround Sound Receiver - AVR1709,"Denon Black AVR-1709 Home Theater Surround Sound Receiver - AVR1709/ 80 Watts Per Channel/ 7 Channels/ HDMI V1.3A Video Switching/ Dolby Digital Surround EX, Dolby Pro Logic IIx, DTS ES 6.1, DTS Neo:6 Decoding/ Audyssey MultEQ, Dynamic Volume And Dynamic EQ/ Video Up-Conversion/ Black Finish",,$449.99,809
A:36124,Abt,Denon Black AVR-1609 Home Theater Surround Sound Receiver - AVR1609,"Denon Black AVR-1609 Home Theater Surround Sound Receiver - AVR1609/ 75 Watts Per Channel/ 7 Channels/ HDMI V1.3A Video Switching/ Dolby Digital Surround EX, Dolby Pro Logic IIx, DTS ES 6.1, DTS Neo:6 Decoding/ Audyssey MultEQ, Dynamic Volume And Dynamic EQ/ Sirius Satellite Radio Ready/ Network And Digital Media Connectivity/ Black Finish",,$349.99,810
A:36127,Abt,Samsung Stereo Bluetooth Headset In Black - SBH500,Samsung Stereo Bluetooth Headset - SBH500/ Integrated Microphone/ Receive Inbound Calls/ Enjoy Full Fidelity And Premium Audio Sound/ 12 Hours Talk Time/ 11 Hours Play Time/ 205 Hours Of Standby Time/ Send & End Function/ 3-way Calling/ Wireless Stereo Music Streaming/ Black Finish,,,811
A:36142,Abt,Sony Bud Style Headphones In Silver - MDRED12LPSLV,"Sony Bud Style Headphones In Silver - MDRED12LPSLV/ 16mm Drivers/ Crisp Sound/ Neodymium Magnets Offer Powerful Sound Reproduction/ Convenient Cord Slider Reduces Tangles/ 3.9 Ft. Cord Length/ Frequency Response Of 8-22,000Hz/ Silver Finish",,$14.00,812
A:36143,Abt,Sony Bud Style Headphones In Red - MDRED12LPRED,"Sony Bud Style Headphones In Red - MDRED12LPRED/ 16mm Drivers/ Crisp Sound/ Neodymium Magnets Offer Powerful Sound Reproduction/ Convenient Cord Slider Reduces Tangles/ 3.9 Ft. Cord Length/ Frequency Response Of 8-22,000Hz/ Red Finish",,$14.00,813
A:36149,Abt,Sony EX Ear Bud Headphones In Black - MDREX32LPBLK,"Sony EX Ear Bud Headphones In Black - MDREX32LPBLK/ 9mm Drivers/ Deep Bass Sound/ Neodymium (400kJ/m3) Magnets Offer Powerful Bass Sound Reproduction/ 3.9 Ft. Cord Length/ Frequency Response Of 6-23,000Hz/ Black Finish",,$24.00,814
A:36151,Abt,Sony EX Ear Bud Headphones In White - MDREX32LPWHI,"Sony EX Ear Bud Headphones In White - MDREX32LPWHI/ 9mm Drivers/ Deep Bass Sound/ Neodymium (400kJ/m3) Magnets Offer Powerful Bass Sound Reproduction/ 3.9 Ft. Cord Length/ Frequency Response Of 6-23,000Hz/ White Finish",,$24.00,815
A:36161,Abt,Flip Video F360 White Mino Series Camcorder - F360W,Flip Video F360 White Mino Series Camcorder - F360W/ 2GB Internal Memory/ One-Touch Recording/ Built-In Flash Memory/ Rechargeable Lithium Ion Battery Power/ 'Child Safe' Mode/ Fast Lens/ 2x Digital Zoom/ 1.5' Color High-Brightness Display/ Flip-Out USB Arm/ Silent Mode/ TV Connector Cable Included/ White Finish,,,816
A:36168,Abt,Flip Video F360 Black Mino Series Camcorder - F360B,Flip Video F360 Black Mino Series Camcorder - F360B/ 2GB Internal Memory/ One-Touch Recording/ Built-In Flash Memory/ Rechargeable Lithium Ion Battery Power/ 'Child Safe' Mode/ Fast Lens/ 2x Digital Zoom/ 1.5' Color High-Brightness Display/ Flip-Out USB Arm/ Silent Mode/ TV Connector Cable Included/ Black Finish,,,817
A:36169,Abt,Sony Bud Style Headphones In Black - MDREX85LPBLK,"Sony Bud Style Headphones In Black - MDREX85LPBLK/ 13.5mm Drivers/ Super-Light Weight/ Studio Monitor Quality/ Soft Silicone Earbuds/ Gold-Plated Mini Plug/ 3.9 Ft. Cord Length/ Frequency Response Of 5-24,000Hz/ Black Finish",,,818
A:36172,Abt,Sony Active Style Headphones In Black - MDRAS50G,"Sony Active Style Headphones In Black - MDRAS50G/ 9mm Drivers/ Lightweight Spiral Neck-Band/ Rich Sound & Deep Bass/ Soft & Flexible Spiral Behind-The-Neck Band/ Cord Adjuster/ 2 Ft. Cord Length & 2 Ft. Extension Cord/ Three Sizes Of Earbuds/ Frequency Response Of 9-23,000Hz/ Black Finish",,,819
A:36197,Abt,Griffin iPhone SmartTalk - 3016SMRTLKB,"Griffin iPhone SmartTalk - 3016SMRTLKB/ Adds A Microphone And An iPhone Control Button To Your Favorite Earphones/ Play, Pause And Skip Through Your Tunes/ High-Sensitivity Microphone For Crystal-Clear Phone Conversations/ 30' Cable Sheathed In Nylon Braiding",,$19.00,820
A:36207,Abt,Logitech Driving Force Pro Steering Wheel With Pedals Set For Sony Playstation 2 - 9632930403,Logitech Driving Force Pro Steering Wheel With Pedals Set For Sony Playstation 2 - 9632930403/ Comfortable Soft Full Rubber Wheel/ Realistically Turn Through 2.5 Times Wheel Rotation/ 900 Degrees Of wheel Steering/ State-Of-The-Art Force Feedback Technology/ Stick Shifter/ Responsive Gas And Brake Pedals/ Black Finish,,$129.00,821
A:36243,Abt,Monster iCarPlay Wireless 250 FM Transmitter With AutoScan for iPod And iPhone - AIPFMCH250,Monster iCarPlay Wireless 250 FM Transmitter With AutoScan For iPod And iPhone  - AIPFMCH250/ Plays iPod Or iPhone Music Over Any Car Stereo/ Vibrant Sound/ Works With Any FM Car Radio/ 3 Programmable Presets/ FM Stations Range From 88.1 To 107.9/ Easy To Use/ Convenient Charging While You Drive/ Black Finish,,$100.00,822
A:36249,Abt,Nikon D700 Digital SLR Digital Camera - D700BODY,"Nikon D700 Digital SLR Digital Camera - D700BODY/ 12.1 Megapixels FX-Format CMOS Sensor/ Continuous Shooting Up To 5 Frames Per Second/ 3' Super-Density 920,000-dot VGA Color Monitor/ Two Live View Shooting Modes/ Rugged Magnesium-Alloy Construction/ 51-Point AF With 3D Focus Tracking/ Dynamic Integrated Dust Reduction System/ 1,005-Pixel 3D Color Matrix Metering II/ Scene Recognition System/ Black Finish/ Body Only",,,823
A:36258,Abt,D-Link Broadband Cable Modem - DCM202,D-Link Broadband Cable Modem - DCM202/ DOCSIS 2.0 CableLabs Certified/ High-Speed Internet Connectivity/ Always On And Always Connected/ Ethernet Or USB Connectivity/ Front Panel LED Indicator Lights/ Grey Finish,,$79.00,824
A:36260,Abt,LaCie USB 2.0 Floppy Disk Drive - 706018,LaCie USB 2.0 Floppy Disk Drive - 706018/ Ultra-Thin Portable Design/ Compatible With Windows And Mac OS/ Plug And Play/ USB Powered/ 250 - 500 kbps Transfer Rate/ Silver Finish,,$49.00,825
A:36264,Abt,iHome Silver Computer Speakers With iPod Dock - IH70S,"iHome iH70SRC Silver Computer Speakers With iPod Dock - IH70S/ 15 Watts/ Sync iPod With Computer/ Reson8 Speakers/ Full Function Remote Control/ Charge iPod While Docking/ Compatible With iPod Touch, iPod Classic, iPod 4th Generation And Up, iPod Nano 1st Generation And Up/ Silver With Black Trim Finish",,,826
A:36270,Abt,Samsung 63' Black Flat Panel Series 6 Plasma HDTV - PN63A650,"Samsung 63' Black Flat Panel Series 6 Plasma HDTV - PN63A650/ 1920 x 1080 Full HD Resolution/ 1,000,000:1 Dynamic Contrast Ratio/ DNIe Pro/ Picture-In-Picture/ SRS TrusurroundXT/ Ultra FilterBright Anti Glare Filter/ 100,000 Hour Panel Life/ Touch Of Color/ ATSC/NTSC/Clear QAM Built-In Tuner/ Black With Red Finish",,,827
A:36274,Abt,Transcend 16GB SDHC Card And Compact Card Reader - TS16GSDHC6S5W,"Transcend 16GB SDHC Card And Compact Card Reader - TS16GSDHC6S5W/ SDHC Card Is Class 6 Compliant And Compatible With All SDHC-Labeled Host Devices/ Card Reader Is Fully Compatible With Hi Speed USB 2.0, Up To 480Mb/s And Supports SDHC Memory Cards",,,828
A:36286,Abt,Toshiba XDE Black 1080p Upconversion Extended Detail DVD Player - XDE500,Toshiba XDE Black 1080p Upconversion Extended Detail DVD Player - XDE500/ Full 1080p Upconversion With 24 Frames Per Second/ Detail Enhancement/ Intelligent Color/ Contrast Enhancement/ DivX Certified/ Black Finish,,$99.00,829
A:36295,Abt,Sony 8cm MiniDVD-R Camcorder Media 3 Pack - 3DMR30R1H,Sony 8cm MiniDVD-R Camcorder Media 3 Pack - 3DMR30R1H/ Record Up To 30 Minutes Of Video On These Write-Once Discs/ 1.4GB Storage Capacity/ Compatible With MiniDVD Camcorders,,,88
A:36299,Abt,Griffin Black iPhone 3G Wave Case - 8227IP2WVB,Griffin Black iPhone 3G Wave Case - 8227IP2WVB/ Elegtant Wave-Shaped Closures/ Durable Polycarbonate Protection/ Rigid Touchscreen Protector/ Full Access To All Ports And Controls/ Black Finish,,$24.00,830
A:36305,Abt,Linksys Wireless-N Security Router - WRVS4400N,Linksys Wireless-N Security Router - WRVS4400N/ 800 Mb/s NAT Throughput/ 11 Channels/ Draft 802.11n Wireless Networking Technology/ Full Backwards Compatibility For 802.11b & 802.11g/ Stateful Packet Inspection Firewall/ User Definable Access Control Lists/ SNMP v1 & v2c Support/ Silver Finish,,,831
A:36308,Abt,iHome iPod & iPhone Bluetooth Alarm Clock Radio System - IP47,iHome iPod & iPhone Bluetooth Alarm Clock Radio System - IP47/ Play And Charge Your iPod Or iPhone/ Wirelessly Stream Music From Bluetooth Devices/ Auto-Set Clock/ Speakerphone With Built-In Microphone/ 4 Speaker Stereo/ Dual Alarm/ 12 AM/FM Station Memory Presets/ Full-Function Remote Included/ Compatible With Most iPods/ Black Finish (iPhone Not Included),,,832
A:36309,Abt,iHome iPod & iPhone Clock Radio & Audio System - IP99BR,iHome iP99 iPod & iPhone Clock Radio & Audio System - IP99BR/ Universal Dock For iPhone/ Auto-Set Clock/ Programmable Snooze/ Charges iPod Or iPhone While Docked/ Reason8 Speaker Chambers/ Line In Jack/ Full Function Remote Control Included/ Dual Alarm Clock/ Extra-Large LCD Display/ Black Finish (iPhone Not Included),,$149.00,833
A:36345,Abt,Transcend 8GB SDHC Card And Compact Card Reader - TS8GSDHC6S5W,"Transcend 8GB SDHC Card And Compact Card Reader - TS8GSDHC6S5W/ SDHC Card Is Class 6 Compliant And Compatible With All SDHC-Labeled Host Devices/ Card Reader Is Fully Compatible With Hi Speed USB 2.0, Up To 480Mb/s And Supports SDHC Memory Cards",,$26.30,834
A:36361,Abt,Speck SeeThru Black Hard Shell Case For 13' MacBook - MB13BLKSEEV2,Speck SeeThru Black Hard Shell Case For 13' MacBook - MB13BLKSEEV2/ Translucent Hard Plastic Shell Gives Great Protection/ Full Access To All Controls/ Rubber Feet For Added Support/ Black Finish,,,835
A:36364,Abt,Speck SeeThru Aqua Hard Shell Case For 13' MacBook - MB13AQUSEEV2,Speck SeeThru Aqua Hard Shell Case For 13' MacBook - MB13AQUSEEV2/ Translucent Hard Plastic Shell Gives Great Protection/ Full Access To All Controls/ Rubber Feet For Added Support/ Aqua Finish,,,836
A:36365,Abt,Speck SeeThru Pink Hard Shell Case For 13' MacBook - MB13PNKSEEV2,Speck SeeThru Pink Hard Shell Case For 13' MacBook - MB13PNKSEEV2/ Translucent Hard Plastic Shell Gives Great Protection/ Full Access To All Controls/ Rubber Feet For Added Support/ Pink Finish,,,837
A:36367,Abt,Canon EOS Rebel XS Black Digital SLR Camera - XSREB1855B,Canon EOS Rebel XS Black Digital SLR Camera - XSREB1855B/ 10.1 Megapixel CMOS Sensor/ DIGIC III Image Processor/ Auto Lighting Optimizer/ 7-Point AF With Center Cross-Type Sensors/ 3.0 Fps Continuous Shooting/ 2.5' TFT LCD Monitor/ EOS Integrated Cleaning System/ Dust Delete Data Detection/ Black Finish,,,838
A:36381,Abt,Speck SeeThru Blue Hard Shell Case For 13' MacBook - MB13BLUSEEV2,Speck SeeThru Blue Hard Shell Case For 13' MacBook - MB13BLUSEEV2/ Translucent Hard Plastic Shell Gives Great Protection/ Full Access To All Controls/ Rubber Feet For Added Support/ Blue Finish,,,839
A:36383,Abt,Speck SeeThru Orange Hard Shell Case For 13' MacBook - MB13ORGSEEV2,Speck SeeThru Orange Hard Shell Case For 13' MacBook - MB13ORGSEEV2/ Translucent Hard Plastic Shell Gives Great Protection/ Full Access To All Controls/ Rubber Feet For Added Support/ Orange Finish,,,840
A:36388,Abt,Speck SeeThru Red Hard Shell Case For 13' MacBook - MB13REDSEEV2,Speck SeeThru Red Hard Shell Case For 13' MacBook - MB13REDSEEV2/ Translucent Hard Plastic Shell Gives Great Protection/ Full Access To All Controls/ Rubber Feet For Added Support/ Red Finish,,,841
A:36430,Abt,Speck SeeThru Clear Hard Shell Case For 15' MacBook - MB15CLRSEEV2,Speck SeeThru Clear Hard Shell Case For 15' MacBook - MB15CLRSEEV2/ Translucent Hard Plastic Shell Gives Great Protection/ Full Access To All Controls/ Rubber Feet For Added Support/ Clear Finish,,,842
A:36446,Abt,Speck SeeThru Blue Hard Shell Case For 15' MacBook - MB15BLUSEEV2,Speck SeeThru Blue Hard Shell Case For 15' MacBook - MB15BLUSEEV2/ Translucent Hard Plastic Shell Gives Great Protection/ Full Access To All Controls/ Rubber Feet For Added Support/ Blue Finish,,,843
A:36450,Abt,Samsung 46' Series 8 LCD Black Flat Panel HDTV - LN46A860,"Samsung 46' Series 8 LCD Black Flat Panel HDTV - LN46A860/ Touch Of Color Design/ Full 1080p High Definition Resolution/ 50,000:1 Dynamic Contrast Ratio/ Auto Motion Plus 120Hz/ Built-In Digital Tuner (ATSC/Clear QAM)/ 4ms Response Time/ SRS TruSurround XT/ Down Firing Speakers/ Slim Depth And Narrow Bezel/ Black With Blue Finish",,,844
A:36451,Abt,Speck SeeThru Green Hard Shell Case For 15' MacBook - MB15GRNSEEV2,Speck SeeThru Green Hard Shell Case For 15' MacBook - MB15GRNSEEV2/ Translucent Hard Plastic Shell Gives Great Protection/ Full Access To All Controls/ Rubber Feet For Added Support/ Green Finish,,,845
A:36452,Abt,Samsung 52' Series 8 LCD Black Flat Panel HDTV - LN52A860,"Samsung 52' Series 8 LCD Black Flat Panel HDTV - LN52A860/ Touch Of Color Design/ Full 1080p High Definition Resolution/ 50,000:1 Dynamic Contrast Ratio/ Auto Motion Plus 120Hz/ Built-In Digital Tuner (ATSC/Clear QAM)/ 4ms Response Time/ SRS TruSurround XT/ Down Firing Speakers/ Slim Depth And Narrow Bezel/ Black With Blue Finish",,,846
A:36454,Abt,Speck SeeThru Orange Hard Shell Case For 15' MacBook - MB15ORGSEEV2,Speck SeeThru Orange Hard Shell Case For 15' MacBook - MB15ORGSEEV2/ Translucent Hard Plastic Shell Gives Great Protection/ Full Access To All Controls/ Rubber Feet For Added Support/ Orange Finish,,,847
A:36456,Abt,Speck SeeThru Pink Hard Shell Case For 15' MacBook - MB15PNKSEEV2,Speck SeeThru Pink Hard Shell Case For 15' MacBook - MB15PNKSEEV2/ Translucent Hard Plastic Shell Gives Great Protection/ Full Access To All Controls/ Rubber Feet For Added Support/ Pink Finish,,,848
A:36458,Abt,Speck SeeThru Purple Hard Shell Case For 15' MacBook - MB15PURSEEV2,Speck SeeThru Purple Hard Shell Case For 15' MacBook - MB15PURSEEV2/ Translucent Hard Plastic Shell Gives Great Protection/ Full Access To All Controls/ Rubber Feet For Added Support/ Purple Finish,,,849
A:36471,Abt,Samsung 55' Series 9 LCD Black Flat Panel HDTV - LN55A950,"Samsung 55' Series 9 LCD Black Flat Panel HDTV - LN55A950/ Touch Of Color Design/ Full 1080p High Definition Resolution/ 2,000,000:1 Dynamic Contrast Ratio/ Auto Motion Plus 120Hz/ Built-In Digital Tuner (NTSC/ATSC/Clear QAM)/ 4ms Response Time/ SRS TruSurround XT/ Down Firing Speakers/ Picture-In-Picture (PIP)/ Integrated Woofer/ Wide Color Gamut LED Backlight/ Black Finish",,,850
A:36494,Abt,LaCie 2TB Ethernet Big Disk External Hard Drive - 301239U,"LaCie 2TB Ethernet Big Disk External Hard Drive - 301239U/ Share Files Over Gigabit Ethernet/ 7200 Rotational Speed (rpm)/ 16MB Cache/ 400MHz Processor/ Smart Fan/ Hi-Speed USB 2.0/ Full Support For Windows, Mac And Linux",,,851
A:36502,Abt,Onkyo THX Select2 Plus Certified 7.1 Channel Home Theater Black Receiver - TXSR706B,"Onkyo THX Select2 Plus Certified 7.1 Channel Home Theater Black Receiver - TXSR706B/ 100 Watts Per Channel/ All Discrete Circuitry/ Linear Optimum Gain Volume/ Dolby Digital Plus, Dolby TrueHD And DTS-HD Decoding/ HDMI Version v1.3a Repeater/ DSD Processing/ Audyssey Dynamic EQ/ Accurate Speaker Distance Setting/ HDMI Deep Color Capable (36bit)/ Analog To HDMI 1080p Upconversion/ Faroudja DCDi Cinema/ Black Finish",,,852
A:36507,Abt,Onkyo THX Ultra 2 Plus Certified 7.1 Channel Home Theater Black Receiver - TXSR806B,"Onkyo TXSR806 THX Ultra 2 Plus Certified 7.1 Channel Home Theater Black Receiver - TXSR806B/ 130 Watts Per Channel/ All Discrete Circuitry/ Dolby Digital Plus, Dolby TrueHD And DTS-HD Decoding/ HDMI Version v1.3a Repeater/ DSD Processing/ Independent Crossover/ Audyssey Dynamic EQ/ Accurate Speaker Distance Setting/ HDMI Deep Color Capable (36bit)/ Analog To HDMI 1080p Upconversion/ Faroudja DCDi Cinema/ Music Optimizer/ Black Finish",,,853
A:36515,Abt,Panasonic Black Lumix 10.1 Megapixel Digital Camera - DMCFZ28K,Panasonic Black Lumix 10.1 Megapixel Digital Camera - DMCFZ28K/ 10.1 Megapixel/ 27- 486mm f/2.8-4.4 LEICA DC Lens/ 2.7' TFT LCD Display (230K Dots)/ 18x Optical Zoom/ Intelligent Auto Mode/ Burst Mode/ Auto Angle Detection/ 50MB Built-In Memory/ Black Finish,,,854
A:36556,Abt,Panasonic VIERA 58' 1080p Plasma HDTV In Black - TH58PZ850U,"Panasonic VIERA 58' 1080p Plasma HDTV In Black - TH58PZ850U/ 1920 x 1080 Resolution/ 1,000,000:1 Dynamic Contrast Ratio/ VIERA Cast Internet TV Capability/ VIERA Link HDAVI Control/ Surround Sound/ BBE ViVA HD3D Sound/ Built-In Closed Caption Decoder/ Built-In SD Card Memory Slot/ Built-In NTSC/ATSC/QAM Tuners/ Black Finish",,,855
A:36607,Abt,Denon 7.1 Channel AV Receiver With Network Client Compatible D-Dock Port In Black - AVR2809CI,Denon 7.1 Channel AV Home Theater Surround Receiver With Network Client Compatible D-Dock Port In Black - AVR2809CI/ 110 Watts x 7 Channels/ 1080p Upscaling/ PC Setup And Control Capability Via RS-232C/ Network Capable/ XM Satellite Radio Ready/ Dolby TrueHD And DTS-HD Master Audio/ HDMI 1.3a Repeater Inputs-Outputs/ Dual Remotes/ Black Finish,,"$1,199.99",856
A:36617,Abt,Sony Black VAIO Z Series 13.1' Notebook Computer - VGNZ550NB,Sony Black VAIO Z Series 13.1' Notebook Computer - VGNZ550NB/ 2.40GHz Intel Core 2 Duo P8600 Processor/ 13.3' XBRITE-DuraView LCD/ Integrated Stereo A2DP Bluetooth Technology/ 250GB Hard Drive/ 3GB Memory/ Built-In MOTION EYE Camera And Microphone/ Genuine Microsoft Windows Vista Business With SP1/XP Downgrade/ Black Finish,,,857
A:36620,Abt,Sony Black VAIO Z Series 13.1' Notebook Computer - VGNZ570NB,Sony Black VAIO Z Series 13.1' Notebook Computer - VGNZ570NB/ 2.53GHz Intel Core 2 Duo P9500 Processor/ 13.3' XBRITE-DuraView LCD/ Integrated Stereo A2DP Bluetooth Technology/ 320GB Hard Drive/ 3GB Memory/ Built-In MOTION EYE Camera And Microphone/ Genuine Microsoft Windows Vista Business With SP1/XP Downgrade/ Black Finish,,,858
A:36635,Abt,Yamaha Black Digital Sound Projector - YSP3050BK,"Yamaha Black Digital Sound Projector - YSP3050BK/ 82W Total Power (2W x 21 + 20W x 2)/ Neural Surround/ Dolby Pro Logic IIx, Dolby Digital, Dolby Digital EX, DTS Digital Surround, DTS-ES (DTS-ES Matrix 6.1 And DTS-ES Discrete 6.1), DTS Neo:6 And DTS 96/24 Decoding/ IntelliBeam/ CINEMA DSP Digital/ Analog Video To HDMI Digital Video Up-Conversion (1080i/720p)/ HDMI Interface (1080p/24Hz And 60Hz Compatible)/ Black Finish",,,859
A:36636,Abt,LaCie Little Disk 320GB Black Portable Hard Drive - 301829,"LaCie Little Disk 320GB Black Portable Hard Drive - 301829/ Compact, Thin And Lightweight Design/ Back Up, Synchronize And Secure Files And Settings/ Extractable Integrated USB Cable And Protective Cap/ Hi-Speed USB 2.0/ PC And Mac Compatible/ Black Finish",,$119.00,860
A:36637,Abt,LaCie Little Disk 250GB Black Portable Hard Drive - 301278,"LaCie Little Disk 250GB Black Portable Hard Drive - 301278/ Compact, Thin And Lightweight Design/ Back Up, Synchronize And Secure Files And Settings/ Extractable Integrated USB Cable And Protective Cap/ Hi-Speed USB 2.0/ PC And Mac Compatible/ Black Finish",,$99.00,861
A:36705,Abt,Nikon Black 13.5 Megapixel COOLPIX Digital Camera - COOLPIXP6000BK,Nikon Black 13.5 Megapixel COOLPIX Digital Camera - COOLPIXP6000BK/ 13.5 Effective Megapixels/ 4x Zoom-NIKKOR Lens/ 2.7' High-Resolution Wide-Viewing Angle LCD Monitor/ Optical Lens Shift VR Image Stabilization/ Wired LAN Connectivity/ Built-In GPS Unit/ Wireless Remote Control/ In-Camera Red-Eye Fix/ D-Lighting/ Black Finish,,,862
A:36718,Abt,Nikon Graphite Black 14.5 Megapixel COOLPIX Digital Camera - COOLPIXS710BK,Nikon Graphite Black 14.5 Megapixel COOLPIX Digital Camera - COOLPIXS710BK/ 14.5 Effective Megapixels/ 3.6x Zoom-NIKKOR Lens/ 3.0' High-Resolution Wide-Viewing Angle LCD Monitor/ Optical Lens Shift VR Image Stabilization/ Food And Smile Mode/ Face-Priority AF/ Camera Red-Eye Fix/ D-Lighting/ Graphite Black Finish,,,863
A:36722,Abt,AppleCare Protection Plan For iPod Touch Or iPod Classic - MB591LLA,AppleCare Protection Plan For iPod Touch Or iPod Classic - MB591LLA/ Extends Your Service Coverage To Up To Two Years/ Includes Both Phone And In Store Techinical Support,,$59.00,864
A:36746,Abt,Nikon CoolPix S610 10 Megapixel Black  Digital Camera - COOLPIXS610BK,Nikon CoolPix S610 10 Megapixel Black  Digital Camera - COOLPIXS610BK/ 10.0 Megapixels/ 4x Zoom-NIKKOR Lens/ 3.0' High-Resolution Wide-Viewing Angle LCD Monitor/ Scene Auto Selector/ Active Child Mode/ Smile And Food Mode/ Face-Priority AF/ In-Camera Red-Eye Fix/ D-Lighting/ Midnight Black Finish,,$249.00,865
A:36761,Abt,Sony VAIO Z Series Black Notebook Computer - VGNZ591UB,Sony VAIO Z Series Black Notebook Computer - VGNZ591UB/ 2.53 GHz Intel Core 2 Duo P9500 Processor With Intel Centrino 2 Processor Technology/ 13.1' XBRITE-DuraView Technology Widescreen LCD Display/ 4GB RAM/ 320GB Serial ATA Hard Drive/ Blu-Ray Disc Optical Drive/ Built-In Wireless-N Technology/ Built-In MOTION EYE Camera And Microphone/ Lightweight 3.4 Lbs With Battery/ Multi-Media SD Card And Memory Stick PRO Slots/ ENERGY STAR 4.0 Qualified/ Genuine Microsoft Windows Vista Ultimate/ Black Finish,,,866
A:36789,Abt,Brenthaven Sling I Titanium Laptop Carrying Bag For 13' MacBook - TR653ZMA,Brenthaven Sling I Titanium Laptop Carrying Bag For 13' MacBook - TR653ZMA/ Lightweight And Durable Protective Case/ Rugged Ballistic Nylon/ Custom Fit Padded Computer Compartment/ External Pocket/ Side Water Bottle Pocket/ Ergonomic Strap With Tuck Away Option/ Internal Accessory Panel/ Fits MacBook Air And MacBook 13.3'/ Titanium Finish,,,867
A:36796,Abt,Brenthaven Sling II Titanium Laptop Carrying Bag For 15' MacBook Pro - TR654ZMA,Brenthaven Sling II Titanium Laptop Carrying Bag For 15' MacBook Pro - TR654ZMA/ Lightweight And Durable Protective Case/ Rugged Ballistic Nylon/ Custom Fit Padded Computer Compartment/ External Pocket/ Side Water Bottle Pocket/ Ergonomic Strap With Tuck Away Option/ Internal Accessory Panel/ Fits MacBook Pro 15.4'/ Titanium Finish,,,868
A:36803,Abt,Sony VAIO Black USB Docking Station - VGPUPR1,"Sony VAIO Black USB Docking Station - VGPUPR1/ Perfect For The Constant Traveler Or Mobile Professional/ Easily Connect All Of Necessary Peripherals/ VGA Port/ 4 USB Ports/ Ethernet Port/ Headphone And Microphone Ports/ Compatible With VAIO CR Series, FZ Series, FW Series, NR Series And AR Series Notebooks/ Black Finish",,$199.99,869
A:36808,Abt,Onkyo 7.1 Channel Home Theater Black Receiver - TXSR876B,"Onkyo 7.1 Channel Home Theater Black Receiver - TXSR876B/ 140W x 7/ HDMI v1.3/ THX Ultra2 Plus Certification/ All Discrete Circuitry/ Optimum Gain Volume/ Audyssey Dynamic EQ/ Dolby Digital Plus, Dolby TrueHD, DTS-HD Master Audio Decoder/ HDMI Deep Color Capable (36bit)/ 1080p Upscaling Via HDMI/ Analog To HDMI Upconversion/ Permanent Memory Storage/ Back-Lit Remote/ Black Finish",,,870
A:36811,Abt,Nikon Pink 10 Megapixel COOLPIX Digital Camera - COOLPIXS60PNK,Nikon Pink 10 Megapixel COOLPIX Digital Camera - COOLPIXS60PNK/ 10 Effective Megapixels/ 5x Zoom-NIKKOR Lens/ 3.5' Wide Touch Screen High-Resolution LCD/ Portrait One-Touch Zoom/ Scene Auto Selector/ Smile Timer/ Face-Priority AF/ In-Camera Red-Eye Fix/ D-Lighting/ Champagne Pink Finish,,,871
A:36812,Abt,Onkyo THX Ultra2 Certified 7.1 Channel Home Theater Black Receiver - TXNR906B,"Onkyo THX Ultra2 Certified 7.1 Channel Home Theater Black Receiver - TXNR906B/ 145W x 7/ HDMI v1.3/ All Discrete Circuitry/ Absolute Ground Plate/ Optimum Gain Volume/ Audyssey Dynamic EQ/ Non-Scaling Configuration/ Toroidal Transformer/ Dolby Digital Plus, Dolbyl TrueHD, DTS-HD Master Audio, DTS-HD High Resolution Audio Decoder/ Music Optimizer/ HDMI Deep Color Capable (36bit)/ 1080p Upscaling Via HDMI/ Analog To HDMI Upconversion/ Permanent Memory Storage/ Back-Lit Remote/ Black Finish",,,872
A:36816,Abt,Nikon SB-900 AF Speedlight In Black - SB900,Nikon AF Speedlight In Black - SB900/ Wireless Commander Mode/ Control Up To Three Remote/ 3 Light Distribution Patterns/ Flash Tube Overheat Protection/ Drip-Proof Mounting Foot Cover (Water Guard)/ Color Gel Filter Identification/ Black Finish,,$499.00,873
A:36824,Abt,Samsung 46' Series 9 LCD Black Flat Panel HDTV - LN46A950,"Samsung 46' Series 9 LCD Black Flat Panel HDTV - LN46A950/ Full 1080p High Definition Resolution/ 1,000,000:1 Dynamic Contrast Ratio/ Auto Motion Plus 120Hz/ Built-In Digital Tuner (NTSC/ATSC/Clear QAM)/ 4ms Response Time/ SRS TruSurround XT/ Down Firing Speakers/ Picture-In-Picture (PIP)/ Integrated Woofer/ Wide Color Gamut LED Backlight/ Black Finish",,,874
A:36859,Abt,Denon D-M37 Black CD/AM/FM Micro System - DM37SBK,Denon D-M37 Black CD/AM/FM Micro System - DM37SBK/ 30 Watts x 2 Amplifier/ Precision Burr-Brown Audiophile Quality DACs/ MP3 And WMA Tracks Playback Capability/ European Engineered Loudspeakers/ 120mm Long-Throw D.D.L Double-Layered Cone Woofer/ 25mm Soft Dome Tweeter With Extended Response/ Triadic Noise Reduction Concept/ Portable Player Connectivity/ Black Finish,,$399.00,875
A:36861,Abt,Sony 46' BRAVIA XBR Series Black LCD Flat Panel HDTV - KDL46XBR6,Sony 46' BRAVIA XBR Series Black LCD Flat Panel HDTV - KDL46XBR6/ 1920 x 1080 Full HD 1080p Resolution/ Digital Media Extender (DMex)/ BRAVIA Engine II Technology/ Advanced Contrast Enhancer (ACE)/ 24p True Cinema/ 120Hz Refresh Rate With Dejudder Processing/ Bottom-Mounted Speaker/ Black Finish,,,876
A:36862,Abt,Griffin iPhone 3G Black Elan Form Hard-Shell Leather Case - 8223IP2EFRMB,Griffin iPhone 3G Black Elan Form Hard-Shell Leather Case - 8223IP2EFRMB/ Top-Grain Outer Shell Crafted From Hand-Matched Leather/ Protective Polycarbonate Inner Shell/ Easy Access To Controls/ Includes Stiff Polycarbonate Screen Protector & Premium Cleaning Cloth/ Black Finish (iPhone Not Included),,$24.00,877
A:36864,Abt,Sony 52' BRAVIA XBR Series Black LCD Flat Panel HDTV - KDL52XBR6,Sony 52' BRAVIA XBR Series Black LCD Flat Panel HDTV - KDL52XBR6/ 1920 x 1080 Full HD 1080p Resolution/ Digital Media Extender (DMex)/ BRAVIA Engine II Technology/ Advanced Contrast Enhancer (ACE)/ 24p True Cinema/ 120Hz Refresh Rate With Dejudder Processing/ Bottom-Mounted Speaker/ Black Finish,,,878
A:36906,Abt,Olympus Pink 8 Megapixel Digital Camera - FE360PNK,Olympus Pink 8 Megapixel Digital Camera - FE360PNK/ Face Detection/ Digital Image Stabilization/ Li-Ion Rechargeable Battery/ 8.0 Megapixels/ 3x Zoom/ 2.5' LCD/ 20 Shooting Modes/ Pink Finish,,,879
A:36909,Abt,Olympus Silver 8 Megapixel Digital Camera - FE370S,Olympus Silver 8 Megapixel Digital Camera - FE370S/ Dual Image Stabilization/ 5x Optical Zoom/ Face Detection/ Intelligent Auto/ Smile Shot/ 2.7' High Resolution LCD/ 18 Shooting Modes/ 8.0 Megapixels/ Silver Finish,,,880
A:36931,Abt,Speck Black ToughSkin Case For iPhone 3G - IPH3GBLKTS,"Speck Black ToughSkin Case For iPhone 3G - IPH3GBLKTS/ Tough, Textured And Ruggedized Protection/ Bottom Hinges Open To Allow Docking/ Thicker Corners For Extra Protection/ Removable Rotating Belt Clip/ Lightweight Design/ Easy Access To All Ports & Controls/ Black Finish (iPhone Not Included)",,$34.00,881
A:36957,Abt,Sony Alpha Digital SLR Black Camera Body - DSLRA350,Sony Alpha Digital SLR Black Camera Body - DSLRA350/ 14.2 Megapixels/ Tiltable 2.7' Clear Photo LCD Plus Screen/ Continuous Shooting While Viewing/ Smart Teleconverter 2X Zoom/ Expanded ISO Sensitivity/ Super SteadyShot In-Camera Image Stabilization/ Bionz Image Processor/ Dynamic Range Optimizer/ Anti-Dust Technology/ Auto Pop-Up Flash/ Eye-Start Autofocus System/ 9-Point Center Cross AF Sensor/ Black Finish,,,882
A:36962,Abt,Sanus Black Single-Column AV Component System - VF2012,Sanus Black Single-Column AV Component System - VF2012/ 50 lbs Top/Bottom Shelf Capacity/ Adjustable Shelves/ Easy To Assemble/ Wire Management System/ Open Architecture/ Black Finish,,,883
A:36969,Abt,Oregon Scientific AT18 Wearable Waterproof Action Camcorder - ATC2000,"Oregon Scientific AT18 Wearable Waterproof Action Camcorder - ATC2000/ Full-Function, Hands-Free, Digital Recording/ Waterproof Up To 3 Meters/ Shock-Resistant For Extreme Conditions/ Mounts Easily/ 640 X 480 VGA Resolution At 30 Frames Per Second/ USB And RCA Cables Included/ SD Card Expansion Up To 2GB",,,884
A:36988,Abt,Canon VIXIA 120GB High Definition Hard Disc Drive Black Camcorder - HG21,Canon VIXIA 120GB High Definition Hard Disc Drive Black Camcorder - HG21/ 1920 x 1080 Full HD Recording/ Record HD Video Directly To SDHC Memory Cards/ Genuine Canon 12x HD Video Lens/ 3.3 Megapixel HD CMOS Image Sensor/ DIGIC DV II Image Processor/ SuperRange Optical Image Stabilization/ Instant AF/ 24Mbps Recording/ 24p Cinema Mode/ 30p Progressive Mode/ 2.7' Multi-Angle Vivid Widescreen LCD/ 3.1 Megapixel Photos/ Microphone Terminal With Manual Audio Level Control/ Black Finish,,,885
A:36990,Abt,Canon VIXIA 60GB High Definition Hard Disc Drive Black Camcorder - HG20,Canon VIXIA 60GB High Definition Hard Disc Drive Black Camcorder - HG20/ 1920 x 1080 Full HD Recording/ Record HD Video Directly To SDHC Memory Cards/ Genuine Canon 12x HD Video Lens/ 3.3 Megapixel HD CMOS Image Sensor/ DIGIC DV II Image Processor/ SuperRange Optical Image Stabilization/ Instant AF/ 24Mbps Recording/ 24p Cinema Mode/ 30p Progressive Mode/ 2.7' Multi-Angle Vivid Widescreen LCD/ 3.1 Megapixel Photos/ Microphone Terminal With Manual Audio Level Control/ Black Finish,,,886
A:36993,Abt,Canon PIXMA iP2600 Photo Printer - IP2600,"Canon PIXMA Photo Printer - IP2600/ 4800 x 1200 Color dpi/ Spectacular Resolution/ Fast Photo Printing/ FINE Technology/ 1,472 Precision Nozzles/ Auto Image Fix/ Easy-PhotoPrint EX Software/ 4 In 1 Or 2 In 1 Printing/ Energy Star Qualified/ Borderless 4' x 6' Print Approx. 55 Seconds/ Windows And Mac Compatible",,$49.00,887
A:36999,Abt,Griffin 4046-TRPAUTOC iTrip AutoPilot - 4046TRPAUTOC,Griffin iTrip AutoPilot - 4046TRPAUTOC/ Charge/Control/Play Your iPod Or iPhone On Your Car Stereo/ FM frequency/ RDS Technology/ AutoPilot/ SmartScan/ SmartSound Plus Technology/ High-Contrast Display/ Three-Stage Light Ring/ Black Finish,,,888
A:37010,Abt,Onkyo Black Stereo Receiver - TX8255,Onkyo Black Stereo Receiver - TX8255/ 50W Per Channel/ Discrete Output Stage/ Multiroom Connection/ Direct Access Tuning/ Automatic/Manual Tuning/ Black Finish,,,889
A:37039,Abt,Klipsch 5.25' THX Ultra2 In-Ceiling White Loudspeaker - KS7502THX,Klipsch 5.25' THX Ultra2 In-Ceiling White Loudspeaker - KS7502THX/ 100W Continuous/400W Peak Power Handling/ Dual 1' Titanium Diaphragm Compression Drivers Mated To WDST Tractrix Horn Array/ Dual 5.25' High-Output Cerametallic Cone Woofers/ MDF And Aluminum Motorboard/ABS Shell Enclosure/ White Finish/ Price Per Speaker,,"$1,000.00",890
A:37045,Abt,Toshiba 22' LCD HDTV With Built In DVD Player In White - 22LV506,Toshiba 22' LCD HDTV With Built In DVD Player In White - 22LV506/ Built-In Slot Loading DVD Player/ Built-In ATSC/NTSC/QAM Digital Tuning/ Official DivX Certified/ PC Input/ Space Saving Design/ Bottom Mount Stereo Speakers/ Glossy White Finish,,,891
A:37052,Abt,Garmin Nuvi 265T GPS Navigation System - 0100057610,Garmin Nuvi 265T GPS Navigation System - 0100057610/ 3.5' Antiglare Touchscreen Display Size/ Turn-by-Turn Directions/ 2-D Or 3-D Maps/ Bluetooth Wireless Technology/ Avoid Traffic Tie-Ups/ Integrated FM Traffic Receiver/ Sleek & Slim Design/ JPEG Picture Viewer/ World Travel Clock/ Up To 4 Hours Of Battery Life/ Grey Finish,,,892
A:37054,Abt,Garmin Nuvi 275T GPS Navigation System - 0100057600,Garmin Nuvi 275T GPS Navigation System - 0100057600/ 3.5' Antiglare Touchscreen Display Size/ Turn-by-Turn Directions/ Voice Prompts/ Speaks Street Names/ 2-D Or 3-D Maps/ Bluetooth Wireless Technology/ Avoid Traffic Tie-Ups/ Integrated FM Traffic Receiver/ Sleek & Slim Design/ JPEG Picture Viewer/ World Travel Clock/ Up To 4 Hours Of Battery Life/ Garmin Lock/ Grey Finish,,,893
A:37055,Abt,Garmin Nuvi 265WT GPS Navigation System - 0100057510,Garmin Nuvi 265WT GPS Navigation System - 0100057510/ 4.3' Widescreen Sunlight-Readable Touchscreen Display Size/ Turn-by-Turn Directions/ Voice Prompts/ Speaks Street Names/ 2-D Or 3-D Maps/ Bluetooth Wireless Technology/ Avoid Traffic Tie-Ups/ Integrated FM Traffic Receiver/ Sleek & Slim Design/ JPEG Picture Viewer/ World Travel Clock/ Up To 4 Hours Of Battery Life/ Garmin Lock/ Grey Finish,,,894
A:37078,Abt,LG 42' Glossy Piano Black LCD Flat Panel HDTV - 42LG30,"LG 42' Glossy Piano Black LCD Flat Panel HDTV- 42LG30/ 720p HD Resolution/ 1366 x 768 Resolution/ 12,000:1 Dynamic Contrast Ratio/ AV Mode (Cinema, Sports, Game)/ Clear Voice/ LG SimpLink Connectivity/ Invisible Speaker System/ 6.2ms Response Time/ 60,000 Hours Life Span/ ATSC/NTSC/Clear QAM Built-In Tuner/ HDMI v1.3/ Glossy Piano Black Finish",,,895
A:37087,Abt,Garmin Nuvi 755T GPS Navigation System - 0100071530,Garmin Nuvi 755T GPS Navigation System - 0100071530/ 4.3' Widescreen Display/ Up To 5 Hours/ Sleek & Slim Design/ Lane Assist/ 3-D Building View/ Preloaded Street Maps For North America/ Photo Navigation/ Speaks Street Names/ FM Transmitter/ MP3 Player/ Route Planning/ Where Am I? Emergency Locator/ Garmin Locate/ Garmin Lock/ Grey Finish,,,896
A:37091,Abt,Sony Cyber-Shot Black Digital Camera - DSCT500B,Sony Cyber-Shot Black Digital Camera - DSCT500B/ 10.1 Megapixels/ 720p HD Video Recording/ 3.5' LCD Plus Touch Screen Display/ 4MB Internal Memory/ Carl Zeiss 5X Optical Zoom Lens/ 16:9 High-Resolution Mode/ High Sensitivity Mode/ Burst Mode/ Face Detection Technology/ High Sensitivity ISO 3200/ In-Camera Retouching/ Optical SteadyShot Image Stabilization With Double Anti-Blur Solution/ HDTV Compatibility/ BRAVIA Sync/ PhotoTV HD/ Stamina Battery Power/ Black Finish,,,897
A:37110,Abt,Canon PowerShot Silver Digital Camera - SX110IS,Canon PowerShot SX110 IS Silver Digital Camera - SX110IS/ 9.0 Megapixel/ 10x Optical Zoom Lens With Optical Image Stabilizer Technology/ 3.0' LCD Display/ DIGIC III Image Processor/ Face Detection/ Motion Detection/ 20 Shooting Modes Including 8 Special Scene Modes/ Red-Eye Correction/ Automatic ISO Settings/ Print-Share Button/ Power By AA Batteries For Convenient/ Silver Finish,,,898
A:37120,Abt,Canon PowerShot Black Digital Camera - SX110ISB,Canon PowerShot SX110 IS Black Digital Camera - SX110ISB/ 9.0 Megapixel/ 10x Optical Zoom Lens With Optical Image Stabilizer Technology/ 3.0' LCD Display/ DIGIC III Image Processor/ Face Detection/ Motion Detection/ 20 Shooting Modes Including 8 Special Scene Modes/ Red-Eye Correction/ Automatic ISO Settings/ Print-Share Button/ Power By AA Batteries For Convenient/ Black Finish,,,898
A:37123,Abt,Canon PowerShot A1000 IS Gray Digital Camera - A1000ISG,Canon PowerShot A1000 IS Gray Digital Camera - A1000ISG/ 10.0 Megapixel/ 4x Optical Zoom With Optical Image Stabilizer Technology/ 2.5' Optical Viewfinder LCD Display/ DIGIC III Image Processor/ Face Detection/ Motion Detection/ 17 Shooting Modes Including 8 Special Scene Modes/ Red-Eye Correction/ Automatic ISO Settings/ Print-Share Button/ Power By AA Batteries For Convenient/ Gray Finish,,,899
A:37139,Abt,Olympus Stylus 1050 SW Black Digital Camera - STYLUS1050SWB,Olympus Stylus 1050 SW Black Digital Camera - STYLUS1050SWB/ 10.1 Megapixel/ Shockproof/ Waterproof Up To 10 Ft./ Freezeproof/ 3x Optical Zoom/ 2.7' LCD Display/ 41.6MB Internal Memory/ Tap Control Feature/ Face Detection/ 27 Shooting Modes/ Continuous Shooting/ High ISO Sensitivity/ In-Camera Panorama/ Movie Mode/ Black Finish,,,900
A:37141,Abt,Nikon D90 Black Digital SLR Camera With Nikkor 18-105mm Lens - D90OUTFIT,Nikon D90 Black Digital SLR Camera With Nikkor 18-105mm Lens - D90OUTFIT/ 12.3 Megapixel/ 3' TFT LCD Display/ D-Movie Shooting Function/ EXPEED Image Processing/ Scene Recognition System/ In-Camera Retouch Menu/ Low-Noise Performance/ Active D-Lighting/ Viewfinder/ Compatible With HDMI Output/ Included AF-S DX NIKKOR 18-105mm VR Lens/ Black Finish,,,901
A:37142,Abt,Nikon D90 Black Digital SLR Camera - D90BODY,Nikon D90 Black Digital SLR Camera - D90BODY/ 12.3 Megapixel/ 3' TFT LCD Display/ D-Movie Shooting Function/ EXPEED Image Processing/ Scene Recognition System/ In-Camera Retouch Menu/ Low-Noise Performance/ Active D-Lighting/ Viewfinder/ Compatible With HDMI Output/ Body Only/ Lens Sold Separately/ Black Finish,,,902
A:37145,Abt,Garmin Nuvi 765T GPS Navigation System - 0100071520,Garmin Nuvi 765T GPS Navigation System - 0100071520/ 4.3' Touchscreen Widescreen Display/ Up To 5 Hours/ Sleek & Slim Design/ Advanced Navigation With Lane Assist/ Bluetooth Wireless/ FM Traffic/ 3-D Building View/ Preloaded Street Maps For North America/ Photo Navigation/ Speaks Street Names/ FM Transmitter/ MP3 Player/ Route Planning/ Where Am I?/ Garmin Locate/ Grey Finish,,,903
A:37150,Abt,Toshiba Black 15' LCD Flat Panel HDTV/DVD Combo - 15LV505,Toshiba Black 15' LCD Flat Panel HDTV/DVD Combo - 15LV505/ Built-In Slot Loading DVD Player/ Built-In ATSC/NTSC/QAM Digital Tuning/ DivX Certified/ Dolby Digital And DTS Compatible Output/ Black Finish,,,904
A:37162,Abt,Canon PIXMA Photo All-In-One Printer - MP620,"Canon PIXMA Photo All-In-One Printer - MP620/ High Performance Printer And Copier, Scanner/ Easy Scroll Wheel/ Dual Paper Trays/ 2.5' High Definition LCD Display/ Maximum 9600 x 2400 Color Dpi/ Automatic Image Optimization/ Quick Start/ Wi-Fi Ready/ Built-In Media Card Slot/ ENERGY STAR Qualified",,$149.00,905
A:37174,Abt,TiVo HD XL Black Digital Video Recorder - TCD658000,"TiVo HD XL Black Digital Video Recorder - TCD658000/ Search, Record And Watch Shows In HD/ Save Up To 150 Hours Of HD Programming At A Time/ Control Cable TV With Pause, Rewind, Fast-Forward, And Slow-Motion/ Record Two Shows At Once In HD/ Digital Transition Ready/ Backlit Remote Control/ Netflix Instant Streaming/ TiVo Service Required And Sold Separately",,$599.00,906
A:37181,Abt,Apple 8GB Black 2nd Generation iPod Touch - MB528LLA,"Apple 8GB Black 2nd Generation iPod Touch - MB528LLA/ Holds Up To 1,750 Songs In 128-Kbps AAC Format, 10,000 iPod-Viewable Photos And 10 Hours Of Video/ Wi-Fi (802.11b/g)/ Nike + iPod Support Built-In/ Maps Location-Based Service/ 3.5' (Diagonal) Widescreen Multi-Touch Display/ 480x320-Pixel Resolution/ 480p And 576p Component TV Out/ Mac And Windows Compatible/ Black Finish",,$229.00,907
A:37182,Abt,Apple 16GB Black 2nd Generation iPod Touch - MB531LLA,"Apple 16GB Black 2nd Generation iPod Touch - MB531LLA/ Holds Up To 3,500 Songs In 128-Kbps AAC Format, 20,000 iPod-Viewable Photos And 20 Hours Of Video/ Wi-Fi (802.11b/g)/ Nike + iPod Support Built-In/ Maps Location-Based Service/ 3.5' (Diagonal) Widescreen Multi-Touch Display/ 480x320-Pixel Resolution/ 480p And 576p Component TV Out/ Mac And Windows Compatible/ Black Finish",,$299.00,908
A:37183,Abt,Apple 32GB Black 2nd Generation iPod Touch - MB533LLA,"Apple 32GB Black 2nd Generation iPod Touch - MB533LLA/ Holds Up To 7,000 Songs In 128-Kbps AAC Format, 25,000 iPod-Viewable Photos And 40 Hours Of Video/ Wi-Fi (802.11b/g)/ Nike + iPod Support Built-In/ Maps Location-Based Service/ 3.5' (Diagonal) Widescreen Multi-Touch Display/ 480x320-Pixel Resolution/ 480p And 576p Component TV Out/ Mac And Windows Compatible/ Black Finish",,$399.00,909
A:37187,Abt,Apple 8GB Silver 4th Generation iPod Nano - MB598LLA,"Apple 8GB Silver 4th Generation iPod Nano - MB598LLA/ Holds Up To 2,000 Songs In 128-Kbps AAC Format, 7,000 iPod-Viewable Photos And 8 Hours Of Video/ 2' (Diagonal) Liquid Crystal Display With Blue-White LED Backlight/ 320-By-240-Pixel Resolution/ Give It A Shake To Shuffle Your Music/ Turn It Sideways To View Cover Flow/ Mac And Windows Compatible/ Silver Finish",,$144.00,910
A:37192,Abt,Apple 8GB Blue 4th Generation iPod Nano - MB732LLA,"Apple 8GB Blue 4th Generation iPod Nano - MB732LLA/ Holds Up To 2,000 Songs In 128-Kbps AAC Format, 7,000 iPod-Viewable Photos And 8 Hours Of Video/ 2' (Diagonal) Liquid Crystal Display With Blue-White LED Backlight/ 320-By-240-Pixel Resolution/ Give It A Shake To Shuffle Your Music/ Turn It Sideways To View Cover Flow/ Mac And Windows Compatible/ Blue Finish",,$149.00,911
A:37196,Abt,Apple 8GB Pink 4th Generation iPod Nano - MB735LLA,"Apple 8GB Pink 4th Generation iPod Nano - MB735LLA/ Holds Up To 2,000 Songs In 128-Kbps AAC Format, 7,000 iPod-Viewable Photos And 8 Hours Of Video/ 2' (Diagonal) Liquid Crystal Display With Blue-White LED Backlight/ 320-By-240-Pixel Resolution/ Give It A Shake To Shuffle Your Music/ Turn It Sideways To View Cover Flow/ Mac And Windows Compatible/ Pink Finish",,$144.00,912
A:37198,Abt,Apple 8GB Purple 4th Generation iPod Nano - MB739LLA,"Apple 8GB Purple 4th Generation iPod Nano - MB739LLA/ Holds Up To 2,000 Songs In 128-Kbps AAC Format, 7,000 iPod-Viewable Photos And 8 Hours Of Video/ 2' (Diagonal) Liquid Crystal Display With Blue-White LED Backlight/ 320-By-240-Pixel Resolution/ Give It A Shake To Shuffle Your Music/ Turn It Sideways To View Cover Flow/ Mac And Windows Compatible/ Purple Finish",,$149.00,913
A:37201,Abt,Apple 16GB Green 4th Generation iPod Nano - MB913LLA,"Apple 16GB Green 4th Generation iPod Nano - MB913LLA/ Holds Up To 4,000 Songs In 128-Kbps AAC Format, 14,000 iPod-Viewable Photos And 16 Hours Of Video/ 2' (Diagonal) Liquid Crystal Display With Blue-White LED Backlight/ 320-By-240-Pixel Resolution/ Give It A Shake To Shuffle Your Music/ Turn It Sideways To View Cover Flow/ Mac And Windows Compatible/ Green Finish",,,914
A:37202,Abt,Apple 8GB Green 4th Generation iPod Nano - MB745LLA,"Apple 8GB Green 4th Generation iPod Nano - MB745LLA/ Holds Up To 2,000 Songs In 128-Kbps AAC Format, 7,000 iPod-Viewable Photos And 8 Hours Of Video/ 2' (Diagonal) Liquid Crystal Display With Blue-White LED Backlight/ 320-By-240-Pixel Resolution/ Give It A Shake To Shuffle Your Music/ Turn It Sideways To View Cover Flow/ Mac And Windows Compatible/ Green Finish",,$149.00,915
A:37207,Abt,Apple 8GB Black 4th Generation iPod Nano - MB754LLA,"Apple 8GB Black 4th Generation iPod Nano - MB754LLA/ Holds Up To 2,000 Songs In 128-Kbps AAC Format, 7,000 iPod-Viewable Photos And 8 Hours Of Video/ 2' (Diagonal) Liquid Crystal Display With Blue-White LED Backlight/ 320-By-240-Pixel Resolution/ Give It A Shake To Shuffle Your Music/ Turn It Sideways To View Cover Flow/ Mac And Windows Compatible/ Black Finish",,$144.00,916
A:37208,Abt,Apple 120GB Silver 7th Generation iPod Classic - MB562LLA,"Apple 120GB Silver 7th Generation iPod Classic - MB562LLA/ Holds Up To 30,000 Songs In 128-Kbps AAC Format, 25,000 iPod-Viewable Photos And 150 Hours Of Video/ 2.5' (Diagonal) Color LCD With LED Backlight/ 320-By-240-Pixel Resolution/ Mac And Windows Compatible/ Silver Finish",,,917
A:37210,Abt,Apple 120GB Black 7th Generation iPod Classic - MB565LLA,"Apple 120GB Black 7th Generation iPod Classic - MB565LLA/ Holds Up To 30,000 Songs In 128-Kbps AAC Format, 25,000 iPod-Viewable Photos And 150 Hours Of Video/ 2.5' (Diagonal) Color LCD With LED Backlight/ 320-By-240-Pixel Resolution/ Mac And Windows Compatible/ Black Finish",,,918
A:37211,Abt,Apple 1GB Pink 2nd Generation iPod Shuffle - MB811LLA,Apple 1GB Pink 2nd Generation iPod Shuffle - MB811LLA/ Holds Up To 240 Songs In 128-Kbps AAC Format/ 12 Hours Of Continuous Playback/ Skip-Free Playback/ Battery Indicator/ Shuffle Switch/ Built-In Clip/ Mac And Windows Compatible/ Pink Finish,,$49.00,919
A:37231,Abt,Yamaha YAS-71 Black Front Surround System - YAS71BK,"Yamaha YAS-71 Black Front Surround System - YAS71BK/ 210 Watts Total Power/ Dolby Digital, DTS And Dolby Pro Logic II Compatibility/ CINEMA DSP Digital/ Magnetic Shielding/ Digital Amplifier/ Air Surround Xtreme/ 4 Surround Programs/ Compressed Music Enhancer/ Night Listening Mode/ Black Finish",,,920
A:37235,Abt,Sony BRAVIA Black SXRD 1080p Home Theater Front Projector - VPLHW10,"Sony BRAVIA Black SXRD 1080p Home Theater Front Projector - VPLHW10/ SXRD 1920 x 1080p Full HD Panels/ 30,000:1 Dynamic Contrast Ratio/ Fully Digital Signal Processing/ 200Watts Ultra-High-Pressure Lamp/ Whisper-Quiet Fan Noise And Noise Reduction Function/ Two HDMI Inputs/ BRAVIA Theatre Sync/ Remote Commander/ Black Finish",,"$3,499.00",921
A:37254,Abt,Canon PIXMA Black Photo Printer - IP4600,Canon PIXMA Black Photo Printer - IP4600/ Premium Printer With Individual Ink Tanks And Built-In Auto Duplex/ Print 4' x 6' Photo In 20 Seconds/ Dual Paper Trays/ Maximum 9600 x 2400 Color Dpi/ Automatic Image Optimization/ ENERGY STAR Qualified/ Black Finish,,$99.00,922
A:37257,Abt,Canon PIXMA Photo All-In-One Printer - MP980,"Canon PIXMA Photo All-In-One Printer - MP980/ High Performance Wireless Printer, Copier And Scanner/ Easy Scroll Wheel/ 3.5' High Definition LCD Display/ Maximum 9600 x 2400 Color Dpi/ Six Individual Inks Tanks/ Auto Duplex Print/ Smart Copying/ Automatic Image Optimization/ No Warm-Up/ ENERGY STAR Qualified",,$299.00,923
A:37287,Abt,Toshiba 32' Black LCD Flat Panel HDTV - 32AV502U,Toshiba 32' Black LCD Flat Panel HDTV - 32AV502U/ 720p (1366 x 768) HD CineSpeed Display/ DynaLight Dynamic Backlight Control/ NTSC/ATSC/QAM Digital Tuner/ 10 Bit Video Processor/ 60Hz Video Scan Rate/ Color Temperature Control/ Auto Aspect Control/ Black Finish,,,924
A:37293,Abt,Sony VAIO AW Series Titanium Grey Notebook Computer - VGNAW110JH,Sony VAIO AW Series Titanium Grey Notebook Computer - VGNAW110JH/ 2.26GHz Intel Core 2 Duo Processor P8400/ 18.4' (1680 x 945) XBRITE-ECO Widescreen Display/ 320GB Serial ATA 5400rpm Hard Drive/ Built-In 1.3 Megapixel MOTION EYE Camera And Microphone With Face-Tracking Technology/ 4GB PC2-6400 (2GBx2) Installed Memory/ Integrated Stereo A2DP Bluetooth/ Blu-ray Drive (Read Only)/ Titanium Grey Finish,,,925
A:37301,Abt,Sony VAIO CS Series Red Notebook Computer - VGNCS110ER,Sony VAIO CS Series Red Notebook Computer - VGNCS110ER/ 2.0GHz Intel Core 2 Duo Processor T5800/ 14.1' (1280 x 800) XBRITE-ECO Widescreen Display/ 250GB Serial ATA 5400rpm Hard Drive/ Built-In 1.3 Megapixel MOTION EYE Camera And Microphone/ 3GB PC2-6400 (2GBx1 + 1GBx1) Installed Memory/ Integrated Stereo A2DP Bluetooth/ 800MHz Front Side Bus Speed/ 2MB L2 Cache/ Genuine Microsoft Windows Vista Home Premium 32-bit With SP1/ Red Finish,,,926
A:37308,Abt,Sony VAIO CS Series Pink Notebook Computer - VGNCS180JP,Sony VAIO CS Series Pink Notebook Computer - VGNCS180JP/ 2.26GHz Intel Core 2 Duo Processor P8400/ 14.1' (1280 x 800) XBRITE-ECO Widescreen Display/ 320GB Serial ATA 5400rpm Hard Drive/ Built-In 1.3 Megapixel MOTION EYE Camera And Microphone/ 4GB PC2-6400 (2GBx2) Installed Memory/ Integrated Stereo A2DP Bluetooth/ 1066MHz Front Side Bus Speed/ 3MB L2 Cache/ Blu-ray Drive (Read Only)/ Genuine Microsoft Windows Vista Home Premium 64-Bit/ Pink Finish,,,927
A:37309,Abt,Sony VAIO CS Series Black Notebook Computer - VGNCS180JQ,Sony VAIO CS Series Black Notebook Computer - VGNCS180JQ/ 2.26GHz Intel Core 2 Duo Processor P8400/ 14.1' (1280 x 800) XBRITE-ECO Widescreen Display/ 320GB Serial ATA 5400rpm Hard Drive/ Built-In 1.3 Megapixel MOTION EYE Camera And Microphone/ 4GB PC2-6400 (2GBx2) Installed Memory/ Integrated Stereo A2DP Bluetooth/ 1066MHz Front Side Bus Speed/ 3MB L2 Cache/ Blu-ray Drive (Read Only)/ Genuine Microsoft Windows Vista Home Premium 64-Bit/ Black Finish,,,928
A:37310,Abt,Sony VAIO CS Series Red Notebook Computer - VGNCS180JR,Sony VAIO CS Series Red Notebook Computer - VGNCS180JR/ 2.26GHz Intel Core 2 Duo Processor P8400/ 14.1' (1280 x 800) XBRITE-ECO Widescreen Display/ 320GB Serial ATA 5400rpm Hard Drive/ Built-In 1.3 Megapixel MOTION EYE Camera And Microphone/ 4GB PC2-6400 (2GBx2) Installed Memory/ Integrated Stereo A2DP Bluetooth/ 1066MHz Front Side Bus Speed/ 3MB L2 Cache/ Blu-ray Drive (Read Only)/ Genuine Microsoft Windows Vista Home Premium 64-Bit/ Red Finish,,,929
A:37311,Abt,Sony VAIO CS Series White Notebook Computer - VGNCS180JW,Sony VAIO CS Series White Notebook Computer - VGNCS180JW/ 2.26GHz Intel Core 2 Duo Processor P8400/ 14.1' (1280 x 800) XBRITE-ECO Widescreen Display/ 320GB Serial ATA 5400rpm Hard Drive/ Built-In 1.3 Megapixel MOTION EYE Camera And Microphone/ 4GB PC2-6400 (2GBx2) Installed Memory/ Integrated Stereo A2DP Bluetooth/ 1066MHz Front Side Bus Speed/ 3MB L2 Cache/ Blu-ray Drive (Read Only)/ Genuine Microsoft Windows Vista Home Premium 64-Bit/ White Finish,,,930
A:37322,Abt,Sony VAIO NS Series Silver Notebook Computer - VGNNS190JS,Sony VAIO NS Series Silver Notebook Computer - VGNNS190JS/ 2.0GHz Intel Core 2 Duo Processor T5800/ 15.4' (1280 x 800) XBRITE-ECO Widescreen Display/ 250GB Serial ATA 5400rpm Hard Drive/ Built-In 1.3 Megapixel MOTION EYE Camera And Microphone/ 4GB PC2-6400 (2GBx2) Installed Memory/ 800MHz Front Side Bus Speed/ 2MB L2 Cache/ Genuine Microsoft Windows Vista Home Premium 64-Bit/ Blu-ray Drive (Read Only)/ Silver Finish,,,931
A:37331,Abt,Coby 10.2' Black LCD Flat Panel HDTV - TFTV1022,"Coby 10.2' Black LCD Flat Panel HDTV - TFTV1022/ 800 x 480 Resolution/ 480i, 480p, 720p, 1080i DTV Input Format/ ATSC/QAM/NTSC Tuner/ Digital Comb Filter And Noise Reduction/ 400:1 Contrast Ratio/ 30ms Response Time/ Black Finish",,,932
A:37340,Abt,Panasonic Black High Defintion 60GB Hard Disk Drive/SD Hybrid Camcorder - HDCHS100K,Panasonic Black High Defintion 60GB Hard Disk Drive/SD Hybrid Camcorder - HDCHS100K/ 1920x1080 Pixel Recording/ Advanced Optical Image Stabilizer/ Leica Lens/ 12x Optical Zoom/ 2.7' Wide LCD/ 5.1 Channel Surround Sound/ Records To Internal Hard Drive And SD Memory Card/ Black Finish,,,933
A:37354,Abt,Panasonic Rechargeable Lithium-Ion 1320 mAh Battery Pack - VWVBG130,"Panasonic Rechargeable Lithium-Ion 1320 mAh Battery Pack - VWVBG130/ Rechargeable Lithium Ion Battery Type/ Compatible With HDC-SD9, HDC-HS9, HDC-SD5, HDC-SD1, HDC-SX5, SDR-H60, SDR-H40/41, SDR-H200, SDR-H18, VDR-D310, VDR-D50/51, VDR-D230, VDR-D220, VDR-D210, PV-GS500, PV-GS320, PV-GS85, PV-GS83, PV-GS90, PV-GS80/ 7.2V Power Consumption/ Black Finish",,,934
A:37360,Abt,Pioneer 6.5' 2-Way Marine White Speakers - TSMR1640FM,Pioneer 6.5' 2-Way Marine Speakers - TSMR1640FM/ 160 Watts Maximum Power Handling (30 Watts Nominal)/ 1-1/8' Poly-Ether Imide Dome Tweeter With Magnetic Fluid And Equalizer/ Tinsel Lead Wire And Terminals Are Gold-Plated For Extra Protection/ Call 888-228-5800 To Purchase This Clearance Item<br>  <b> Original Price:</b><font color='#000000'> $120.00</font> <br>  <b>Open/Display Item(OF): </b> <font color='#FF0000'>$62.00</font>,,,132
A:37403,Abt,Canon Black EOS 50D Digital SLR Camera Body - EOS50DBODY,Canon Black EOS 50D Digital SLR Camera Body - EOS50DBODY/ 15.1 Megapixel CMOS Sensor/ DIGIC 4 Image Processor/ 3.0' Clear View LCD/ 9 Cross-Type High-Precision Sensors/ Enhanced Live View/ EOS Integrated Cleaning System/ Creative Auto/ HDMI Output/ 2807B006/ Black Finish,,,935
A:37404,Abt,Canon Black EOS 50D Digital SLR Camera With 28-135MM Lens - 50D28135,Canon Black EOS 50D Digital SLR Camera With 28-135MM Lens - 50D28135/ 15.1 Megapixel CMOS Sensor/ DIGIC 4 Image Processor/ 3.0' Clear View LCD/ 9 Cross-Type High-Precision Sensors/ Enhanced Live View/ EOS Integrated Cleaning System/ Creative Auto/ HDMI Output/ Lens Peripheral Illumination Correction/ Black Finish,,,936
A:37405,Abt,Sony BRAVIA Theater Black Micro System - DAVIS50B,Sony BRAVIA Theater Black Micro System - DAVIS50B/ 5.1-Channel Surround Sound/ Golf Ball-Sized Speakers/ Compact Design/ S-AIR Digital Wireless Capability/ HDMI Connectivity/ BRAVIA Sync/ Digital Cinema Sound(DCS) Technology/ S-Master Digital Amplifier/ Portable Audio Enhancer/ Black Finish,,,937
A:37421,Abt,AT&T Aliph Jawbone II Silver Bluetooth Headset - JAWBONE2S,"AT&T Aliph Jawbone II Silver Bluetooth Headset - JAWBONE2S/ Voice Activity Sensor/ Magnetic USB And Wall Charger/ Includes 4 Different Ear Loops And 3 Ear Buds/ Over 4 Hours Talk Time And 8 Days Standby Time/ Supports Bluetooth 1.1, 1.2 And 2.0/ Silver Finish",,,938
A:37457,Abt,Toshiba 42' Regza TheaterWide Black Flat Panel LCD HDTV - 42RV535U,Toshiba 42' Regza TheaterWide Black Flat Panel LCD HDTV - 42RV535U/ 1080p Full HD CineSpeed Display/ 14-Bit PixelPure 4G Video Processor/ 4 HDMI Inputs/ Dynalight Dynamic Backlight Control/ ATSC/QAM/NTSC Tuner/ Color Temperature Control/ Colormaster Color Control/ Black Finish,,,939
A:37462,Abt,Toshiba 52' Regza Black Flat Panel LCD HDTV - 52RV535U,"Toshiba 52' Regza Black Flat Panel LCD HDTV - 52RV535U/ 1080p (1920 x 1080) Full HD CineSpeed Display/ SRT Super Resolution Technology/ AutoView/ PixelPure 4G 14-Bit Internal Digital Video Processor To Reach 4,096 Levels Of Gradation/ DynaLight Backlight Control/ NTSC/ATSC/QAM Built-In TV Tuning/ Double Skin Thin-Line Bezel/ Deep Color/ Black Finish",,,940
A:37468,Abt,Canon PowerShot Black 10 Megapixel Digital Camera - SX10IS,Canon PowerShot Black 10 Megapixel Digital Camera - SX10IS/ 20x Optical Zoom/ Optical Image Stabilizer/ 10.0 Megapixel/ 2.5' Vari-Angle LCD/ DIGIC 4 Image Processor/ Face Detection Self-Timer/ Intelligent Contrast Correction/ MovieSnap Mode/ Print/Share Button/ Black Finish,,,941
A:37469,Abt,Canon PowerShot Black 14.7 Megapixel Digital Camera - G10,Canon PowerShot Black 14.7 Megapixel Digital Camera - G10/ 14.7 Megapixel/ 5x Optical Zoom/ Optical Image Stabilizer/ DIGIC 4 Image Processor/ Face Detection Self-Timer/ Intelligent Contrast Correction/ 3.0' PureColor LCD/ Print/Share Button/ Black Finish,,,942
A:37474,Abt,Canon PowerShot Black 14.7 Megapixel Digital Camera - SD990ISB,Canon PowerShot Black 14.7 Megapixel Digital Camera - SD990ISB/ 14.7 Megapixel/ 3.7x Optical Zoom/ Optical Image Stabilizer/ Optical Viewfinder/ Large High-Quality 2.5' PureColor LCD/ DIGIC 4 Image Processor/ Face Detection Self-Timer/ Intelligent Contrast Correction/ Quick Mode/ Print/Share Button/ Black Finish,,,943
A:37477,Abt,Canon PowerShot Silver 14.7 Megapixel Digital Camera - SD990IS,Canon PowerShot Silver 14.7 Megapixel Digital Camera - SD990IS/ 14.7 Megapixel/ 3.7x Optical Zoom/ Optical Image Stabilizer/ Optical Viewfinder/ Large High-Quality 2.5' PureColor LCD/ DIGIC 4 Image Processor/ Face Detection Self-Timer/ Intelligent Contrast Correction/ Quick Mode/ Print/Share Button/ Silver Finish,,,944
A:37495,Abt,Nintendo DS Lite Cobalt/Black Portable Gaming System - NDSUSGBMKB,Nintendo DS Lite Cobalt/Black Portable Gaming System - NDSUSGBMKB/ Dual 3' TFT Color LCD Touchscreens/ Slimmer Design/ Dual Slot Compatibility (DS Lite/Game Boy Advance Game Paks)/ Twin Ultra Bright LCD Screens/ Up To 19 Hours Continuous Gameplay/ Nintendo Wi-Fi Connection/ Impressive 3D Graphics/ Dual Stereo Speakers/ Cobalt and Black Finish,,$139.00,945
A:37496,Abt,Nintendo DS Lite Onyx Black Portable Gaming System - NDSUSGSKB,Nintendo DS Lite Onyx Black Portable Gaming System - NDSUSGSKB/ Dual 3' TFT Color LCD Touchscreens/ Slimmer Design/ Dual Slot Compatibility (DS Lite/Game Boy Advance Game Paks)/ Twin Ultra Bright LCD Screens/ Up To 19 Hours Continuous Gameplay/ Nintendo Wi-Fi Connection/ Impressive 3D Graphics/ Dual Stereo Speakers/ Onyx Black Finish,,$139.00,946
A:37497,Abt,Nintendo DS Lite Metallic Silver Portable Gaming System - NDSUSGSVB,Nintendo DS Lite Metallic Silver Portable Gaming System - NDSUSGSVB/ Dual 3' TFT Color LCD Touchscreens/ Slimmer Design/ Dual Slot Compatibility (DS Lite/Game Boy Advance Game Paks)/ Twin Ultra Bright LCD Screens/ Up To 19 Hours Continuous Gameplay/ Nintendo Wi-Fi Connection/ Impressive 3D Graphics/ Dual Stereo Speakers/ Metallic Silver Finish,,$139.00,947
A:37499,Abt,Nintendo DS Lite Metallic Rose Portable Gaming System - NDSUSGSZPB,Nintendo DS Lite Metallic Rose Portable Gaming System - NDSUSGSZPB/ Dual 3' TFT Color LCD Touchscreens/ Slimmer Design/ Dual Slot Compatibility (DS Lite/Game Boy Advance Game Paks)/ Twin Ultra Bright LCD Screens/ Up To 19 Hours Continuous Gameplay/ Nintendo Wi-Fi Connection/ Impressive 3D Graphics/ Dual Stereo Speakers/ Metallic Rose Finish,,$139.00,948
A:37531,Abt,Case Logic Vertical Universal Leather BlackBerry Case - CLP104BB,Case Logic Vertical Universal Leather BlackBerry Case - CLP104BB/ 360 Degree Swivel Belt Clip/ Magnetic Closure/ Soft Internal Lining/ Expandable Elastic Sides/ Compatible With Most BlackBerrys/ Leather Fabric/ Black Finish,,$15.00,949
A:37539,Abt,Sony Blu-Ray Disc Player - BDPS550,Sony Blu-Ray Disc Player - BDPS550/ Decode Dolby TrueHD And dts HD Internally/ Full HD 1080 Video Output/ 24p True Cinema/ DVD Upscaling To 1080p Via HDMI/ BRAVIA Theatre Sync (HDMI-CEC)/ BD/DVD/CD Playback And AVCHD With x.v. Color Output/ Dolby Digital Plus Decoding/ Backlit Remote/ Glass Front Finish,,,950
A:37558,Abt,Nintendo DS Lite Crimson/Black Portable Gaming System - NDSUSGSRMKB,Nintendo DS Lite Crimson/Black Portable Gaming System - NDSUSGSRMKB/ Dual 3' TFT Color LCD Touchscreens/ Slimmer Design/ Dual Slot Compatibility (DS Lite/Game Boy Advance Game Paks)/ Twin Ultra Bright LCD Screens/ Up To 19 Hours Continuous Gameplay/ Nintendo Wi-Fi Connection/ Impressive 3D Graphics/ Dual Stereo Speakers/ Crimson/Black Finish,,$139.00,951
A:37589,Abt,BlueAnt Bluetooth Voice Control Headset - V1,BlueAnt Bluetooth Voice Control Headset - V1/ Voice Control User Interface/ Voice Isolation Technology/ Dual Microphones/ Pairs With Up To 8 Bluetooth Devices/ Up To 5 Hours Talk-Time/ 3 Charging Options,,$119.00,952
A:37606,Abt,Netgear Prosafe 5 Port Gigabit Ethernet Desktop Switch - GS105NA,Netgear Prosafe 5 Port Gigabit Ethernet Desktop Switch - GS105NA/ Auto-Switching Ethernet Connection/ Supports Windows And Macintosh Platforms/ Dual Color LEDs/ AutoUplink Technology/ Compact Metal Case/ Fanless Design/ Plug-And-Play Installation,,$55.00,953
A:37623,Abt,Jabra Bluetooth Headset - BT2070,"Jabra Bluetooth Headset - BT2070/ Up To 5.5 Hours Talk Time/ Up To 200 Hours Standby Time/ Earhook Included/ Bluetooth 2.0+ EDR & eSCO Technology/ Auto-Pairing/ Discreet Light/ Answer/End, Redial And Voice Dial Features/ USB Micro-B, 5-Pin Charging Plug",,$49.00,954
A:37646,Abt,Canon Printer Black Ink Cartridge - CLI221BLK,"Canon Printer Black Ink Cartridge - CLI221BLK/ FINE Technology For Exceptional Sharpness And Detail/ Compatible With PIXMA iP3600, PIXMA iP4600, PIXMA MP620 And PIXMA MP980",,,955
A:37648,Abt,Canon Printer Gray Ink Cartridge - CLI221GRY,"Canon Printer Gray Ink Cartridge - CLI221GRY/ FINE Technology For Exceptional Sharpness And Detail/ Compatible With PIXMA iP3600, PIXMA iP4600, PIXMA MP620 And PIXMA MP980",,,956
A:37650,Abt,Canon Printer Yellow Ink Cartridge - CLI221YEL,"Canon Printer Yellow Ink Cartridge - CLI221YEL/ FINE Technology For Exceptional Sharpness And Detail/ Compatible With PIXMA iP3600, PIXMA iP4600, PIXMA MP620 And PIXMA MP980",,,957
A:37652,Abt,Canon Printer Ink Cartridge 4 Colors Pack - 2946B004,"Canon Printer Ink Cartridge 4 Colors Pack - 2946B004/ FINE Technology For Exceptional Sharpness And Detail/ Compatible With PIXMA iP3600, PIXMA iP4600, PIXMA MP620 And PIXMA MP980/ Includes 4 Ink Tanks (Black, Cyan, Magenta, Yellow)",,$47.00,958
A:37686,Abt,Canon PIXMA Photo All-In-One Printer - MP480,"Canon PIXMA Photo All-In-One Printer - MP480/ High Performance Printer, Copier And Scanner/ 1.8' TFT Display/ Maximum 2400 x 4800 Color Dpi/ Smart Scanning/ Quick Start/ Built-In Media Card Slot/ ENERGY STAR Qualified",,$99.00,959
A:37716,Abt,Sanus 30' - 58' VisionMount Flat Panel TV Black Tilting Wall Mount - LT25B1,Sanus 30' - 58' VisionMount Flat Panel TV Black Tilting Wall Mount - LT25B1/ Lateral Shift Adjustment/ Virtual Axis/ Height and Level Adjustments/ ClickStand/ ClickFit System/ Open Wall Plate/ Black Finish,,$199.00,960
A:37722,Abt,Apple iPod Nano Gray Armband - MB769GA,Apple iPod Nano Gray Armband - MB769GA/ Compatible With 4th Generation iPod Nano/ Has Space For The Nike + iPod Sport Kit Receiver/ Gray Finish,,$29.00,961
A:37749,Abt,Samsung Black Blu-ray Disc Player - BDP2500,"Samsung Black Blu-ray Disc Player - BDP2500/ Full HD 1080p/ BD Live 2.0 Ready/ Netflix Instant Streaming Ready/ Ethernet And USB For Firmware Upgrades/ Dolby Digital Plus, Dolby Digital True-HD/ DTS-HD upgradable/ HDMI-CEC (Anynet+)/ USB 2.0/ Black Finish",,,962
A:37767,Abt,Kensington Combosaver Ultra Combination Notebook Lock - K64516US - K64516US,Kensington Combosaver Ultra Combination Notebook Lock - K64516US/   Steel Composite Cable With Carbon Tempered Steel Core/ Built-In Defense System/ T-Bar Lock/ Easy To Install,,$39.00,963
A:37796,Abt,Escort Passport 9500IX Radar Detector - 9500IX,Escort Passport 9500IX Radar Detector - 9500IX/ Pre-Loaded With Thousands Of Saftey Camera Locations/ 360 Degree Radar & Laser Protection/ Completely Undetectable To All Detector Scanners/ Variable-Speed Radar Performance/ GPS-Powered Truelock Filter/ AutoLearn Feature/ Speed Alert/ Crystal-Clear Voice Alerts/ 80 LED Matrix Blue Display/ 5 Levels Of Brightness Control/ Black Finish,,$503.95,964
A:37803,Abt,Logitech White V470 Cordless Laser Mouse For Apple Notebooks - 910000692,Logitech White V470 Cordless Laser Mouse For Apple Notebooks - 910000692/ Laser Precision/ Side-To-Side Scrolling Plus Zoom/ Bluetooth Wireless Technology/ Protective Pouch/ Battery Life Indicator/ White Finish,,$49.00,965
A:37805,Abt,Samsung S3 Black Multimedia Player - YPS3JAB,Samsung S3 Black Multimedia Player - YPS3JAB/ 4 GB Internal Flash Memory/ 1.8' TFT LCD Display/ Touch-Sensitive LED Controls/ Multi-Formats Support/ DNSe 2.0 Sound Engine/ FM Tuner And Recorder With Presets/ Up To 25 Hours Audio Playback/ Up To 4 Hours Video Playback/ Black Finish,,,966
A:37807,Abt,Logitech Black V450 Nano Cordless Laser Mouse For Notebooks - 910000619,Logitech Black V450 Nano Cordless Laser Mouse For Notebooks - 910000619/ Laser Precision/ Side-To-Side Scrolling Plus Zoom/ Advanced 2.4 GHz Wireless Connection/ Storable Nano Reciever/ 12 Months Battery Life With Indicator Light/ Black Finish,,$49.00,967
A:37808,Abt,Logitech Black V220 Cordless Optical Mouse For Notebooks - 910000153,Logitech Black V220 Cordless Optical Mouse For Notebooks - 910000153/ Ergonomic Design With Soft Rubber Grips/ Extended Battery Life/ Mini-Receiver Snaps Onto Mouse Turning It Off/ High-Definition Optical Technology/ Side-To-Side Plus Zoom/ Black Finish,,$29.00,968
A:37810,Abt,Sony VAIO LV Series Silver All-In-One Desktop Computer - VGCLV140J,Sony VAIO LV Series Silver All-In-One Desktop Computer - VGCLV140J/ 2.53GHz Intel Core 2 Duo E7200 Processor/ 4GB Memory/ Built-In 1.3 MP MOTION EYE Camera And Microphone/ 320GB Serial ATA Hard Drive/ 24' XBRITE-Full HD LCD/ Integrated Stereo A2DP Bluetooth Technology/ Two Built-In 5.5 Watt Stereo Speakers/ Microsoft Windows Vista Home Premium 64-Bit/ Silver Finish,,,969
A:37811,Abt,Sony VAIO LV Series Silver All-In-One Desktop Computer - VGCLV150J,Sony VAIO LV Series Silver All-In-One Desktop Computer - VGCLV150J/ 2.53GHz Intel Core 2 Duo E7200 Processor/ 4GB Memory/ Built-In 1.3 MP MOTION EYE Camera And Microphone/ 500GB Serial ATA Hard Drive/ 24' XBRITE-Full HD LCD/ Integrated Stereo A2DP Bluetooth Technology/ Two Built-In 5.5 Watt Stereo Speakers/ Microsoft Windows Vista Home Premium 64-Bit/ Silver Finish,,"$1,899.00",970
A:37812,Abt,Sony VAIO RT Series Black All-In-One Desktop Computer - VGCRT150Y,Sony VAIO RT Series Black All-In-One Desktop Computer - VGCRT150Y/ 2.66GHz Intel Core 2 Quad Q9400 Processor/ 8GB Memory/ Built-In CompactFlash Media Slot/ 1TB Serial ATA Hard Drive/ 25.5' XBRITE-Full HD LCD/ Integrated Stereo A2DP Bluetooth Technology/ 6MB L2 Cache/ Microsoft Windows Vista Ultimate 64-Bit/ Black Finish,,"$3,999.00",971
A:37825,Abt,Logitech MX Air Rechargeable Cordless Air Mouse - 931633,Logitech MX Air Rechargeable Cordless Air Mouse - 931633/ Laser-Precise Tracking And Instant Response/ Freespace Motion Sensing/ Scroll Panel/ Easy Control Of PC-Based Entertainment/ Gesture Controls/ Li-Ion Battery/ 2.4 GHz Wireless/ Black Finish,,$149.00,972
A:37856,Abt,Canon Black Leather Case - 3528B001,Canon PSC-4000 Black Leather Case - 3528B001/ Genuine Leather Case/ Designed For The PowerShot SX10 IS/ Black Finish,,,973
A:37859,Abt,Denon Black Blu-ray Disc DVD-CD Player - DVD1800BD,Denon Black Blu-ray Disc DVD-CD Player - DVD1800BD/ 1080p High Resolution Via HDMI/ Dolby TrueHD/ Dolby Digital Plus/ DTS-HD Master Audio/ Digital Noise Reduction/ Remote Control/ Black Finish,,,974
A:37872,Abt,Apple MacBook 2.4GHz Intel Core 2 Duo Silver Notebook Computer - MB467LLA,Apple MacBook 2.4GHz Intel Core 2 Duo Silver Notebook Computer - MB467LLA/ 2.4GHz Intel Core 2 Duo Processor/ 250GB 5400-RPM Serial ATA Hard Drive/ 13' LED-Backlit Glossy Widescreen Display/ Built-In iSight Camera/ Built-In AirPort Extreme Wi-Fi And Bluetooth/ NVIDIA GeForce 9400M Graphics Processor/ Extended Desktop And Video Mirroring/ Multi-Touch Trackpad/ 60W MagSafe Power Adapter/ Mini DisplayPort/ Mac OS X v10.5 Leopard/ Silver Finish,,"$1,599.00",975
A:37877,Abt,Apple MacBook Pro 2.4GHz Intel Core 2 Duo Silver Notebook Computer - MB470LLA,Apple MacBook Pro 2.4GHz Intel Core 2 Duo Silver Notebook Computer - MB470LLA/ 2.4GHz Intel Core 2 Duo Processor/ 250GB 5400-RPM Serial ATA Hard Drive/ 15.4' LED-Backlit Glossy Widescreen Display/ Built-In iSight Camera/ Built-In AirPort Extreme Wi-Fi And Bluetooth/ NVIDIA GeForce 9600M GT Graphics Processor/ Dual Display And Video Mirroring/ Multi-Touch Trackpad/ 85W MagSafe Power Adapter/ Mini DisplayPort/ Mac OS X v10.5 Leopard/ Silver Finish,,"$1,999.00",976
A:37878,Abt,Apple MacBook Pro 2.53GHz Intel Core 2 Duo Silver Notebook Computer - MB471LLA,Apple MacBook Pro 2.53GHz Intel Core 2 Duo Silver Notebook Computer - MB471LLA/ 2.53GHz Intel Core 2 Duo Processor/ 320GB 5400-RPM Serial ATA Hard Drive/ 15.4' LED-Backlit Glossy Widescreen Display/ Built-In iSight Camera/ Built-In AirPort Extreme Wi-Fi And Bluetooth/ NVIDIA GeForce 9600M GT Graphics Processor/ Dual Display And Video Mirroring/ Multi-Touch Trackpad/ 85W MagSafe Power Adapter/ Mini DisplayPort/ Mac OS X v10.5 Leopard/ Silver Finish,,"$2,499.00",977
A:37893,Abt,Toshiba 26' Black LCD HDTV - 26AV502U,Toshiba 26' Black LCD HDTV - 26AV502U/ 720p HD Resolutions/ DynaLight Dynamic Backlight Control/ Gaming Mode/ Built-In ATSC/NTSC/QAM Digital Tuning/ Color Temperature Control/ 2 HDMI Inputs/ PC Input/ Black Finish,,,978
A:37907,Abt,Sharp AQUOS Blu Ray Disc Player In Black And Silver - BDHP21U,Sharp AQUOS Blu Ray Disc Player In Black And Silver - BDHP21U/ Especially Designed To Work With AQUOS LCD TVs/ HDMI Output/ Full 1080p HD Resolution/ Dolby TrueHD/ HDMI Up-Scaling/  Backwards Compatible/ AQUOS LINK Function/ Quick Start/ HDMI 1080p 24Hz Output/ Black And Silver Finish,,$299.00,979
A:37915,Abt,Panasonic Silver 8.1 Megapixel Digital Camera - DMCFS3S,Panasonic Silver 8.1 Megapixel Digital Camera - DMCFS3S/ 8.1-Megapixel/ 33mm Lens/ 3x Optical Zoom/ Intelligent Auto Mode/ 2.5' Diagonal Intelligent LCD/ MEGA Optical Image Stabilization/ Intelligent ISO Control/ Face Detection/ Hi-Speed Burst Mode/ Silver Finish,,,980
A:37934,Abt,Samsung 52' Series 8 LCD Black Flat Panel HDTV - LN52A850,"Samsung 52' Series 8 LCD Black Flat Panel HDTV - LN52A850/ Full 1080p (1920x1080) Resolution/ Touch Of Color/ Auto Motion Plus 120Hz/ 50,000:1 Dynamic Contrast Ratio/ 4ms Response Time/ SRS Trusurround XT/ Built-In Digital Tuner (ATSC/Clear QAM)/ Black With Red Accent Finish",,,981
A:37964,Abt,Canon Silver PowerShot Digital Camera - SD880IS,Canon Silver PowerShot Digital Camera - SD880IS/ 10 Megapixel/ 4x Optical Zoom/ Optical Image Stabilizer/ 3.0' PureColor LCD II/ DIGIC 4 Image Processor/ Face Detection Self-Timer/ Red-Eye Correction/ 19 Shooting Modes/ Print/Share Button/ Silver Finish,,,982
A:38001,Abt,Sony 8' Black LCD Digital Photo Frame - DPFD80,Sony 8' Black LCD Digital Photo Frame - DPFD80/ 4:3 Widescreen LCD Display/ VGA 800 x 600 Resolution/ 256 MB Internal Memory/ Portrait-Landscape Auto Orientation Sensor/ On-Off Backlit SONY Logo/ Clock And Calendar Mode/ USB And Memory Card Slots/ Remote Control/ Black Finish,,$179.99,983
A:38003,Abt,Sony 10' Black LCD Digital Photo Frame - DPFD100,Sony 10' Black LCD Digital Photo Frame - DPFD100/ 4:3 Widescreen LCD Display/ VGA 800 x 600 Resolution/ 256 MB Internal Memory/ Portrait-Landscape Auto Orientation Sensor/ On-Off Backlit SONY Logo/ Clock And Calendar Mode/ USB And Memory Card Slots/ Black Finish,,$279.99,984
A:38008,Abt,Sharp AQUOS 52' D85U Series Black LCD Flat Panel HDTV - LC52D85U,"Sharp AQUOS 52' D85U Series Black LCD Flat Panel HDTV - LC52D85U/ Full HD 1080p (1920 x 1080) Resolution/ 10-Bit Advanced Super View/ 120Hz Fine Motion Enhanced/ Built-In ATSC/QAM/NTSC Tuners/ 60,000 Hours Lamp Life/ 10,000:1 Dynamic Contrast Ratio/ 4ms Response Time/ 3-Wavelength Back-Light System/ Black Finish",,,985
A:38096,Abt,Toshiba 22' Black LCD HDTV - 22AV500U,Toshiba 22' Black LCD HDTV - 22AV500U/ 720p HD Display/ DynaLight Dynamic Backlight Control/ NTSC/ATSC/QAM Built-In Tuners/ 10-Bit Video Processor/ 60Hz Video Scan Rate/ 3:2 Pull-Down Cinema Mode 24fps/ Color Temperature Control/ Black Finish,,,986
A:38098,Abt,Toshiba 40' Black Flat Panel LCD HDTV - 40RV525U,Toshiba 40' Black Flat Panel LCD HDTV - 40RV525U/ 1080p Full HD (1920 x 1080) CineSpeed Display/ DynaLight Dynamic Backlight Control/ NTSC/ATSC/QAM Built-In Tuners/ 10-Bit Video Processor/ 60Hz Video Scan Rate/ 3:2 Pull-Down Cinema Mode 24fps/ Color Temperature Control/ Black Finish,,,987
A:38106,Abt,Canon Black EF 70-300mm F/4-5.6 IS USM Telephoto Zoom Lens - 0345B002,Canon Black EF 70-300mm F/4-5.6 IS USM Telephoto Zoom Lens - 0345B002/ 15 Elements In 10 Groups Lens Construction/ 4.9 Feet Closest Focusing Distance/ 6-Group Helical Zoom/ 58MM Filter Size/ Black Finish,,,988
A:38108,Abt,Olympus Black 10 Megapixels Digital Camera - SP565UZ,Olympus Black 10 Megapixels Digital Camera - SP565UZ/ Dual Image Stabilization/ 10 Megapixels/ 20X Wide-Angle Zoom Lens/ Pre-Capture/ Face Detection/ 33 Shooting Modes/ 48MB Internal Memory/ Black Finish,,,989
A:38127,Abt,Coby Black 15' Widescreen Flat Panel LCD HDTV - TFTV1514,Coby Black 15' Widescreen Flat Panel LCD HDTV - TFTV1514/ 15.4' TFT LCD Color Display/ Dual ATSC/NTSC Tuners/ AV Input Jacks/ 15-Pin VGA Interface/ Full-Range Stereo Speakers/ V-Chip Parental Control/ Closed-Caption/ Electronic Program Guide/ Multi-Language On-Screen Display/ Black Finish,,,990
A:38129,Abt,Sharp AQUOS Black Blu-ray Disc Player - BDHP50U,"Sharp AQUOS Black Blu-ray Disc Player - BDHP50U/ Full 1080/24p Resolution/ BD-ROM Profile 1.1 And BD-Live Support/ HDMI Version 1.3 Output/ x.v.Color/ Dolby Digital Plus, Dolby True HD And DTS-HD Decoding/ AQUOS LINK Function/ 192KHz/24-Bit Audio D/A Converter/ Upconverting Video Signals To 720p, 1080i Or 1080p With 4,096 Steps Of Gradation Using HDMI/ Black Finish",,$399.00,991
A:38142,Abt,Canon Pink 8.0 Megapixel PowerShot Digital Camera - SD1100ISP,Canon Pink 8.0 Megapixel PowerShot Digital Camera - SD1100ISP/ 8.0 Megapixel/ 3x Optical Zoom/ 2.5' Color LCD/ 18 Shooting Modes/ Red-Eye Correction/ Face Detection Technology/ iSAPS Technology/ Melody Pink Finish,,$178.00,992
A:38164,Abt,Apple USB Power Adapter - MB352LLB,Apple USB Power Adapter - MB352LLB/ Compact/ Convenient/ Charges The iPod Anywhere Without A Computer/ Compatible With Any iPods And iPhone With A Dock Connector/ White Finish,,$29.00,993
A:38173,Abt,Panasonic DECT 6.0 2-Line Digital Expandable Corded/Cordless Phone System - KXTG9391T,Panasonic DECT 6.0 2-Line Digital Expandable Corded/Cordless Phone System - KXTG9391T/ DECT 6.0 Digital Technology (1.9 GHz Frequency)/ Expandable Up To 6 Total Handsets/ Wifi Friendly/ Digital Answering System/ 50 Number Caller ID Memory/ 100 Number Phonebook/ Digital Speakerphone On Handset And Base/ Light-Up Indicator With Ringer Alert/ White Backlit 3-Line LCD/ Black Finish,,$179.00,994
A:38208,Abt,Panasonic Blue 8.1 Megapixel Digital Camera - DMCFS3A,Panasonic Blue 8.1 Megapixel Digital Camera - DMCFS3A/ 8.1 Megapixel/ 33mm Lens/ 3x Optical Zoom/ Intelligent Auto Mode/ 2.5' Diagonal Intelligent LCD/ MEGA Optical Image Stabilization/ Intelligent ISO Control/ Face Detection/ Hi-Speed Burst Mode/ Blue Finish,,,995
A:38214,Abt,Canon Black 21.1 Megapixel EOS Digital SLR Camera Body - EOS5DMARKIIBODY,Canon Black 21.1 Megapixel EOS Digital SLR Camera Body - EOS5DMARKIIBODY/ 21.1 Megapixel/ 3.0' Clear View LCD Monitor/ HD Video Shooting/ DIGIC 4 Image Processor/ Live View Mode/ Self Cleaning Sensor Unit/ Dust Delete Data Detection/ Anti-Reflective And Scratch-Resistant Coatings/ Lens Not Included/ Black Finish,,"$2,699.00",996
A:38221,Abt,Canon EF 75-300mm F/4-5.6 III Telephoto Zoom Lens - 6473A003,Canon EF 75-300mm F/4-5.6 III Telephoto Zoom Lens - 6473A003/ 13 Elements In 9 Groups Lens Construction/ 58MM Filter Size/ Black Finish,,$246.00,997
A:38231,Abt,Netgear ProSafe 24-Port Gigabit Rackmount Switch With 2 SFP Slots - JGS524F,"Netgear ProSafe 24-Port Gigabit Rackmount Switch - JGS524F/ 24 10/100/1000 Mbps Ports/ Automatic Speed/ Full/Half-Duplex Sensing/ Auto Uplink/ Two Hot-Swappable Small Form Factor Pluggable GBIC Slots/ Up To 48 Gbps Of Switching Capacity/ Compatible With PC, Macintosh, Linux, And Unix Operating Systems",,,998
A:38278,Abt,Sony Memory Stick PRO DUO Adapter For CompactFlash Slot - ADMSCF1,Sony Memory Stick PRO DUO Adapter For CompactFlash Slot - ADMSCF1/ For Compact Flash Slots/ Flexibility To Use Memory Stick Duo With Sony (Alpha) DSLR Cameras,,,999
A:38295,Abt,Altec Lansing inMotion MAX iPod/iPhone Portable Audio System - IMT702,Altec Lansing inMotion MAX iPod/iPhone Portable Audio System - IMT702/ Crystal-Clear Sound/ Powerful Bass/ FM Radio With Amber LCD/ Expanded Sound Stage/ Enhanced Remote/ Interference Free/ Rechargeable Battery/ Auxiliary Input/ Black Finish,,,1000
A:38296,Abt,Case-Mate Carbon Fiber Black Leather Case For iPhone 3G - IPH3GCBCF,Case-Mate Carbon Fiber Black Leather Case For iPhone 3G - IPH3GCBCF/ Ultra Rare And Luxurious Leather/ Impact Resistant Molded Shell/ Precise Cutouts/ Easy Access To All Controls/ Screen Protection Included/ Black Finish,,,1001
A:38323,Abt,LG White XL Load Capacity Electric Dryer - DLE0442WH,LG White XL Load Capacity Electric Dryer - DLE0442WH/ 7.3 Cu. Ft. Capacity/ Sensor Dry System/ 9 Drying Programs/ 5 Temperature Levels/ Precise Temperature Control With A Variable Heat Source/ Drying Rack/ Upfront Electronic Control With Dial-A-Cycle/ Porcelain Top/ LoDecibel Quiet Operation/ White Finish,,,1002
A:38324,Abt,Griffin Black iPhone 3G Clarifi Protective Case With Built-In Close-Up Lens - 8245IP2MGNFI,Griffin Black iPhone 3G Clarifi Protective Case With Built-In Close-Up Lens - 8245IP2MGNFI/ Protective Polycarbonate Case/ Close-Up Lens Focuses Close For Incredible Detail/ Lens Slides In Place For Close-Ups/ No Adapters Or Small Pieces to Lose/ Black Finish (iPhone Not Included),,$34.00,1003
A:38327,Abt,Canon Black BP-808 Camcorder Battery Pack - 2740B002,"Canon Black BP-808 Camcorder Battery Pack - 2740B002/ Compatible With Dual Flash Memory, Flash Memory And Hard Disk Drive Camcorders/ Black Finish",,,1004
A:38329,Abt,Panasonic Black Hi-Definition Camcorder Starter Kit - VBGVBB1STRKIT,Panasonic Black Hi-Definition Camcorder Starter Kit - VBGVBB1STRKIT/ Case Has Internal Compartments And A Shoulder Strap/ 1320mAH Rechargeable Lithium-Ion Battery/ Black Finish,,,1005
A:38343,Abt,Panasonic DECT 6.0 Pearl Silver Expandable Digital Cordless Phone System - KXTG6313S,Panasonic DECT 6.0 Pearl Silver Expandable Digital Cordless Phone System - KXTG6313S/ 3 Handsets/ Up To 6 Multi-Handset Capability/ DECT 6.0 Technology/ Ringer ID/ Call Waiting Caller ID/ Voicemail/ Hold/ Mute/ Clock/ Alarm/ LED Lighting/ Night Mode/ Speakerphone/ 11 Days Standby/ 5 Hours Talk Time/ Pearl Silver Finish,,$69.00,1006
A:38345,Abt,Logitech diNovo Edge Keyboard Mac Edition - 920000924,Logitech diNovo Edge Keyboard Mac Edition - 920000924/ PerfectStroke Key System/ Innovative TouchDisc/ Charging Base/ Optimized Mac Layout/ Bluetooth Wireless Technology/ 38 mm Circular Touch Pad With Horizontal And Vertical Scrolling,,$159.00,1007
A:38346,Abt,Logitech QuickCam Vision Pro For Mac - 960000254,Logitech QuickCam Vision Pro For Mac - 960000254/ Carl Zeiss Optics/ Premium Autofocus/ 720p High-Quality Images (1600 X 1200)/ 2 Megapixel Sensor/ RightLight 2 Technology/ Integrated Microphone/ 30 Frames Per Second/ Universal Monitor Clip,,$129.00,1008
A:38388,Abt,Canon Digital EOS Rebel XS Starter Kit - 9320A010,"Canon Digital EOS Rebel XS Starter Kit - 9320A010/ Includes Digital Gadget Bag 200DG, Battery Pack NB-2LH, 58mm UV Haze Filter",,,1009
A:38399,Abt,Canon 2GB SD Secure Digital Card - 3505B001,Canon 2GB SD Secure Digital Card - 3505B001/ Compatible With All Digital Cameras and Devices That Accept SD Cards,,,1010
A:38400,Abt,Sony VAIO JS Series Black All-In-One Desktop Computer - VGCJS130JB,Sony VAIO JS Series Black All-In-One Desktop Computer - VGCJS130JB/ 2.5GHz Intel Pentium Dual-Core Processor E5200/ 20.1' (1680 x 1050) Widescreen WSXGA+ XBRITE-HiColor Technology Display/ 500GB Serial ATA 7200rpm Hard Drive/ Built-In 1.3 Megapixel MOTION EYE Camera And Microphone With Face-Tracking Technology/ 4GB PC2-6400 (2GBx2) Installed Memory/ 800MHz Front Side Bus Speed/ 2MB L2 Cache/ Genuine Microsoft Windows Vista Home Premium 64-Bit/ Black Finish,,"$1,099.00",1011
A:38434,Abt,Sharp AQUOS 42' Black LCD HDTV - LC42D85U,"Sharp AQUOS 42' Black LCD HDTV - LC42D85U/ Full HD 1080p (1920 x 1080) Resolution/ AQUOS LINK/ 120Hz Fine Motion Enhanced/ Built-In ATSC/QAM/NTSC Tuners/ 60,000 Hours Lamp Life/ 4ms Response Time/ HDMI Inputs/ Black Finish",,,1012
A:38449,Abt,Linksys Dual-Band Wireless-N Gaming Adapter - WGA600N,"Linksys Dual-Band Wireless-N Gaming Adapter - WGA600N/ Lag-Free Head-To-Head Or Internet Gaming/ Converts Wired-Ethernet-Ready Game Consoles To Wireless-N Network Connectivity/ Works Without Drivers On Xbox, Xbox 360, PlayStation2 Or 3 And GameCube/ Dynamically Changes Channels And Radio Bands (2.4 Or 5GHz)/ Works On Any Platform/ Black Finish",,$89.00,1013
A:38451,Abt,Linksys Dual-Band Wireless-N Notebook Adapter - WPC600N,"Linksys Dual-Band Wireless-N Notebook Adapter - WPC600N/ High-Speed Wireless-N (Draft 802.11n) Networking/ MIMO Technology/ Operates In The 2.4 And 5GHz Radio Bands/ Connects To Wireless-G, B, And A Networks",,$69.00,1014
A:38452,Abt,Linksys Simultaneous Dual-N Band Wireless Router - WRT610N,"Linksys Simultaneous Dual-N Band Wireless Router - WRT610N/ Internet-Sharing Router And 4-Port Gigabit Switch/ Built-In Dual-Band Speed And Range Enhanced Wireless Access Point/ Two Simultaneous, Separate Radio Bands/ Wireless-N Technology/ Advanced Wireless Security And SPI Firewall",,$179.00,1015
A:38455,Abt,Linksys Compact Wireless-G USB Adapter - WUSB54GC,Linksys Compact Wireless-G USB Adapter - WUSB54GC/ Connects Your Desktop Or Notebook To A Wireless Network At Up To 54Mbps When Used With A USB 2.0 Port/ Compatible With Wireless-B Networks (At 11Mbps)/ Protected By WPA and Up To 128-Bit Data Encryption,,$39.00,1016
A:38457,Abt,Linksys Dual-Band Wireless-N USB Network Adapter - WUSB600N,"Linksys Dual-Band Wireless-N USB Network Adapter - WUSB600N/ High-Speed Wireless-N (Draft 802.11n) Networking/ MIMO Technology/ Operates In The 2.4 And 5GHz Radio Bands/ Connects To Wireless-G, B And A Networks",,$69.00,1017
A:38466,Abt,Linksys Wireless-G Internet Home Monitoring Camera - WVC54GCA,Linksys Wireless-G Internet Home Monitoring Camera - WVC54GCA/ Sends High-Quality Live Audio And Video To Your Network Wirelessly/ Viewable From Most Web Browsers Anywhere In The World/ Built-In Video Stream Encoder And Stand-Alone Web Server (No PC Necessary)/ Security Mode/ Supports MPEG-4 And MJPEG Video At Up To 640x480/ Up To Four Simultaneous Remote Users,,$99.00,1018
A:38468,Abt,Danby Silhouette 60 Cans Beverage Center - DBC2760BLS,Danby Silhouette 60 Cans Beverage Center - DBC2760BLS/ 5.0 Cu. Ft. Capacity/ Two Independently Controlled Temperature Zones/ Frost Free Fan Forced Cooling System/ Tinted Tempered Glass Doors/ Precise Digital Thermostat With LED Display/ Cool Blue LED Track Lighting System/ Integrated Door Locks/ Black And Stainless Steel Finish,,"$1,000.00",1019
A:38473,Abt,Linksys EtherFast4116 16-Port 10/100 Ethernet Switch - EF4116,Linksys EtherFast4116 16-Port 10/100 Ethernet Switch - EF4116/ 16 Autosensing 10/100 Full Duplex Auto MDI/MDI-X Ports/ Run Blazing Speeds Up To 200Mbps/ Address Learning And Aging And Data Flow Control,,$79.00,1020
A:38474,Abt,Linksys Gigabit 5-Port Workgroup Switch - EG005W,"Linksys Gigabit 5-Port Workgroup Switch - EG005W/ Five 10/100/1000Mbps, Half/Full Duplex, Switched Ports/ Forwards And Filters Packets At Non-Blocking, Full Wire Speed/ All Ports Have Auto Speed Negotiation And Auto MDI/MDI-X Crossover Detection/ Supports Address Learning And Aging, 802.3x Flow Control And Head-Of-Line Blocking Prevention",,$64.00,1021
A:38475,Abt,Linksys EtherFast10/100 5-Port Auto-Sensing Switch - EZXS55W,"Linksys EtherFast10/100 5-Port Auto-Sensing Switch - EZXS55W/ 5 Port 10/100 Autosensing Ports With Both Half And Full Duplex Modes/ Perfect For Integrating Your 10BaseT And 100BaseTX Network Hardware/ Switched 10/100 Ports Run At 10Mbps, 20Mbps, 100Mbps Up To 200Mbps",,$29.00,1022
A:38477,Abt,Linksys EtherFast 8-Port 10/100 Switch - EZXS88W,Linksys EtherFast 8-Port 10/100 Switch - EZXS88W/ 10/100 Dual-Speed Per-Port/ Perfect For Optimizing 10BaseT And 100BaseTX Hardware On The Same Network/ Speeds Of Up To 200Mbps In Full Duplex Operation/ Eliminate Bandwidth Constraints And Clear Up Bottlenecks,,$44.00,1023
A:38480,Abt,iRobot Robotic Floor Washer - 74249,"iRobot Robotic Floor Washer - 74249/ Autonomous Robot That Washes And Scrubs Tile, Linoleum, Or Sealed Hardwood Floors Without Human Intervention/ Rotary Scrubber/ Compact Design/ AWARE Sensor Technology/ Virtual Wall Included",,$299.00,1024
A:38483,Abt,Transcend 8GB Micro Secure Digital Memory Card - TS8GUSDHC6,Transcend 8GB Micro Secure Digital Memory Card - TS8GUSDHC6/ 8GB MicroSD Card With Adapter/ Compatible With Cell Phones And Mobile Devices With MicroSD Input/ Mechanical Write Protection Switch/ Includes Adapter To Fit SDcard Slot For Data Transfer/ SDHC Class 6 Compliant/ Black Finish,,$39.00,1025
A:38486,Abt,Transcend 133X High-Speed 8GB Compact Flash Card - TS8GCF133,Transcend 133X High-Speed 8GB Compact Flash Card - TS8GCF133/ 21.5MB Per Sec. Data Transfer Rate/ Dual-Channel Support/ Multi-Platform Compatibility/ Supports Ultra DMA Mode 0-4/ Low Power Consumption,,$38.00,1026
A:38492,Abt,Sony Telephoto Converter Lens - VCLDH1774,"Sony Telephoto Converter Lens - VCLDH1774/ 1.7x Magnification/ Made For Cyber-Shot DSC-H7, DSC-H9 Or DSC-H50 Digital Cameras/ Aluminum Housing/ Black Finish",,$169.99,1027
A:38500,Abt,DLO Black HybridShell For iPhone 3G - DLA4010717,"DLO Black HybridShell For iPhone 3G - DLA4010717/ Fusion Of Crystal-Clear Polycarbonate Hard-Shell Case Plus Non-Slip Silicone Accents/ Custom Fit/ Ultra-Slim Scratch And Slip Protection/ Total Access To All Controls, Dock Connector And Headset Jack/ Designed Especially For The iPhone 3G/ Surface Shield Included/ Black Finish",,$24.99,1028
A:38507,Abt,Linksys Black Media Center Extender - DMA2100,Linksys Black Media Center Extender - DMA2100/ Works With Your Windows Vista Media Center PC/ Dual Band 802.11N Wireless/ Learning Remote Included,,$119.00,1029
A:38511,Abt,Audiovox 7'  Acrylic Digital Photo Frame - DPF701,"Audiovox 7' Acrylic Digital Photo Frame - DPF701/ Alarm Clock/ 8MB Internal Memory/ Picture Rotation And Review/ SD, MMC, MemoryStick, XD, CompactFlash Card Reader Slot/ Calendar/ Black And Clear Acrylic Finish",,,1030
A:38522,Abt,Flip Video F460 Black Mino HD Camcorder - F460B,"Flip Video F460 Black Mino HD Camcorder - F460B/ 60 Minutes Recording Time/ 4GB Internal Memory/ 1.5' Transflective TFT LCD Screen/ Internal Lithium-Ion Rechargeable Battery/ Smooth Multi-Step 2x Digital Zoom/ Touch-Sensitive Capacitive Buttons/ Built-In Flip-Out USB Arm/ Built-In Speaker/ Built-In, Wide-Range, Omni-Directional Microphone",,,1031
A:38550,Abt,Samsung 2.1 Channel Bluetooth Home Theater System - HTX710T,Samsung 2.1 Channel Bluetooth Home Theater System - HTX710T/ Built-In Bluetooth/ Wall Mountable/ Upscaling DVD Player/ Virtual Surround Sound/ ToC TV Matching Design/ 400 Watts Total Power/ 2.1 Channel/ Black Finish,,,1032
A:38574,Abt,Sony BD/DVD Home Theater System - BDVIS1000,"Sony BD/DVD Home Theater System - BDVIS1000/ S-AIR Wireless Capability/ XMB (Xross Media Bar) Graphical User Interface/ Precision Cinema HD With HDMI Upscaler/ 24p True Cinema/ Deep Color/ x.v.Color/ 480i/480p/576i/576p/720p/1080i/1080p(60Hz) Resolution With HDMI/ Dolby Digital, Dolby Digital Plus, Dolby TrueHD, DTS, DTS-HD High Resolution, DTS-HD Master Audio, LPCM 2ch, LPCM 6ch, LPCM 8ch Decoder With HDMI/ Black Finish",,$999.00,1033
A:38587,Abt,Canon Printer Color Ink Cartridge - CL211,"Canon Printer Color Ink Cartridge - CL211/ FINE Technology For Exceptional Sharpness And Detail/ New Inks Improve Coloring, Color Gamut, And Color Fastness/ Compatible With PIXMA MP480",,$20.99,1034
A:38619,Abt,LG Washer Dryer White Stacking Kit - WSTK1,LG Washer Dryer White Stacking Kit - WSTK1/ Stack Dryer On Top Of The Washer/ Free Up Much-Needed Space In The Laundry Room/ White Finish,,,1035
A:38640,Abt,Transcend 2.5' SATA Solid State Disk - TS128GSSD25SM,Transcend 2.5' SATA Solid State Disk - TS128GSSD25SM/ RoHS Compliant/ Fully SATA I Compatible/ Non-Volatile Flash Memory/ Built-In ECC/ Lower Power Consumption/ Shock Resistance/ Used In Most Notebook Computers And Mainstream PCs,,,1036
A:38644,Abt,Skullcandy CHOPS Headphones In Black Chrome - HH26SKC01,"Skullcandy CHOPS Headphones In Black Chrome - HH26SKC01/ 15mm Speaker/ Hanger Anchor Design/ Frequency Range Of 18 ? 20,000 Hz/ 1.2m Cord Length/ 3.5mm Gold Plated Plug/ Black Chrome Finish",,$24.95,1037
A:38653,Abt,Sennheiser Orange And Silver In Ear Headphones - CX380,Sennheiser Orange And Silver In Ear Headphones - CX380/ Massive Sound Despite Their Small Size/ Sweat-Proof Coating/ Noise Isolating Design/ Dynamic Drivers Guarantee Impressive Bass/ Includes Ear Adapters & Carrying Case/ Orange & Silver Finish,,$79.95,1038
A:38693,Abt,Samsung 46' Series 8 LCD Black Flat Panel HDTV - LN46A850,"Samsung 46' Series 8 LCD Black Flat Panel HDTV - LN46A850/ 1920 x 1080p Full HD Resolution/ Touch Of Color Design/ Pre-Loaded Content Library/ DLNA/ Super Slim Depth Narrow Bezel/ Auto Motion Plus 120Hz/ 50,000:1 Dynamic Contrast Ratio/ 4ms Response Time/ SRS TruSurround/ Built-In Digital Tuner (ATSC/Clear QAM)/ Black With Red Accent Finish",,,1039
A:38697,Abt,Logitech Cordless Desktop MX 5500 Revolution Keyboard And Mouse Combination - 920000383,Logitech Cordless Desktop MX 5500 Revolution Keyboard And Mouse Combination - 920000383/ Cordless Laser Mouse/ Revolutionary Scroll Wheel/ Precise Click-To-Click Scrolling/ Rapid Charging Stand/ Dynamic LCD Keyboard Display/ Bluetooth Wireless Technology/ SecureConnect Technology/ Black Finish,,$169.00,1040
A:38704,Abt,VMware Fusion 2 For Mac - VMFM20BX2,VMware Fusion 2 For Mac - VMFM20BX2/ Run Windows Side-By-Side With Mac OS X Without Rebooting/ 3D And High Definition Video Acceleration/ USB Device Support/ Multiple Display Support/ Seamless Keyboard Mapping/ Embedded Antivirus And Antispyware Protection/ Mac OS X Leopard Integration/ Boot Camp Support/ Multiple CPU Virtual Machines,,$79.00,1041
A:38726,Abt,Sanus SC1A Black VisionMount Series Ceiling Mount For Small LCD Flat Panels - SC1AB,Sanus SC1A Black VisionMount Series Ceiling Mount For Small LCD Flat Panels - SC1AB/ Fits Most 13' - 26' LCD Flat Panel Televisions/ VESA Compatible TV Bracket/ SmoothLock Technology/ Built-In Wire Management System/ 50 Lbs Capacity/ Black Finish,,$99.99,1042
A:38733,Abt,Kensington Mini Battery Pack And Charger For iPhone And iPod - K33442US,"Kensington Mini Battery Pack And Charger For iPhone And iPod - K33442US/ Includes Retractable USB Charging Cable/ High-Capacity, Rechargeable Lithium-Ion Polymer Battery Pack/ LED Battery Meter/ Cap Converts Into A Kickstand/ Black Finish",,,1043
A:38735,Abt,Logitech diNovo Edge Keyboard Windows Edition - 967685,Logitech diNovo Edge Keyboard Windows Edition - 967685/ PerfectStroke Key System/ Innovative TouchDisc/ Charging Base/ Bluetooth Wireless Technology/ 38 mm Circular Touch Pad With Horizontal And Vertical Scrolling/ Black Finish,,$179.00,1044
A:38751,Abt,Panasonic Yellow 4GB SDHC Memory Card - RPSDV04GU1K,Panasonic Yellow 4GB SDHC Memory Card - RPSDV04GU1K/ Class 6/ Up To 20MB/s Read-Out Or Write-In Data Transfer Rate/ 4GB Storage Capacity/ Yellow Finish,,,1045
A:38767,Abt,Coby 7' Black Widescreen TFT Portable DVD CD MP3 Player - TFDVD7006,"Coby 7' Black Widescreen TFT Portable DVD CD MP3 Player - TFDVD7006/ Compact Portable Design/ 480 x 240 Display Resolution/ 16:9 Widescreen TFT Color Display/ DVD, DVD±R/RW, CD, CD-R/RW, JPEG And MP3 Compatible/ Anti-Skip Circuitry/ Dolby Digital Decoder/ Digital And Analog AV Outputs/ NTSC/PAL Video System/ Black Finish",,$97.00,1046
A:38773,Abt,Sony Black HD Radio With Dock For iPod And iPhone - XDRS10HDIP,Sony Black HD Radio With Dock For iPod And iPhone - XDRS10HDIP/ iPod And iPhone Dock/ Clear Static-Free HD Digital Radio Reception/ FM Multicasting/ No Monthly Subscription Fees/ Backlit LCD Display/ Digital Tuning/ Clock With Alarm Time Setting/ Wireless Remote Control/ Stereo Speakers With Bass Reflex Sound System/ Black Finish,,,1047
A:38777,Abt,Nikon Black COOLPIX S210 Li-Ion Rechargeable Battery - ENEL10,Nikon Black COOLPIX S210 Li-Ion Rechargeable Battery - ENEL10/ Compatible With COOLPIX S Series Digital Cameras/ Black Finish,,,1048
A:38781,Abt,Griffin Black TuneBuds Mobile For iPod And iPhone - 9410TUNBMBLB,Griffin Black TuneBuds Mobile For iPod And iPhone - 9410TUNBMBLB/ Compatible With iPhone And iPod/ Three Sizes Of Cushioned Silicone Earpads/ High-Sensitivity Microphone/ ControlMic Button/ Earphone Cable/ Black Finish,,,1049
A:38782,Abt,Sony VAIO FW Series Black Notebook Computer - VGNFW378JB,Sony VAIO FW Series Black Notebook Computer - VGNFW378JB/ 2.40GHz Intel Core 2 Duo processor P8600/ 16.4' (1920 x 1080) XBRITE-FullHD Widescreen Display/ 320GB Serial ATA 7200rpm Hard Drive/ Built-In 1.3 Megapixel MOTION EYE Camera And Microphone/ 4GB PC2-6400 (2GBx2) Installed Memory (Maximum Up To 8GB)/ 1066MHz Front Side Bus Speed/ 3MB L2 Cache/ Blu-ray Disc Support (Read / Write 2x Max)/ Genuine Microsoft Windows Vista Home Premium 64-Bit/ Black Finish,,,1050
A:38784,Abt,Sanus 30' - 50' Full-Motion Flat Panel TV Black Wall Mount - LRF118B1,Sanus 30' - 50' Full-Motion Flat Panel TV Black Wall Mount - LRF118B1/ Swivel Motion/ Low Profile/ Virtual Axis Technology/ Easy Access To Wires/ Universal Mounting Brackets/ Black Finish,,$349.00,1051
A:38794,Abt,Belkin White Switch-To-Mac Cable - F4U001,Belkin White Switch-To-Mac Cable - F4U001/ Allows You To Seamlessly Transfer All Your Important Data/ Eliminates The Need To Set Up A Complex Network/ Transfers Data At USB 2.0 Speeds/ Cool LED Lighting Indicates Transfer Status/ White Finish,,,1052
A:38796,Abt,Belkin Leather Folio For 2G iPod Touch - F8Z373,"Belkin Leather Folio For 2G iPod Touch - F8Z373/ Soft, Durable Leather/ Soft-Microfiber Lining/ Velcro Fastening/ Clear Screen Protector Allows Easy Navigation/ Access To Ports And Dock Connector/ Black Finish (iPod Not Included)",,$29.00,1053
A:38798,Abt,Peerless Black Flat Panel TV Stand - SS550PBK,Peerless Black Flat Panel TV Stand - SS550PBK/ Supports 32' To 50' Flat Panel TVs/ Vertical Screen Adjustment Feature/ Internal Cable Management/ Adjustable Glass Shelving/ Black Finish,,,1054
A:38800,Abt,Canon EOS Rebel XSi Silver Digital SLR Camera - XSIREB1855S,Canon EOS Rebel XSi Silver Digital SLR Camera - XSIREB1855S/ 12.2 Megapixel/ DIGIC III Image Processor/ Extensive Noise Reduction Technology/ Auto Optimization/ 3.0' LCD Monitor/ Compatible With Compact SD And SDHC Memory Cards/ EOS Integrated Cleaning System/ 18-55MM Lens Included/ 2756B003/ Silver Finish,,$799.00,1055
A:38806,Abt,Canon XH A1S Black High Definition HDV Camcorder - XHA1S,Canon XH A1S Black High Definition HDV Camcorder - XHA1S/ 20x HD L Series Zoom/ 0.57' Widescreen Viewfinder/ 2.8' Widescreen LCD Screen/ High-Performance Stereo Electric Condenser Microphone/ SuperRange Optical Image Stabilization/ DIGIC DV II HD Image Processor/ 1440 x 1080 Pixels/ Instant Auto Focus/ Black Finish,,,1056
A:38813,Abt,Speck ToughSkin Black Case For 4th Generation iPod Nano - NN4TSBLK,Speck ToughSkin Black Case For 4th Generation iPod Nano - NN4TSBLK/ Tough Custom-Fit Protective Case/ Durable Shock-Absorbing Material/ Detachable Rotating Belt Clip/ Openings To All Connections And Controls/ Black Finish,,$29.00,1057
A:38826,Abt,Cuisinart Exact Heat Matte Black Toaster Oven Broiler - TOB155,"Cuisinart Exact Heat Matte Black Toaster Oven Broiler - TOB155/ 0.6 Cu. Ft. Capacity/ Multifunctional Countertop Oven/ Easy-Clean Interior/ Touchpad Controls/ Bagel, Reheat And Defrost Buttons/ Clock And Oven Timer/ Stainless Steel Front Panels With Brushed Chrome Handle/ Matte Black Finish",,$139.00,1058
A:38831,Abt,Tripp-Lite Black 25 Foot SVGA HD15M To HD15M Computer Monitor Cable - P502025,Tripp-Lite Black 25 Foot SVGA HD15M To HD15M Computer Monitor Cable - P502025/ 25 Foot Length/ Foil-Shielding For Maximum EMI/RFI Protection/ Constructed From Mini-Coax And Paired Video/ Gold Plated Connectors And Gold Plated Copper Contacts/ HD15 Male To HD15 Male Molded Connectors/ Black Finish,,,1059
A:38834,Abt,Nokia T-Mobile Unlocked Cellular Phone - N96,Nokia T-Mobile Unlocked Cellular Phone - N96/ 5 Megapixel Camera/ 3G High Speed Data Access/ GSM 850/900/1800/1900/ HSDPA 850/1900/ 2.8' Display/ Wi-Fi 802.11 b/g UPnP Technology/ microSD Card Slot/ 16GB Internal Memory/ Built-In GPS Receiver/ Stereo FM Radio With RDS/ DVB-H TV Broadcast Receiver/ TV Out/ Up To 4 Hours Talk Time/ 220 Hours Standby Time/ $599.00 With 2yr Service Agreement/ Activation Or Handset Upgrade Available In Store For Illinois Market Customers Only,,,1060
A:38873,Abt,Denon Home Theater Receiver And Boston Acoustics 5.1 Speaker System Package - DHT589BA,Denon Home Theater Receiver And Boston Acoustics 5.1 Speaker System Package - DHT589BA/ 2 HDMI Inputs/ Sirius Satellite Radio Ready/ Audyssey Dynamic EQ And Volume Technology/ 1/2' Soft Dome Tweeter Center  And Satellite Speakers/ 3' Mid-Bass Drivers Satellite Speakers/ Dual 3' Mid-Bass Drivers Center Speaker/ 8' Down-Firing Subwoofer With 100W Power Amplifier,,$499.00,1061
A:38876,Abt,Apple iWork 09 Software Individual Pack For Mac - MB942ZA,"Apple iWork 09 Software Individual Pack For Mac - MB942ZA/ Creating The Perfect Brochure, Flyer, Report Or Resume Is Faster And Easier Than Ever Using Pages 09/ Create Spreadsheets, Organize Data And Write Formulas With Simple Yet Powerful Tools Using Numbers 09/ Easily Create Sophisticated Animations With Magic Move/ Dramatically Reduce File Size Without Compromising Quality/ Save Your iWork Document As A Word, Excel Or PowerPoint File/ Individual Pack",,$79.00,1062
A:38880,Abt,Apple iWork 09 Software Family Pack For Mac - MB943ZA,"Apple iWork 09 Software Family Pack For Mac - MB943ZA/ Creating The Perfect Brochure, Flyer, Report Or Resume Is Faster And Easier Than Ever Using Pages 09/ Create Spreadsheets, Organize Data And Write Formulas With Simple Yet Powerful Tools Using Numbers 09/ Easily Create Sophisticated Animations With Magic Move/ Dramatically Reduce File Size Without Compromising Quality/ Save Your iWork Document As A Word, Excel Or PowerPoint File/ 5 User Family Pack",,$99.00,1063
A:38920,Abt,Transcend JetFlash V10 16GB USB Flash Drive - TS16GJFV10,Transcend JetFlash V10 16GB USB Flash Drive - TS16GJFV10/ Hi-Speed USB 2.0/ Capless Sliding Design Protects The Connector/ Easy Plug And Play Installation/ AES Encryption/ DataBackup Function/ Keychain Hook And Neck Strap/ Green Finish,,$38.00,1064
A:38939,Abt,Logitech V-UBM46 QuickCam Pro 9000 Black Webcam For Windows - 960000048,Logitech V-UBM46 QuickCam Pro 9000 Black Webcam For Windows - 960000048/ Carl Zeiss Optics/ Autofocus/ HD Video/ RightLight Technology/ Integrated Microphone With RightSound Technology/ Ultra-Wide Field Of View And Intelligent Face Tracking/ Logitech Video Effects/ Downloadable Fun Filters/ Universal Monitor Clip/ Works With Windows XP And Vista/ Black Finish,,,1065
A:38944,Abt,Panasonic LM-AF30U3 Three Pack Of Single-Sided 30 Minute DVD-RAM Discs - LMAF30U3,"Panasonic LM-AF30U3 Three Pack Of Single-Sided 30 Minute DVD-RAM Discs - LMAF30U3/ Compatible With DVD Camcorder, DVD Video Recorders And DVD-RAM Drives/ Rewritable/ XTRA, Fine And Standard Recording Modes/ 1.4 GB Data Capacity",,$8.99,1066
A:38957,Abt,Lasonic ATSC Digital To Analog TV Converter Box - LTA260,"Lasonic ATSC Digital To Analog TV Converter Box - LTA260/ Support 4:3 And 16:9 Video Format/ Composite Video And Stereo Audio Output/ Supports Channel Display, Closed Caption, EAS And Parental Controls (V-Chip)/ Display ANT Level And Signal Quality On The TV/ Black Finish",,,1067
A:39038,Abt,Case Logic Black In-Car DVD Player Case - PDVK10,Case Logic Black In-Car DVD Player Case - PDVK10/ Holds Up To 10' Portable DVD And Portable iPod Players/ Grab & Go Suspension System/ Built-In Dual Jack Headphone System/ Extra Storage Compartment/ Black Finish,,$29.00,1068
A:39039,Abt,Garmin Nuvi 885T GPS Navigation System - 0100057730,"Garmin Nuvi 885T GPS Navigation System - 0100057730/ Speak Commands/ 4.3' Display/ Turn-By-Turn Directions/ Bluetooth Wireless Technology/ Built-In Microphone And Speaker/ MP3 Player/ Picture Viewer/ FM Transmitter/ Touchscreen/ Up To 4 Hours Battery Life/ microSD Card Slot/ World Travel Clock, Currency/Unit Converter And Calculator/ Grey Finish",,$799.00,1069
A:39054,Abt,OmniMount 37' - 63' Ultra Low Profile Series Large Flat Panel TV Black Mount - ULPTLBK,OmniMount 37' - 63' Ultra Low Profile Series Large Flat Panel TV Black Mount - ULPTLBK/ Ultra Low Profile Design/ Built-In Kickstand/ Universal Rails/ Tension Adjustment/ Sliding Lateral On-Wall Adjustment/ Lift N? Lock For Easy Installation/ Anti-Theft Security Feature/ Black Finish,,,1070
A:39088,Abt,Logitech Cordless Desktop Wave Keyboard And Mouse Combo - 920000264,Logitech Cordless Desktop Wave Keyboard And Mouse Combo - 920000264/ Contoured Wave-Shaped Key Design/ Cushioned Contoured Palm Rest/ Adjustable Keyboard Height/ Comfortable Design High-Performance Laser Mouse/ Instant Media Access/ Programmable F-Keys/ Compatible With PC And MAC/ Black Finish,,$79.00,1071
A:39090,Abt,Mitsubishi DLP Black TV Stand - MBS73V,Mitsubishi DLP Black TV Stand - MBS73V/ Matching Base For Mitsubishi WD-73735 And WD-73736 DLP HDTV/ Glass Shelf Height Adjustment/ Black Finish,,$549.00,1072
A:39175,Abt,Logitech Digital Precision PC Gaming Headset - 981000040,Logitech Digital Precision PC Gaming Headset - 981000040/ Cushioned Open-Air Design/ USB And Analog Connections/ Noise-Canceling Microphone/ In-Line Volume And Mute Controls/ 10 Ft. Cable Length/ PC And Mac Compatible/ Black Finish,,$49.00,1073
A:39176,Abt,Logitech 2.1 Multimedia Silver Speaker System - Z2300,Logitech 2.1 Multimedia Silver Speaker System - Z2300/ THX-Certified/ 200 Watts Of RMS Power (400 Watts Of Peak Power)/ Distortion-Free Bass/ Phase Plug Design/ SoundTouch Wired Remote Control/ Multiple Source?Ready/ 2.5' Polished Aluminum Phase Plug Speaker Driver/ 8' Long-Throw Ported Subwoofer Driver/ Silver Finish,,,1074
A:39179,Abt,Linksys Wireless-G Range Expander - WRE54G,Linksys Wireless-G Range Expander - WRE54G/ Supports 64/128-Bit WEP Encryption In 802.11b/802.11g Wireless LAN/ Configurable Through Your Networked PC?s Web Browser Or The Included Setup Wizard/ Expand Your Wireless Coverage To Eliminate Dead Spots/ Works With Both 802.11b And 802.11g Wireless Networks/ RJ-45 10/100 Port For Easy Configuration/ Silver Finish,,$99.00,1075
B:10011646,Buy,Linksys EtherFast EZXS88W Ethernet Switch - EZXS88W,Linksys EtherFast 8-Port 10/100 Switch (New/Workgroup),LINKSYS,,1023
B:10140760,Buy,Linksys EtherFast EZXS55W Ethernet Switch,5 x 10/100Base-TX LAN,LINKSYS,,1022
B:10221960,Buy,Netgear ProSafe FS105 Ethernet Switch - FS105NA,NETGEAR FS105 Prosafe 5 Port 10/100 Desktop Switch,Netgear,,434
B:10246269,Buy,Belkin Pro Series High Integrity VGA/SVGA Monitor Extension Cable - F3H982-10,1 x HD-15 - 1 x HD-15 - 10ft - Beige,Belkin,,214
B:10315184,Buy,Netgear ProSafe JFS516 Ethernet Switch,Netgear ProSafe 16 Port 10/100 Rackmount Switch- JFS516NA,Netgear,,160
B:10316920,Buy,LaCie Pocket Floppy Disk Drive - 706018,LaCie Pocket USB Floppy 1.44 MB,LACIE,,825
B:10326220,Buy,Canon KP 36IP Print Cartridge / Paper Kit - 7737A001,36 Page 4' x 6',Canon,$9.99,776
B:10333368,Buy,Kensington Orbit Optical Trackball - USB w/PS2 Adapter - 64327,"Optical - USB, PS/2",Kensington,,377
B:10333846,Buy,Linksys EtherFast EF4116 Ethernet Switch,16 x 10/100Base-TX LAN,LINKSYS,,1020
B:10333848,Buy,Linksys EtherFast EF4124 Ethernet Switch,24 x 10/100Base-TX LAN,LINKSYS,$64.99,134
B:10343605,Buy,Linksys Instant Gigabit EG005W Ethernet Switch,Linksys EG005W Gigabit 5-Port Workgroup Switch,LINKSYS,,1021
B:10346525,Buy,Linksys G Wireless-G WET54G Wireless Bridge,54Mbps - 1 x 10/100Base-TX,LINKSYS,,461
B:10351869,Buy,Tripp Lite PowerVerter 375-Watt Ultra-Compact Inverter - PV375,Input Voltage:12V DC - Output Voltage:120V AC - 375W Pulse-width Modulated Sine Wave,Tripp Lite,,218
B:10353206,Buy,Netgear ProSafe GS105 Ethernet Switch - GS105NA,NETGEAR ProSafe 5 Port Gigabit Desktop Switch,Netgear,,953
B:10360978,Buy,Belkin Monitor Cable - F3H982-25,1 x HD-15 - 1 x HD-15 - 25ft - Black,Belkin,$15.98,237
B:10363070,Buy,Logitech Driving Force Pro for PlayStation 2 - 963293-0403,,Logitech,,821
B:10363243,Buy,Belkin AC Anywhere 300W Power Inverter - F5C400-300W,Input Voltage:12V DC - Output Voltage:110V AC - 300W Stepped Sine Wave,Belkin,,59
B:10365096,Buy,Linksys Wireless-G Range Expander Wireless Bridge - WRE54G,54Mbps,LINKSYS,,1075
B:10373002,Buy,Sony VAIO Notebook and AC Adapter Case - VGPAMC2,VAIO NEOPRENE NOTEBOOK & AC ADAPTER CASE UP TO 17 IN LCD,Sony,,99
B:10376165,Buy,D-Link Express EtherNetwork High-Speed DOCSIS 2.0 Cable Modem - DCM-202,D-Link Broadband Cable Modem,D-Link,,824
B:10377226,Buy,Sony Notebook and AC Adapter Cases - VGPAMC3,Clam Shell - Neoprene,Sony,$12.99,89
B:10379358,Buy,Panasonic Black Toner Cartridge - KX-FA83,"Panasonic Toner Cartridge for the KX-FL511, KX-FL541, KX-FL611 and KX-FLM651 Series",Panasonic,,25
B:10380060,Buy,Logitech Z-2300 Multimedia Speaker System - 970118-0403,2.1-channel,Logitech,,1074
B:10382243,Buy,Sony High Definition Mini DV Cassette - DSL-190-B,Sony DVM-63 HD High-Definition miniDV Videocassette,Sony,,63
B:10388980,Buy,Netgear ProSafe WG102 Wireless Access Point 802.11g - WG102NA,NETGEAR Prosafe 802.11g Wireless Access Point,Netgear,,407
B:10412590,Buy,Netgear RangeMax WPN802 Wireless Access Point - WPN802NA,108Mbps,Netgear,,116
B:10412788,Buy,Netgear ProSafe FS726TP 24 Port 10/100 Smart Switch - FS726TPNA,"24 x 10/100Base-TX LAN, 2 x 10/100/1000Base-T",Netgear,,100
B:50009858,Buy,PlayStation 2 Memory Card 8MB,,Sony Computer Electronic,,127
B:50012447,Buy,SONY 7-11719-70670-0 PS2 8 MB Memory Card 2-pk - 97067,,Sony,,128
B:50012453,Buy,PlayStation 2 DUALSHOCK Analog Controller - Green,,Sony Computer Electronic,,126
B:50017228,Buy,PlayStation 2 DVD Remote - 97076,,Sony Computer Electronic,,138
B:90049752,Buy,Sennheiser Nickel metal hydride Battery for Headsets - BA-151,Nickel-Metal Hydride (NiMH) - 2.4V DC - Headset Battery,Sennheiser,$14.34,429
B:90049795,Buy,Sony MiniDV Head Cleaner - DVM12CLD,Head Cleaner,Sony,$7.95,165
B:90049928,Buy,Sony SB-V40S A/V Selector - SBV40S,"VCR, Camcorder, AV Receiver, Video Game Console, TV, Laser Disc Player, DVD Player Compatible - 4 x S-Video In, 4 x Composite Video In, 4 x Stereo Audio Line In, 1 x S-Video Out, 1 x Composite Video Out, 1 x Stereo A",Sony,,2
B:90104307,Buy,Panasonic KX-TS108W Corded Phone,1 x Phone Line(s) - White,Panasonic,,10
B:90105056,Buy,Panasonic KX-TS208W Corded Phone,2 x Phone Line(s) - Headset - White,Panasonic,,11
B:90105156,Buy,Garmin Canvas Deluxe Carry Case - 010-10231-01,Top Loading - Handle - Nylon - Black,Garmin,$17.45,34
B:90105458,Buy,Sony h.ear Stereo Earphones - MDRJ10/BLUE,- Blue,Sony,$12.38,8
B:90105654,Buy,BELKIN PRO SERIES USB DEVICE CABLE 16 - F3U133-16,,Belkin,$12.21,97
B:90106172,Buy,OmniMount Universal Wall Speaker Mounting Kit - 20.0 WALL-B,Stainless Steel - 20 lb,"OMNIMOUNT SYSTEMS, INC",$24.34,19
B:90106210,Buy,OmniMount Stainless Steel Speaker Mount - 20.0 WALL-W,Stainless Steel - 20 lb,"OMNIMOUNT SYSTEMS, INC",,20
B:90108521,Buy,Sanus Euro Foundation Series III Speaker Stand - EFSATSIII,Steel - Silver,Sanus,,30
B:90109367,Buy,Peerless Adjustable TV Wall Mount - PM1327,,Peerless,,24
B:90111702,Buy,Sanus Euro Foundation Series III Speaker Stand - EFSATBKIII,Steel - Black,Sanus,,29
B:90114398,Buy,Panasonic KX-TCA86 Headset,Over-the-head,Panasonic,$11.03,14
B:90114631,Buy,Sony VCT-R640 Tripod - VCTR640,Floor Standing Tripod - 21.62' to 56.75' Height - 6.61 lb Load Capacity - Black,Sony,,171
B:90120953,Buy,Sanus Flat Panel TV Wall Mount - VMF,Steel - 50 lb,Sanus,,60
B:90125772,Buy,Sanus Speaker Mount - WMS3B BLACK,Plastic - 8 lb,Sanus,,27
B:90125786,Buy,Sanus Wall/Ceiling Speaker Mount - WMS3S SILVER,Plastic - 8 lb,Sanus,,28
B:90128026,Buy,Sony Mini DVD-R Media - 3DMR30L1H,1.4GB - 3 Pack,Sony,$6.99,88
B:90128649,Buy,Panasonic KX-TS3282B Corded Phone,2 x Phone Line(s) - Headset - Black,Panasonic,,32
B:90131741,Buy,Sennheiser RS 120 Wireless Hi-fi Headphone - RS120,,Sennheiser,,112
B:90131941,Buy,Sanus Flat Panel TV Wall Mount - VMPL50-B,Steel - 130 lb,Sanus,,115
B:90132241,Buy,Sony PS-LX350H Belt-Drive Turntable,,Sony,,0
B:90136420,Buy,Sony STR-DE197 - AV Receiver - 100 Watts per Channel,,Sony,$122.43,40
B:90137168,Buy,Sanus Television Turntable - TV/LCDS,150 lb,Sanus,,50
B:90138520,Buy,Panasonic KX-TCA92 Headset,Over-the-head,Panasonic,$18.42,15
B:90138537,Buy,Panasonic KX-TSC14B Corded Telephone,2 x Phone Line(s) - Headset - Black,Panasonic,,329
B:90138609,Buy,Sony CDP-CX355 300 Disc MegaStorage CD Changer,,Sony,$169.13,12
B:90139261,Buy,Sanus Flat Panel TV Wall Mount - VM1B,Aluminum - 50 lb,Sanus,$69.99,62
B:90139585,Buy,Canon NB-2LH Battery Pack - 9612A001,Lithium Ion (Li-Ion) - Photo Battery,Canon,,806
B:90139860,Buy,Olympus B-90SU AA/AAA Size Battery Charger - 200899,,Olympus,,52
B:90140166,Buy,Sony CDX-565MXRF 10-Disc CD/MP3 Changer,,Sony,$134.12,22
B:90140203,Buy,OmniMount TV Top Shelf Mount,OmniMount CCH1B Set-Top Center-Channel Shelf,"OMNIMOUNT SYSTEMS, INC",$21.49,48
B:90140498,Buy,Canon NB-4L Rechargeable Camera Battery - 9763A001,Canon NB-4L Lithium Ion Battery,Canon,$36.89,54
B:90141074,Buy,Panasonic 3x DVD-RAM Media,Panasonic LM-AF120LU5 Rewritable DVD-RAM Disc without Cartridge,Panasonic,,58
B:90141687,Buy,Canon CB-2LV Battery Charger - 9764A001,for NB-4L,Canon,,799
B:90142591,Buy,Canon EF-S 17-85MM f/4-5.6 IS USM Standard Zoom Lens,Canon 9517A002 EF-S 17-85mm f4-5.6 IS USM Standard Zoom Lens with Optical Image Stabilizer,Canon,$515.00,798
B:90144996,Buy,Sennheiser RS 140 Wireless RF Headphone - RS-140,"- Black, Silver",Sennheiser,$144.97,82
B:90144998,Buy,Sennheiser RS 130 Wireless Headphone - RS130,,Sennheiser,$144.95,760
B:90145444,Buy,Sony Fontopia Earbuds - MDREX81LPB,Sony MDR-EX81LP/B Stereo Earphones - Black,Sony,$34.88,818
B:90145560,Buy,Sanus VisionMount Flat Panel TV Wall Mount - VMPL3B,Steel - 280 lb,Sanus,$144.05,87
B:90145561,Buy,Sanus Flat Panel TV Wall Mount - VM400S,"Steel, Aluminum - 80 lb",Sanus,,64
B:90145568,Buy,Sanus Under Cabinet LCD TV Mount - VMUC1S,15 lb,Sanus,,164
B:90145584,Buy,Sanus Flat Panel TV Wall Mount - VM400B,"Steel, Aluminum - 80 lb",Sanus,,65
B:90145586,Buy,Sanus Universal Projector Ceiling Mount - VMPR1B,50 lb,Sanus,,80
B:90145909,Buy,Weber 848001 Performer 22.5' Charcoal Grill in Dark Blue,,Weber,,72
B:90145972,Buy,Weber 841001 Performer 22.5' Charcoal Grill in Black,,Weber,,61
B:90146847,Buy,Plantronics Voyager 510 Bluetooth Earset,Plantronics Voyager510 Bluetooth Headset,Plantronics Bluetooth,,123
B:90148258,Buy,OmniMount TV Top Shelf Mount - CCH1P,Steel - 30 lb,"OMNIMOUNT SYSTEMS, INC",,47
B:90148541,Buy,Sony LCS Soft Carrying Case - LCSCST,Sony LCS-CST Soft Carrying Case for Ultra-Compact Digital Cameras,Sony,$9.95,78
B:200924629,Buy,Linksys WRV54G Wireless-G VPN Broadband Router,,,,194
B:201647442,Buy,Kingdom Hearts II,,"SQUARE ENIX, LLC",$19.99,124
B:201692648,Buy,Canon CLI-8M Ink Cartridge - 0622B002,Magenta,Canon,$10.35,92
B:201692660,Buy,"Canon Ink Cartridge For PIXMA iP1600, iP6210D and iP6220D Printers - 0617B002",Color,Canon,$19.11,90
B:201692665,Buy,"Canon Ink Cartridge For PIXMA iP4200, iP5200, iP5200R and iP6600D Printers - 0620B002",Black,Canon,$13.99,433
B:201692677,Buy,Canon CLI-8C Ink Cartridge - 0621B002,Cyan,Canon,$13.99,91
B:201692679,Buy,Canon CLI-8Y Ink Cartridge - 0623B002,Yellow,Canon,$13.99,95
B:201692695,Buy,Canon Black Ink Cartridge - 0615B002,Black,Canon,,96
B:201692705,Buy,Canon PGI-5BK Black Ink Cartridge - 0628B002,Canon PGI-5 Pigment Black Ink Cartridge for Canon ContrastPLUS Photo Printers,Canon,$14.99,198
B:201699873,Buy,Peerless Universal Flat Wall Mount - SF640P,Peerless Flat Wall Mount for 23'- 46' LCD Screens - Black,Peerless,,756
B:201700823,Buy,Netgear ProSafe FS116P Ethernet Switch - FS116PNA,16 x 10/100Base-TX LAN,Netgear,,106
B:201701865,Buy,Peerless Universal Tilt Wall Mount,Peerless Smart Mount ST660P Universal Tilt Wall Mount for 37' to 60' Screens (Black) up to 200lbs,Peerless,,726
B:201744288,Buy,Netgear ProSafe JGS524F 24-Port Gigabit Ethernet Switch - JGS524FNA,Netgear ProSafe JGS544F - 24 Port Gigabit Rackmount Switch with 2 Gigabit Slots,Netgear,,998
B:201854347,Buy,Tripp Lite Video Cable - P502-025,1 x HD-15 - 1 x HD-15 - 25ft - Black,Tripp Lite,,1059
B:201935116,Buy,Logitech diNovo Media Desktop Laser - 967562-0403,Keyboard - Wireless - Mouse - Laser - Type A - USB - Receiver,Logitech,,409
B:201935171,Buy,Logitech Cordless Desktop MX 5000 Laser - 967562-0403,Keyboard - Wireless - 104 Keys - Mouse - Laser - Type A - USB - Receiver,Logitech,,409
B:201953021,Buy,Canon CLI-8PC Photo Cyan Ink Cartridge - 0624B002,Photo Cyan,Canon,$13.99,93
B:201953025,Buy,Canon CLI-8PM Photo Magenta Ink Cartridge - 0625B002,Photo Magenta,Canon,$13.99,94
B:201953026,Buy,"Canon CL-51 High Capacity Color Ink Cartridge For PIXMA MP450, PIXMA iP6210D and PIXMA iP6220D Printers - 0618B002",Color,Canon,,109
B:201953029,Buy,Canon PG-50 High Capacity Black Ink Cartridge For PIXMA MP450 Printer - 0616B002,Black,Canon,,292
B:201953039,Buy,Canon CL-52 Photo Ink Cartridge For PIXMA iP6210D and PIXMA iP6220D Printers - 0619B002,Color,Canon,$18.16,110
B:201959840,Buy,"DeLonghi DC50B Twenty Four Seven Drip Coffee Maker, Black",,DeLonghi,$22.95,49
B:201965217,Buy,Panasonic DVD-RAM Media - LM-AF30U3,1.4GB - 3 Pack,Panasonic,$6.22,1066
B:202003159,Buy,Belkin Hi-Speed USB 2.0 7-Port Hub - F5U237-APL-S,USB 2.0 7-PORT HUB/APPLE #TB857LL/A,Belkin,,403
B:202026554,Buy,Canon EF 70-300mm f/4-5.6 IS USM Telephoto Zoom Lens - 0345B002,f/4 to 5.6,Canon,$549.00,988
B:202041195,Buy,Universal Aeros IR/RF Remote Control - MX850,"TV, DVD Player, Audio Receivers, Cable Box, Satellite Receiver, PVR (Personal Video Recorder) - 100 ft - Universal Remote","UNIVERSAL REMOTE CONTROL, INC",$256.99,57
B:202041204,Buy,Universal MX-350 Osiris Remote Control - MX350,"TV, VCR, DVD Player, CD Player, Cable Box, Satellite Receiver, DVR, Audio Receivers - 100 ft - Universal Remote","UNIVERSAL REMOTE CONTROL, INC",$93.90,56
B:202045862,Buy,Panasonic NN-H965BF Microwave Oven - Counter Top - 2.2ft - 1250W - Black,,Panasonic,,77
B:202045875,Buy,Panasonic NN-H965WF Luxury Full-Size 2-1/5-Cubic-Foot 1250-Watt Microwave Oven- White,,Panasonic,,71
B:202046565,Buy,Linksys Wireless-G WRT54GL Broadband Router,Linksys WRT54GL Wireless-G Broadband Router,LINKSYS,,344
B:202049393,Buy,Audiovox XM6 Outdoor Home Antenna - XM-6,,Terk Technologies,,162
B:202067544,Buy,Nikon Speedlight SB-600 AF Flash Light - 4802,"i-TTL, TTL, D-TTL, Manual - 65.6ft Range",Nikon,$189.72,76
B:202070149,Buy,Sony Memory Stick Duo Replacement Adapter - MSACM2,Memory Stick Adapter - Memory Stick Duo,Sony,$19.48,104
B:202070807,Buy,Kensington MicroSaver Notebook Lock - 64068F,Steel - 6ft,Kensington,,282
B:202104453,Buy,Linksys Wireless-G WUSB54GC Compact USB Adapter,,LINKSYS,,1016
B:202106724,Buy,Sirius Outdoor Home Antenna - 14240,42 dBi - SMB,Sirius,,264
B:202125720,Buy,Sony Ribbon and Paper with Snap-Off Edges For DPP-FP50 Digital Photo Printer - SVMF120P,"Ribbon, Sheet",Sony,,196
B:202139744,Buy,Audiovox XMH10 Home Docking Kit,XM Satellite Radio Receiver,Audiovox,,306
B:202139765,Buy,Audiovox XMFM1 Switch Box,XM Satellite Radio,Xm,$15.49,307
B:202143942,Buy,Sanus VCD/DVD Wall Mount - VMAVB,,Sanus,,119
B:202143947,Buy,Sony Memory Stick USB Card Reader/Writer - MSACUS40,"Memory Stick, Memory Stick Duo",Sony,,284
B:202145734,Buy,Logitech Harmony 890 Advanced Universal Remote - 966193-0403,,Logitech,$248.90,108
B:202238311,Buy,"Logitech Harmony 890 Advanced Universal Remote - HDTV, TV, DVD Player(s), Lighting, Audio System - 100 ft - Universal Remote - 966193-0403",,Logitech,$335.11,108
B:202291459,Buy,Sanus Center Channel Speaker Mount - VMCC1B,Steel,Sanus,,114
B:202293522,Buy,Sony VAIO SZ Series Docking Station - VGPPRSZ1,"USB, Network, VGA, DVI-D, DC-in",Sony,,227
B:202434158,Buy,Sony Print Paper - SVMF40P,SVM-F40P 4'x6' Photo paper - 40-Count,Sony,$17.99,53
B:202451162,Buy,Canon Canon CB-2LW Battery Charger - 0763B001,,Canon,,794
B:202456880,Buy,Tivo AG0100 Wireless G USB Network Adapter,,TiVo,,121
B:202456903,Buy,TiVo TCD649080 - Series2 Digital Video Recorder - Up to 80 Hours Capacity,,TiVo,,125
B:202472204,Buy,Canon PSC-75 Deluxe Soft Case - 0716B001,Top Loading - Leather,Canon,$19.94,791
B:202473822,Buy,SONY COMPACT TRIPOD 14'/39' *NIC* - VCTR100,,"DBL Distributing, Inc",,118
B:202479411,Buy,"Lowepro Rezo 15 Camera Case - MicroFiber, Ripstop Nylon - Black (Black)",,Lowepro,,180
B:202479417,Buy,"Lowepro SlingShot 200 AW Camera Backpack - Backpack - MicroFiber, Ripstop Nylon - Black, Gray (Black)",,Lowepro,,200
B:202479418,Buy,"Lowepro Edit 100 Case for Camcorder - Nylon, MicroFiber - Black (Black)",,Lowepro,,181
B:202486964,Buy,GE Millennium TV Antenna - 24734,,GE,,101
B:202502745,Buy,Lego Star Wars 2: The Original Trilogy,,Lucasarts Ent.,,155
B:202515446,Buy,Uniden TCX905 Tru-Digital Expansion Handset With Caller ID,,Uniden,$29.99,122
B:202537952,Buy,Panasonic KX-TGA450B Cordless Handset,Panasonic KX-TGA450B Additional Handset for PANKXTG4500B,Panasonic,,191
B:202537962,Buy,Panasonic KX-TG4500B Corded/Cordless Telephone,4 x Phone Line(s) - Black,Panasonic,,190
B:202537967,Buy,Panasonic KX-TG6700B Cordless Telephone,Panasonic KX-TG6700B 5.8 GHz 2-Line FHSS GigaRange Expandable Digital Cordless Phone with Answering System & Call Waiting Caller ID,Panasonic,$106.14,146
B:202537969,Buy,Panasonic KX-TGA670B Cordless Handset,Panasonic KX-TGA670B Additional Handset for PANKXTG6700B,Panasonic,,147
B:202592070,Buy,Fellowes Powershred Personal W11C Shredder - 30100,Cross Cut - 11 Per Pass - 5.5 Gallon Wastebasket,Fellowes,,224
B:202592699,Buy,Directed Electronics Antenna Extension Cable - 14230,SMB - 50ft,Sirius,,785
B:202619749,Buy,Weber Q 300 Gas Grill,,Weber,,117
B:202635467,Buy,Sony Learning Remote Control - RMVL600,"TV, DVD Player, VCR, CD Player, Satellite Receiver, DVR - 32.81 ft - Universal Remote",Sony,$19.99,135
B:202635701,Buy,Uniden TCX905 Cordless Handset - TCX905,Uniden TCX-905 Tru-Digital Expansion Handset With Caller ID,Uniden,,122
B:202755491,Buy,Panasonic KX-TS600W Basic Telephone,"1 x Phone Line(s) - 1 x Headset, 1 x Data - White",Panasonic,,293
B:202778257,Buy,Pioneer Nautica Marine Remote Control,Pioneer Electronics CD-MR80D Wired Marine Remote Control with Display,Pioneer,,84
B:202778315,Buy,Pioneer GEX-P920XM XM Digital Satellite Tuner - GEX-P920XM,Pioneer Electronics GEXP920XM XM Digital Satellite Tuner for Pioneer Headunits,Pioneer,,79
B:202784218,Buy,Pioneer TS-P462 Speaker,Pioneer Electronics TS-P462 4' x 6' 2-Way Component Plate Speaker with 150 Watts Maximum Power,Pioneer,,724
B:202784323,Buy,Pioneer Nautica TS-MR1640 Marine Speaker - TS-MR1640,Pioneer Electronics TSMR1640 Nautica Series 6-1/2' Marine-Use 2-Way Speaker with 160 Watts Max. Power,Pioneer,,132
B:202785722,Buy,Canon NB-5L Lithium-Ion Digital Camera Battery - 1135B001,Canon NB-5L Lithium Ion Battery,Canon,$36.49,796
B:202812567,Buy,Boss 161 Speaker,Speaker - Magnetically Shielded,BOSE,$158.00,4
B:202812620,Buy,Bose Acoustimass 5 Series III Speaker System - 21725,2.1-channel - Black,BOSE,$359.00,1
B:202812646,Buy,Bose PMCII Remote Control,"DVD Player, TV, VCR, Tuner, Amplifier, CD Player, Cable Box, Satellite Receiver, PVR (Personal Video Recorder) - 80 ft - DVD Player Remote",BOSE,$145.37,85
B:202813304,Buy,Apple DVI to mini-DVI Video Cable Adapter - M9321GB,mini-DVI Male to 24-pin DVI-D (Digital) Male,Apple,$19.99,322
B:202827677,Buy,Peerless PLAV70-UNLP-S Articulating Dual-Arm with Vertical Adjustment - PLAV70 UNLPS,Steel - 200 lb,Peerless,$449.52,399
B:202827684,Buy,Sanus VisionMount Flat Panel TV Wall Mount - MF110-B1,"Steel, Aluminum - 100 lb",Sanus,,176
B:202827713,Buy,Sanus VisionMount Flat Panel TV Wall Mount - ML22-B1,Steel - 100 lb,Sanus,,167
B:202827715,Buy,Sanus VisionMount Tilting Flat Panel TV Wall Mount - MT25-B1,Steel - 100 lb,Sanus,,170
B:202845629,Buy,Panasonic SDYD250 Automatic Bread Maker,,Panasonic,,7
B:202861078,Buy,Canon PSC-55 Deluxe Leather Camera Case - 1588B001,Top Loading - Leather - Black,Canon,$16.82,797
B:202870170,Buy,Garmin GA 25MCX Low Profile Remote GPS Antenna - 010-10702-00,,Garmin,,182
B:202870171,Buy,CHARGE YOUR UNIT WITH THIS AC ADAPTER CABLE. ALSO INCLUDES INTERNATIONAL ADAPTER - 010-10723-00,,Garmin,,415
B:202870172,Buy,Garmin USB Cable - 010-10723-01,1 x Type A USB,Garmin,$8.15,358
B:202870173,Buy,Garmin Leather GPS Case,Garmin 010-10723-02 - Leather GPS Case,Garmin,,416
B:202870174,Buy,Garmin Vehicle Suction Cup mount,Garmin 010-10723-03 - Vehicle Suction Cup Mount,Garmin,,203
B:202870177,Buy,Garmin Cigarette Lighter Adapter for GPS,Garmin 010-10723-06 - Cigarette Lighter Adapter for GPS - 12V DC,Garmin,,178
B:202870184,Buy,Garmin Cigarette Lighter Adapter for GPS Navigation - 010-10747-03,,Garmin,$12.99,179
B:202870448,Buy,Sharp R-1214 Microwave Oven - R-1214,SHARP Over-the-Counter Stainless Mircowave Oven - R1214,Sharp,$380.67,37
B:202882380,Buy,Linksys WAP4400N Wireless-N Access Point With POE - WAP4400N,Linksys Wireless-N Access Point with Power Over Ethernet High-Speed Wireless Access for Existing Networks!,LINKSYS,,295
B:202899626,Buy,Linksys Wireless-N WRVS4400N Gigabit Security Router with VPN,4 x LAN,LINKSYS,,831
B:202899996,Buy,Panasonic CGA-S007A/1B Lithium Ion Digital Camera Battery,Lithium Ion (Li-Ion) - 3.7V DC - Photo Battery,Panasonic,,142
B:202899998,Buy,Panasonic BB-HCM331A Outdoor Network Camera with 2-Way Audio,Color - CCD - Cable,Panasonic,,372
B:202900002,Buy,Panasonic BL-C1A Network Camera,,Panasonic,,131
B:202900025,Buy,Panasonic KX-FG2451 Plain Paper Thermal Transfer Fax/Copier - KX-FG2451,Panasonic Plain Paper Fax/Copier with 2.4GHz FHSS GigaRange Cordless Phone and Digital Answering System,Panasonic,,152
B:202900030,Buy,Panasonic KX-TS3282W Corded Telephone,2 x Phone Line(s) - Headset - White,Panasonic,,145
B:202900041,Buy,"Panasonic NN-C994S Genius Prestige Convection Microwave Oven with Inverter Turbo Defrost and One-Touch Sensor Cooking, Stainless",,Panasonic,,43
B:202900227,Buy,Panasonic KX-TSC14W 2-Line Telephone,2 x Phone Line(s) - Headset - White,Panasonic,,9
B:202916534,Buy,Microsoft Office 2007 Home and Student - 79G-00007,,Microsoft,$82.99,248
B:202916547,Buy,Microsoft Office 2007 Standard - 021-07746,,Microsoft,$319.99,373
B:202973389,Buy,Techcraft Veneto Series ABS32 TV Stand,"Glass, Wood - Black",Techcraft,$150.13,174
B:202973396,Buy,Techcraft Veneto Series SWP48 TV Stand,"Wood, Glass - Brown",Techcraft,$299.00,175
B:202985798,Buy,LG Electronics RLM20K Remote Laundry Monitoring System,,LG Electronics,,232
B:202985803,Buy,LG Electronics WDP3 Laundry Pedestal with Drawer - Blue,,LG Electronics,,207
B:202985806,Buy,LG Electronics LG WSTK1 Washer/Dryer Stacking Kit: White,,LG Electronics,,1035
B:202985950,Buy,Nintendo DS Lite (Black Onyx) - USGSKB,,Nintendo Of America,,946
B:202989028,Buy,"Logitech QuickCam Communicate STX Webcam - Black, Charcoal - 961464-0403",CMOS - USB,Logitech,,395
B:203017911,Buy,Audiovox CNP2000 XM Mini-Tuner,XM Satellite Radio Receiver,Audiovox,,151
B:203017912,Buy,Audiovox CNP2000H XM Mini-Tuner Home Dock,XM Satellite Radio,Audiovox,$24.74,156
B:203017999,Buy,Denon TU-1500RD Stereo Radio Tuner - TU1500RD,40,Denon,,5
B:203021705,Buy,Toshiba Lithium Ion Portable DVD Player Battery - MEDB05LX,Lithium Ion (Li-Ion) - 7.4V DC - Portable DVD Player Battery,Toshiba,$149.99,38
B:203022202,Buy,Pioneer Car Audio Remote Control - CDVC1,Car Audio System - Car Audio Remote,Pioneer,$35.00,98
B:203022472,Buy,Sony SCD-CE595 CD Player - SCDCE595,"CD-ROM, CD-R, CD-RW - CD-Text Playback - 5 Disc(s)",Sony,,44
B:203023505,Buy,Sony CDP-CE375 CD Player/Changer - CDPCE375,"CD-ROM, CD-R, CD-RW - 5 Disc(s) - 32 Programmable Track(s)",Sony,$114.18,3
B:203024425,Buy,Denon DP-29F Analog Record Turntable - DP29F,Belt Drive,Denon,,21
B:203024998,Buy,Sony CDP-CX455 CD Player/Changer - CDPCX455,"CD-R, CD-RW, CD-ROM - MP3, CD-Text Playback - 400 Disc(s) - 32 Programmable Track(s)",Sony,$219.99,13
B:203025174,Buy,Cordless Solo S2 Radar/Laser Detector - 010ES20A,,Escort,$279.99,33
B:203025423,Buy,Kenwood KDC-C669 Car CD Changer - KDCC669,CD-RW - CD-Text,Kenwood,,35
B:203025446,Buy,Kenwood KCA-IP500 iPod Interface/Controller - KCAIP500,,Kenwood,$47.72,83
B:203025617,Buy,Sony Compact Disc Player/Recorder - RCDW500C,"CD-R, CD-RW, CD-ROM - CD-Text, MP3 Playback - 5 Disc(s) - 24 Programmable Track(s)",Sony,$219.76,26
B:203065730,Buy,Apple V.92 Data/Fax USB Modem - MA034ZA,USB - RJ-11 Phoneline - 56 Kbps,Apple,$49.00,133
B:203069939,Buy,Universal MasterControl Universal Learning Remote Control - RF20,"Audio/Video, TV, VCR, DVD Player, CD Player, Cable Box, DVR, Audio System, Tape Deck, PC, Satellite Radio, iPod, Xbox 360, Lighting System - 50 ft, 100 ft - Universal Remote","UNIVERSAL REMOTE CONTROL, INC",,130
B:203086405,Buy,Garmin GPS Receiver Dash Mount - 010-10613-00,,Garmin,,103
B:203086857,Buy,Sony Remote Control - RMV310,"TV, VCR, DVD Player, Cable Box, Satellite Receiver, Amplifier, CD Player, DVR - 23 ft - Universal Remote",Sony,$14.72,351
B:203087319,Buy,GE Pre-Amplifier for Stereo Turntable - 23292,,GE,$23.72,258
B:203087638,Buy,Denon DCM-390 5 Disc CD Changer - DCM390,,Denon,$348.00,158
B:203087681,Buy,Denon DP-300F Analog Record Turntable - DP300F,Belt Drive,Denon,$328.99,150
B:203087865,Buy,Garmin Vehicle Suction Mount - 010-10609-00,,Garmin,$27.59,102
B:203088013,Buy,Sony DVPCX995V DVD Player,"DVD+RW, DVD-RW, CD-RW - DVD Video, Video CD, SVCD, SACD, MP3, JPEG Playback - 400 Disc(s) - Progressive Scan - Black",Sony,$249.99,86
B:203111113,Buy,Cuisinart Cordless Automatic Electric Kettle,,Cuisinart,$69.95,18
B:203111424,Buy,"Twin Tub DTT420 Washer (Top Loading, 10 Lbs.)",,Danby,$312.04,46
B:203111433,Buy,KitchenAid Pasta Roller And Cutter - KPRA,,KitchenAid,,6
B:203131412,Buy,LG Electronics 24' Front-Load All-In-One Washer and Dryer: Titanium,,LG Electronics,,246
B:203131413,Buy,LG Electronics 24' Washer/Dryer Combo: White,,LG Electronics,,245
B:203131635,Buy,Griffin Elevator Desktop Stand for Portable Laptops - 1093-CURV2,Aluminum,Griffin,,262
B:203136102,Buy,LG Electronics 10 cu.ft. Cabinet Depth Refrigerator,,LG Electronics,,236
B:203136103,Buy,LG Electronics LRBP1031W 10 Cu. Ft. Refrigerator,,LG Electronics,,235
B:203136113,Buy,LG Navy Blue SteamWasher 27',,LG Electronics,,206
B:203142438,Buy,Sony 17-in-1 External USB Memory Card Reader And Writer - MRW62E/S1/181,"17-in-1 - Memory Stick Duo, Memory Stick MagicGate Duo, Memory Stick PRO, Memory Stick PRO MagicGate, miniSD Card, MultiMediaCard (MMC), RS-MMC, CompactFlash (CF) Card, Secure Digital (SD) Card, Smar",Sony,,259
B:203142471,Buy,DIRECTDECK UNIVERSAL CASSETTE ADAPTER FOR MP3 PLAYERS - 7256-DDECK,,Griffin,,808
B:203150909,Buy,"DDW1805W 18-in. Portable Dishwasher (White, Energy Star)",,Danby,$474.36,68
B:203151776,Buy,White .5 cu. ft 1500 Watt Convection/Broiler/Toaster Oven,,Cuisinart,$149.00,16
B:203151779,Buy,DeLonghi 6-pc. Replacement Filters for Deep Fryer,,DeLonghi,,67
B:203151930,Buy,DeLonghi 4-Cup Drip Coffee Makers,,DeLonghi,,55
B:203154818,Buy,"Harmony EL6985A Vacuum (Canister, HEPA)",,Eureka,,428
B:203155653,Buy,Cuisinart GR-4 Griddler Four Multifunctional Cooking Options,,Cuisinart,$129.00,75
B:203162678,Buy,Cuisinart Brew & Serve Stainless Therm Black 10-Cup Coffee Maker,,Cuisinart,$99.95,36
B:203165921,Buy,Belkin CushTop - F8N044-ORG,- Orange,Belkin,,586
B:203165922,Buy,Belkin CushTop - F8N044-GRN,- Green,Belkin,,588
B:203166120,Buy,Belkin CushTop - F8N044-SLV,- Silver,Belkin,,587
B:203185276,Buy,Canon PG-40 Black Ink Cartridge - PG-40-BK-TWIN,Black,Canon,$41.46,666
B:203198950,Buy,"DCC-2000 Coffee Maker (12 Cup, Stainless Steel)",,Cuisinart,$99.95,113
B:203199121,Buy,"Hoover EmPower U5269-900 Vacuum (Upright, HEPA, Bagless)",,Hoover,,641
B:203201060,Buy,Olympus Neoprene Soft Camera Case - 202066,Top Loading - Neoprene - Black,Olympus,$11.89,163
B:203201062,Buy,Canon Battery and Charger Kit - 1169B001,Power Accessory Kit,Canon,,199
B:203308084,Buy,Directed Electronics Sportster 4 Sirius Satellite Radio Receiver - SP4TK1,XS - FM Transmitter - 6 Lines LCD,Sirius,$169.99,161
B:203322272,Buy,Panasonic KX-FLB801 Multifunction Printer - KX-FLB801,Panasonic All-in-One All-in-One Flatbed Laser Fax,Panasonic,,137
B:203324800,Buy,Denon DVD-2930CI DVD Player - DVD2930CI,"DVD+RW, DVD-RW, CD-RW - DVD Video, DVD Audio, SACD, Video CD, Picture CD, JPEG, WMA, PCM, HDCD, MP3, MPEG-1, MPEG-2, MPEG-4, DivX Playback - 1 Disc(s) - Progressive Scan - Black",Denon,$448.00,159
B:203324914,Buy,OmniMount MWFS Moda Collection 2 Shelf Wall Mounted Furniture System - Espresso,,"OMNIMOUNT SYSTEMS, INC",$158.16,154
B:203324965,Buy,Directed Electronics SUPV1 Car Kit,Sirius Satellite Radio Receiver,Sirius,,424
B:203324970,Buy,Sirius SUPH1 Sirius Universal Home Kit,Sirius Satellite Radio Receiver,Sirius,$44.99,401
B:203329569,Buy,Logitech Harmony 1000 Advanced Universal Remote Control - 966230-0403,,Logitech,,197
B:203329570,Buy,Logitech diNovo Edge Keyboard - 967685-0403,USB,Logitech,,1044
B:203340101,Buy,Nikon EN-EL3e Lithium Ion Digital Camera Battery - 25334,Nikon EN-EL3e Rechargeable Li-ion Battery,Nikon,$34.24,143
B:203340555,Buy,Nikon 55-200mm f/4-5.6G ED AF-S DX Telephoto Zoom Lens - 55200MMLENS,0.28x - 55mm to 200mm - f/4 to 5.6,Nikon,$124.95,148
B:203340806,Buy,Sony LCS-CSH Soft Camera Case - LCSCSH,Top Loading - Polypropylene - Black,Sony,,153
B:203341506,Buy,Olympus Slim Leather Case - 202087,Leather - Black,Olympus,$18.99,169
B:203343197,Buy,Canon EF 75-300mm f/4-5.6 III Telephoto Zoom Lens - 6473A003,f/4 to 5.6,Canon,$159.95,997
B:203347464,Buy,Canon Mini DV Camcorder Starter Kit - 9582A008,Camcorder Starter Kit,Canon,$69.95,69
B:203379234,Buy,LG Electronics DLE0442W XL Load Capacity with NeveRust Stainless Steel Drum,,LG Electronics,,1002
B:203379237,Buy,LG Electronics DLG0452W 7.3 Cu. Ft. 9-Cycle Gas Dryer,,LG Electronics,,221
B:203379249,Buy,LG Electronics WDP3 Laundry Pedestal with Drawer -W/ B/ S/ N / WDP3R - Wild Cherry,,LG Electronics,,231
B:203379250,Buy,LG Electronics WM0642HW Front Load Washing Machine with 7 Washing Programs,,LG Electronics,,222
B:203388440,Buy,Canon BCI-6 Color Ink Cartridges - 4705A018,"Black, Cyan, Magenta, Yellow, Light Cyan, Light Magenta",Canon,$59.99,662
B:203388612,Buy,Directed Electronics Starmate 4 Sirius Satellite Radio Receiver - ST4TK1,XS - FM Transmitter - 5 Lines LCD,Sirius,$104.93,202
B:203389382,Buy,OmniMount 3-Shelf Large-Component Tower - STELLARG303G,,"OMNIMOUNT SYSTEMS, INC",,81
B:203389465,Buy,Olympus LI-42B Lithium Ion Digital Camera Battery - 202034,Lithium Ion (Li-Ion) - 3.7V DC - Photo Battery,Olympus,,168
B:203396159,Buy,Canon CB-2LX Battery Charger - 1133B001,,Canon,,795
B:203396327,Buy,Nikon Nikkor 70-300mm f/4.5-5.6G ED-IF AF-S VR Telephoto Zoom Lens - 2161,f/4.5 to 5.6,Nikon,$449.00,172
B:203405814,Buy,Fellowes MicroShred MS-450Cs Shredder - 3245001,Micro Cut - 7 Per Pass,Fellowes,$185.99,254
B:203405815,Buy,Fellowes Powershred Personal SB-97Cs Confetti Cut Shredder - 3219701,Cross Cut - 17 Per Pass,Fellowes,$240.67,391
B:203407043,Buy,PlayStation 3 ChargeLink USB Charging Cable by Nyko - 83000,,Nyko,,193
B:203407045,Buy,Nyko PS3 Dual AC Charger - 83015,,Nyko,,192
B:203445749,Buy,Sony 1GB Memory Stick Micro (M2) Card - MSA1GD,1 GB,Sony,$21.47,260
B:203445879,Buy,Monster Game 127961 GameLink(tm) 2M HDMI Digital Video/Audio Cable for PS3,,Monster Game,$45.79,205
B:203459314,Buy,Bose In-Ear Earphone - INEARHEADPHONES,- Black,BOSE,$99.95,189
B:203472622,Buy,Panasonic KX-FP145 Plain Paper Thermal Transfer Fax/Copier - KXFP145,Panasonic Slim Cabinet Plain Paper Fax/Copier with All-digital Answering System,Panasonic,$94.88,120
B:203474227,Buy,Oregon Scientific Helmet Video Camera - ATC-2000,,Oregon Scientific,$81.74,884
B:203491687,Buy,Waring Pro Deep Fryer 3qt -Black,,Waring,,149
B:203514304,Buy,Canon CLI-8 Red Ink Tank For PIXMA Pro9000 Printer - 0626B002,Red,Canon,$15.75,432
B:203514305,Buy,Canon CLI-8 Green Ink Tank For PIXMA Pro 9000 Printer - 0627B002,Green,Canon,$12.85,431
B:203514371,Buy,Linksys WPSM54G Wireless-G USB Print Server,"1 x 10/100Base-TX Network, 1 x USB - Wi-Fi - IEEE 802.11b/g",LINKSYS,,365
B:203651765,Buy,Monster Cable GameLink Component Video and Fiber Optic Digital Audio Cable for PlayStation 3 - 3 x RCA - Toslink - 10ft - PS3 CV/FO-10,,Monster Cable,,204
B:203870569,Buy,Garmin Suction Cup Mount - 010-10823-00,,Garmin,$24.84,184
B:203884610,Buy,Directed Electronics SCH1 SiriusConnect Home Tuner,SIRIUS SCH1 SIRIUSConnect Home Tuner,Sirius,$54.92,354
B:203888987,Buy,Panasonic Srtmb10/Rice Cooker/5.5cup/Fuzzy - SR-TMB10,,Panasonic,,285
B:203897877,Buy,KitchenAid 5-Speed Blender - Red Finish - KSB560ER,,KitchenAid,$106.98,144
B:203900180,Buy,"ABS48 Wood TV Stand (Avalon Series, 48-in. Max)",,Tech Craft,,201
B:203900792,Buy,Techcraft SWP60 Classic Wood Tone Credenza TV Stand,Wood - Walnut,Tech Craft,,281
B:203915639,Buy,"PLD4375RFC Professional SpeedClean 24-in. Under Counter Dishwasher (14 Place Settings, Stainless Steel)",,Frigidaire,$543.29,183
B:203920144,Buy,Monster Cable GameLink HDMI Digital Video/Audio Cable for PlayStation 3 - 1 x HDMI - 6.56ft - PS3 HDMI-2M,,Monster Cable,$55.79,205
B:203921172,Buy,Bose SL2 Wireless Surround Link,,DEI,$249.00,195
B:203922244,Buy,Pioneer iBus Interface Cable for iPod - CD-I200,"6.56ft - 1 x IP-Bus, 1 x Proprietary - Audio Cable",Pioneer,$26.50,242
B:203928709,Buy,SIRIUS FMDA25 Wired FM Relay Kit,,Sirius,,219
B:203930685,Buy,Sony Playstation 3 Blu-Ray DVD Remote - 98046,,SONY COMPUTER ENTERTAINME,$18.44,217
B:203934122,Buy,Peerless SGLB01 Flat Panel TV Stand,Glass - Black,Peerless,,425
B:203938179,Buy,Transcend 8GB JetFlash V10 USB Flash Drive - TS8GJFV10,,TRANSCEND INFORMATION,$14.50,397
B:203952966,Buy,Transcend 4GB Secure Digital High Capacity (SDHC) Card - Class 6 - TS4GSDHC6,Transcend 4GB SDHC Class 6 Secure Digital High Capacity Card,TRANSCEND INFORMATION,$5.74,371
B:204020411,Buy,Sharp Plasmacluster FP-P35CX Air Purifier - 129Sq. ft.,,Sharp,,781
B:204035273,Buy,Transcend 2GB microSD Card - TS2GUSD,2 GB,TRANSCEND INFORMATION,$1.75,233
B:204049431,Buy,polkaudio TCi Series TC60i In-Ceiling Loudspeaker - TC60iW,2-way Speaker 125W (RMS) - White,Polk Audio,$132.83,789
B:204049534,Buy,OmniMount Wishbone Large/X-Large Premium Cantilever Mount and Universal Adapter - UCL-XB,200 lb,"OMNIMOUNT SYSTEMS, INC",$292.92,352
B:204049780,Buy,Nikon EN-EL9 Lithium Ion Digital Camera Battery Pack - 25353,Lithium Ion (Li-Ion) - 7.4V DC - Photo Battery,Nikon,$35.65,208
B:204053338,Buy,Garmin Leather Carry Case for Nuvi 660 - 010-10823-01,Top Loading - Leather,Garmin,$9.28,417
B:204071217,Buy,TOMTOM GPS Receiver Accessory Kit - 9N00.101,TomTom Windshield Mount and USB Car Charger,Tom Tom,$35.64,491
B:204080936,Buy,Sanus Flat Panel Ceiling Mount - SC1A-B1,25 lb,Sanus,,1042
B:204154429,Buy,Coby Electronics TF-DVD7006 Portable DVD Player - TFDVD7006,Coby TF-DVD7006 7' Widescreen Portable DVD Player,Coby,$70.32,1046
B:204206934,Buy,Panasonic KX-TG1032S Dual Handset Digital Cordless Phone,1 x Phone Line(s) - Headset Jack - Silver,Panasonic,$61.14,328
B:204206935,Buy,Panasonic KX-TG1033S Digital Cordless Phone with Three Handsets,1 x Phone Line(s) - Headset Jack - Silver,Panasonic,,256
B:204206936,Buy,Panasonic KX-TG1034S DECT 6.0 Cordless Phone - KX-TG1034S,Panasonic DECT 6.0 Series 4 Handset Cordless Phone System with Answering System,Panasonic,$89.45,279
B:204206937,Buy,Panasonic KX-TGA101S DECT 6.0 Expansion Handset,,Panasonic,$36.04,280
B:204219387,Buy,Garmin Suction Cup Mount - 010-10936-00,,Garmin,$13.02,419
B:204222207,Buy,Canon E-P100 Photo Pack For Selphy ES1 Printer - 1335B001,Photo Paper,Canon,$21.23,392
B:204222472,Buy,Olympus VN-4100PC 256MB Digital Voice Recorder - 141927,256MB Flash Memory - LCD - Portable,Olympus,$44.95,276
B:204222662,Buy,OmniMount CMK-MINI Mini Wall Mounted Cable Management System,,"OMNIMOUNT SYSTEMS, INC",,317
B:204222897,Buy,Sanus LRF118-B1 Full Motion Wall TV Mount,130 lb - Black,Sanus,,1051
B:204222915,Buy,Sanus MF209-B1 Full Motion Wall TV Mount,60 lb,Sanus,,359
B:204226641,Buy,Case Logic Universal Vertical PDA Leather Pouch - CLP104BB,Leather,Case Logic,$9.99,949
B:204230770,Buy,Sanus MF215-B1 Extending Full Motion Mount,60 lb,Sanus,,430
B:204238996,Buy,BlueAnt Supertooth Light Compact Bluetooth Speakerphone -- Black - 093744,,BlueAnt,,784
B:204254634,Buy,Sony InfoLithium H-Series NP-FH70 Camcorder Battery - NPFH70,Lithium Ion (Li-Ion) - 8.4V DC - Photo Battery,Sony,$57.00,243
B:204254738,Buy,Sony DVPNS57P DVD Player - DVPNS57PS,"DVD-R, DVD+R, DVD+RW, DVD-RW, CD-RW - DVD Video, SVCD, Video CD, JPEG, MP3 Playback - 1 Disc(s) - Progressive Scan - Silver",Sony,$45.32,257
B:204264643,Buy,"PLD4555RFC Professional SpeedClean 24-in. Under Counter Dishwasher (14 Place Settings, Stainless Steel, Energy Star)",,Frigidaire,$549.00,220
B:204272122,Buy,Panasonic SR-NA18 10-Cup Rice Cooker/Warmer with Advanced Fuzzy Logic Technology,,Panasonic,,187
B:204274644,Buy,Frigidaire Electric Dryer - FEQ1442WH 5.8 Cubic Foot Super Capacity Drum,,Frigidaire,$499.00,66
B:204274645,Buy,Frigidaire Electric Dryer - FEQ332WH 5.7 Cu.Ft. Super Capacity Drum,,Frigidaire,$420.29,107
B:204274660,Buy,WED6400SB Cabrio Super Capacity Plus Electric Black Dryer,,Whirlpool,,185
B:204292470,Buy,Genesis Series 3741001 60' Freestanding Gas Grill with 637 sq. in. Cooking Surface & 3 Stainless Steel Burners: Black LP Gas,,Weber,$636.61,228
B:204292472,Buy,Weber Genesis Series 3770001 60' Freestanding Gas Grill,,Weber,,211
B:204292473,Buy,Weber Genesis Series S-310 60' Freestanding Gas Grill,,Weber,,229
B:204292477,Buy,"Weber Summit Series S-450 74 1/10' Freestanding Gas Grill with 838 sq. in. Cooking Surface, 6 Stainless Steel Burners, Rotisserie Burner, Stainless Steel Smoker Box & Stainless Steel Work Surface: LP Gas",,Weber,,210
B:204295637,Buy,Audiovox VE927 9' TV/DVD Combo,"9' - LCD - ATSC, NTSC - 16:9 - Stereo Sound - HDTV - DVD-R, CD-R, CD-RW",Audiovox,$279.99,286
B:204297424,Buy,Garmin Portable Friction Mount,Garmin 010-10908-00 Portable Friction Mount,Garmin,,418
B:204318283,Buy,Weber Genesis S-320 3780001 60' Freestanding Gas Grill,,Weber,,212
B:204318286,Buy,Weber Genesis Series E-310 3841001 60' Freestanding Gas Grill with 637 sq. in. Cooking Surface & 3 Stainless Steel Burners: Black Natural Gas,,Weber,$679.61,247
B:204318288,Buy,"Weber Genesis S-320 3880001 60' Freestanding Gas Grill with 637 sq. in. Cooking Surface, 3 Stainless Steel Burners, Flush-Mounted Side Burner & Stainless Steel Shroud: Natural Gas",,Weber,$754.29,213
B:204327516,Buy,Sony NP-FH100 Lithium Ion Camcorder Battery - NPFH100,Lithium Ion (Li-Ion) - 8.4V DC - Photo Battery,Sony,,244
B:204345240,Buy,PANASONIC 2GB SD CARD PROHISPD 20 MB/SEC - RP-SDV02GU1A,,,$11.99,338
B:204348269,Buy,"Case Logic 10' In-Car DVD Player Case - 11' x 9.25' x 4' - Nylon, Koskin - Black (Black)",,Case Logic,$18.98,1068
B:204363358,Buy,SONY STEREO BLUETOOTH HEADSET *NIC* - TMRBT10/TMRBT10A,,,$41.99,374
B:204389692,Buy,PANASONIC 4GB SDHC CARD CLASS 6 20 MB/SEC*NIC* - RP-SDV04GU1K,,,$23.12,1045
B:204407682,Buy,Transcend 8GB Secure Digital High Capacity (SDHC) Card - Class 6 - TS8GSDHC6,Transcend 8GB SDHC Secure Digital High Capacity Card,TRANSCEND INFORMATION,$11.45,834
B:204416098,Buy,Garmin Lightweight GPS Case - 010-10704-00,Clam Shell,Garmin,,173
B:204419878,Buy,Panasonic KX-TG6702B Cordless Telephone - KX-TG6702B,Panasonic 5.8GHz 2 Line Expandable Phone With Extra Handset,Panasonic,$159.92,250
B:204443417,Buy,Olympus PS-BLS1 Lithium Ion Digital Camera Battery - 260236,Lithium Ion (Li-Ion) - Photo Battery,Olympus,,261
B:204448530,Buy,Sony Noise Cancelling Earphone - MDRNC22/BLK,- Black,Sony,,240
B:204465488,Buy,GN Jabra BT5010 Wireless Earset,Jabra BT5010 Bluetooth Headset,Jabra,$26.37,376
B:204505951,Buy,Olympus DS-40 512MB Digital Voice Recorder - 141910,512MB Flash Memory - LCD - Portable,Olympus,$110.24,323
B:204519849,Buy,Panasonic NN-SD377S 0.8 cu.ft. 800 WATT Microwave Oven,,Panasonic,,266
B:204549804,Buy,Netgear ProSafe GS724TP 24 Port Smart Switch with PoE - GS724TP-100NAS,"22 x 10/100/1000Base-T LAN, 2 x 10/100/1000Base-T LAN",Netgear,,288
B:204556588,Buy,D-Link DWA-130 Wireless N USB Adapter,,D-Link,,557
B:204558176,Buy,TOMTOM ONE XL Additional Mount Kit - 9S00.006,,Tom Tom,$29.95,505
B:204559208,Buy,Panasonic NNSD667S 1.2 cu. ft. Countertop Microwave Oven In Stainless Steel,,Panasonic,,270
B:204559209,Buy,Panasonic NNSD767S 1.6 cu. ft. Stainless Steel Countertop Microwave Oven,,Panasonic,,289
B:204559210,Buy,Panasonic NNSD797S 1.6 cu. ft. Genius Prestige Inverter Stainless Steel Microwave Oven,,Panasonic,,308
B:204559211,Buy,Panasonic 2.2 cu. ft. Stainless Steel Luxury Full Size Countertop Microwave Oven - NNSD967SS,,Panasonic,,268
B:204559213,Buy,Panasonic NNSN667B 1.2 cu. ft. Countertop Microwave Oven In Black,,Panasonic,$108.63,267
B:204559214,Buy,Panasonic NNSN667W 1.2 cu. ft. Countertop Microwave Oven In White,,Panasonic,$107.81,269
B:204563763,Buy,Sony SLVD380P DVD/VCR Combo,"VHS, DVD-R, CD-R - DVD Video, MP3 Playback - Progressive Scan",Sony,,252
B:204563770,Buy,Sony DVPNS57P DVD Player - DVPNS57PB,"DVD+RW, DVD-RW, DVD+R, DVD-R, CD-RW - DVD Video, SVCD, Video CD, JPEG, MP3 Playback - 1 Disc(s) - Progressive Scan - Black",Sony,$39.00,230
B:204563949,Buy,Pioneer CD-R55 Wireless Remote for Avic-D3/4900DVD - CDR55,,Pioneer,$14.05,421
B:204569292,Buy,Whirlpool Duet Sport 27'' Electric Dryer - WED8300SWH 6.7 Cubic Foot Capacity,,Whirlpool,$673.29,140
B:204569335,Buy,Frigidaire 27'' Electric Stack Washer Dryer Combo - FEX831WH Extra-Large Capacity Wash Tub,,Frigidaire,$895.39,51
B:204587803,Buy,Nikon 18-200mm 3.5-5.6 G ED DX AFS VR Zoom Wide Angle Nikkor Lens - Niko_215930348,,Nikon,$629.00,111
B:204587909,Buy,Universal Remote Control MRF-350 Addressable Narrow Band RF Base Station with RFX-250 Antenna,,"UNIVERSAL REMOTE CONTROL, INC",$174.72,186
B:204587960,Buy,Nikon EN-EL10 No-Mem Lithium-Ion Camera Battery - 25752,Lithium Ion (Li-Ion) - 3.7V DC - Photo Battery,Nikon,$21.26,1048
B:204587971,Buy,Nikon 55-200mm f/4-5.6G ED IF AF-S DX VR Zoom Telephoto Nikkor Lens - Niko_216687518,,Nikon,$189.95,360
B:204588748,Buy,Kensington ComboSaver Ultra Notebook Lock - K64516US,Combosaver Ultra Combination Notebook Lock,Kensington,,963
B:204636071,Buy,Hoover Company #U5140900 Wide Path Bag Up Vac,,HOOVER COMPANY,,136
B:204644752,Buy,Electrolux Homecare #EL012A Electro H12 Hepa Filter,,ELECTROLUX HOMECARE PRODUCTS,,223
B:204647332,Buy,iRobot Roomba Scooba Robot Floor Washer,,ROBOT,,1024
B:204679142,Buy,Canon Speedlite 580EX II Flash Light - 1946B002,"TTL, E-TTL",Canon,,273
B:204679144,Buy,Altec Lansing inMotion iM600 Portable Audio Speaker System - IM600,,Altec Lansing,,265
B:204734549,Buy,Canon FAX-JX200 Fax Machine - 1735B002AA,Monochrome Copier - 1.33 cpm Mono - Inkjet,Canon,,239
B:204736197,Buy,Canon PG-40 Twin Pack Black Ink Cartridge - 0615B013,Black,Canon,,666
B:204740188,Buy,Logitech V220 Cordless Optical Mouse for Notebooks - 910-000153,,Logitech,,968
B:204740191,Buy,Yamaha NX-U10 USB Powered Stereo Speaker - NX-U10SL,2.0-channel - Silver,Yamaha,,238
B:204740975,Buy,LaCie Big Disk Ethernet Network Storage Server - 301239U,LaCie Ethernet Big Disk 2TB USB 2.0 16MB 7200RPM Network Attached Storage,LACIE,,851
B:204787744,Buy,Tivo 80 Hour DVR Recorder,,TiVo,,125
B:204787746,Buy,Tvio Wireless USB Network Adpator,,TiVo,,121
B:204787802,Buy,Plantronics Voyager 510 Bluetooth Headset,,Plantronics,,123
B:204791586,Buy,Kenwood iPod Direct Cable - kcaip200,"1 x Proprietary - 1 x Mini-phone Stereo, 1 x Type A",Kenwood,$19.72,215
B:204791643,Buy,Kenwood iPod-Video Direct Adapter - KCAiP300V,"Proprietary Male to Type A Male USB, 2 x Mini-phone Male - 4.92ft",Kenwood,$26.00,216
B:204792876,Buy,"LG Electronics LSC21943ST 21.0 cu. ft. Counter-Depth Side-by-Side Refrigerator with 3 Spill-Protector Glass Shelves, SpacePlus Ice System, Digital LED Display and CustomCube Automatic Ice Maker",,LG Electronics,,300
B:204792884,Buy,LG Electronics DLE2516W 27' Electric Dryer,,LG Electronics,,296
B:204792885,Buy,"LG Electronics DLG2526W 27' Gas Dryer with 7.0 cu. ft. Capacity, 5 Dry Programs, 5 Temperature Controls, 5 Drying Levels and Sensor Dry System",,LG Electronics,,271
B:204792886,Buy,"LG Electronics WM2016CW 27' Front-Load Washer with 3.5 cu. ft. Capacity, 5 Wash Programs, 5 Temperature Levels, 1050 RPM Maximum and SenseClean System",,LG Electronics,$699.00,272
B:204793090,Buy,Computer Speakers - SRSA212/BLK,,Sony,$22.53,278
B:204793355,Buy,Sony MDR-Q68LW Stereo Earphone - MDRQ68LW,- Stereo,Sony,$19.05,287
B:204793356,Buy,Sony SRS-BTM30 Wireless Stereo Bluetooth Speaker - SRSBTM30,,Sony,,638
B:204822679,Buy,Logitech Digital Precision PC Gaming Headset - 981-000040,Logitech Digital Precision PC Headset,Logitech,$31.99,1073
B:204823067,Buy,Logitech QuickCam Pro 9000 Webcam - 960-000048,Logitech QuickCam Pro 9000,Logitech,,1065
B:204832843,Buy,Sirius SCC1 Universal Vehicle Tuner,,Sirius,$64.72,414
B:204849801,Buy,Audiovox XMCK5P EXPRESSEZ Satellite Radio - XMCK5P,Audiovox Xpress EZ XM Radio Receiver with Vehicle Kit,Audiovox,,330
B:204860316,Buy,Audiovox Xpress R XM Radio Receiver with Vehicle Kit XMCK20P,,Audiovox,$76.42,331
B:204884519,Buy,Monster Cable iFreePlay Cordless Headphone - AI SH HPHONE,Connectivity: Wireless - Stereo - Behind-the-neck,Monster Cable,,291
B:204937142,Buy,LaCie Big Disk Extreme+ Hard Drive - 301199U,LaCie Big Disk Extreme 1TB Hard Drive - Triple Interface (USB 2.0 & FireWire 400/800) External Hard Drive,LACIE,,312
B:204939361,Buy,Audiovox Satellite Radio Tuner,TERK XMRVRFM002 CommanderMT Universal In-Car XM Receiver,Xm,,332
B:205074375,Buy,Sirius 14230 50-FT ANTENNA EXTENSION CABLE - DEI14230,,Sirius Products,,785
B:205074757,Buy,Logitech Cordless Desktop Wave - 920-000264,,Logitech,,1071
B:205083947,Buy,Uniden DECT 6.0 1.9GHz Cordless Phone - DECT2080-2,1 x Phone Line(s),Uniden,$46.72,336
B:205083968,Buy,UNIDEN DCX200 DECT 6.0 Accessory Handset & Charger,,Uniden,,390
B:205106045,Buy,Sharp 1100 Watt Over the Counter Microwave,,Sharp,,290
B:205106048,Buy,Garmin Suction cup mount/12-volt adapter kit - 010-10979-00,Navigator Starter Kit,Garmin,,420
B:205121310,Buy,Sony PSP Core System (Piano Black) (Slim Model with AV Video Out Port) - 98510,,Sony,,320
B:205131849,Buy,Unreal Tournament III - 26991,,TREE DIMENSIONS MFG,,380
B:205144562,Buy,TiVo HD Digital Video Recorder - Up to 20 Hours in HD! - TCD652160,,TiVo,$259.99,305
B:205145879,Buy,Nikon Digital Camera Leather Case - 5811,Leather - Black,Nikon,$7.99,274
B:205466519,Buy,Logitech V470 Cordless Laser Mouse for Notebooks - 910-000298,Logitech V470 Bluetooth Notebook Mouse - Blue,Logitech,,402
B:205467942,Buy,Sony VRDMC5 Digital Video Recorder,"DVD+RW, DVD-RW, DVD+R, Memory Stick, Memory Stick Duo, Secure Digital (SD) Card, xD-Picture Card, CompactFlash (CF) - DVD Video, MP3 - 1 Disc - 12Hour Recording",Sony,$166.29,310
B:205505156,Buy,Logitech MX Air Rechargeable Cordless Air Mouse - 931633-0403,Laser - USB,Logitech,,972
B:205516750,Buy,Monster Cable iCable A IC MINI IP-3 S Audio Stereo Cable - 123870,1 x Mini-phone Stereo - 1 x Mini-phone Stereo - 3ft,Monster,,489
B:205520997,Buy,Bracketron iPod Docking Kit,Bracketron IPM-202-BL Pro Series iPod Docking Kit,Bracketron,$4.65,517
B:205521002,Buy,Bracketron Nav-Mat Portable GPS Dash Mount - UFM-100-BL,Bracketron Nav-Mat - Portable GPS Dash Mount,Bracketron,,516
B:205554287,Buy,233XSGG - Skagen,,,$70.00,339
B:205554724,Buy,Seiko SXDA04,,,$138.00,340
B:205557530,Buy,Canon PIXMA MX310 Multifunction Photo Printer - 2184B002,"Canon PIXMA MX310 Office All-in-One Printer, Scanner, Copier and Fax with High-Speed Auto Document Feeder",Canon,$89.99,348
B:205557539,Buy,Canon PIXMA MX700 Multifunction Photo Printer - 2186B002,Canon Pixma MX700 Office All-in-One Printer,Canon,,363
B:205557540,Buy,Canon CanonScan 8800F Flatbed Scanner - 2168B002,Canon CanoScan 8800F,Canon,$235.50,341
B:205561996,Buy,Peerless SmartMount 700 Series Articulating Wall Arm,Peerless SA745PU - Articulating Wall Arm for 32' to 45' LCD and Plasma Screens - Piano Black,Peerless,,554
B:205562000,Buy,Peerless SmartMount 700 Series Articulating Wall Arm,Peerless SA750PU - Articulating Wall Arm for 32' to 50' LCD and Plasma Screens - Piano Black,Peerless,,446
B:205567912,Buy,Belkin Orange Cushtop,,Belkin,,586
B:205592435,Buy,Sony LCS-TWA/R Cyber-shot Camera Case,Top Loading - Leather - Red,Sony,$27.92,241
B:205592439,Buy,Sony LCS-TWA/B Cyber-shot Camera Case - LCSTWA/B,Top Loading - Leather - Black,Sony,$34.00,251
B:205593354,Buy,Denon AVR-3808CI A/V Receiver - AVR3808CI,"Dolby Pro Logic IIx, Dolby Digital Surround, DTS-ES, DTS Neo:6, DTS 96/24, Neural SurroundFM, AM, XM",Denon,"$1,698.00",315
B:205593367,Buy,Denon AVR-4308CI A/V Receiver - AVR4308CI,"Dolby Pro Logic IIx, Dolby Digital Surround, DTS-ES, DTS Neo:6, DTS 96/24, Neural SurroundFM, AM, XM",Denon,"$1,849.77",314
B:205599984,Buy,Canon EOS 40D Digital SLR Camera - 1901B004,Canon EOS 40D 10 Megapixel Digital SLR Camera - Body Only,Canon,$849.95,342
B:205599985,Buy,Canon EOS 40D Digital SLR Camera with EF 28-135mm f/3.5-5.6 IS USM Lens - 1901B017,Canon EOS 40D Digital SLR Camera with 28-135mm Lens,Canon,"$1,029.88",345
B:205664913,Buy,GE 24775 Amplified Quantum HDTV Antenna,,GE,,398
B:205664938,Buy,Canon PSC-1000 Semi-Hard Leather Case - 2350B001,Leather - Burgundy,Canon,$16.97,804
B:205664963,Buy,"LG 7.3 cu.ft. Front Control, ST Drum,Chrome Door Trim (Pearl Gray)",,LG Electronics,,298
B:205664964,Buy,LG Electric Dryer with 9 Drying Programs,,LG Electronics,,299
B:205664966,Buy,LG XL Capacity Electric Dryer,,LG Electronics,,297
B:205664972,Buy,LG 3.8 Cu. Ft. 7-Cycle Extra-Large Capacity Washer - White,,LG Electronics,,301
B:205664973,Buy,LG 4.0 cu. ft. Capacity Front Load Washer w/ Sanitary cycle,,LG Electronics,,302
B:205665803,Buy,Tivo TIV652160 Tivo High Definition,,TiVo,,305
B:205690063,Buy,Nintendo DS Lite (Crimson & Black) - USGSRMKB,,Nintendo Of America,,951
B:205691190,Buy,Sony MDREX81LP Comfort Fit Ear Hanger Headphones- Choose Color (Black),,Sony,,818
B:205728900,Buy,LaCie Little Disk Hard Drive - 301278,LaCie Little Disk 250GB USB 2.0 5400RPM Portable External Hard Drive,LACIE,$79.99,861
B:205729817,Buy,Apple iPod Shuffle 1GB MP3 Player - MB226LL/A,1GB Flash Memory - Silver,Apple,,326
B:205753566,Buy,Speck Products ToughSkin for iPod classic - IC-BLK-TS,Rubber - Black,Speck Products,$12.95,357
B:205761272,Buy,Sony Universal Remote Control - RM-EZ4,"TV, Cable Box - Universal Remote",Sony,$12.72,353
B:205761530,Buy,Klipsch RoomGroove Wireless iPod Speaker System - 1006602,Black,Klipsch,$199.99,393
B:205769439,Buy,Sony 2GB Memory Stick Micro (M2) - MSA2GD,2 GB,Sony,,783
B:205777541,Buy,Universal Remote Control MRF-260 Barrier-Free Addressable RF Base Station,,"UNIVERSAL REMOTE CONTROL, INC",$86.25,346
B:205777549,Buy,Transcend 2GB CompactFlash Card (133x) - TS2GCF133,,TRANSCEND INFORMATION,,477
B:205809367,Buy,Sony HDMI Mini Cable - VMC30MHD,1 x Mini Type C HDMI - 1 x Type A HDMI - 10ft,Sony,$36.95,384
B:205817166,Buy,Linksys Ultra RangePlus Dual Band Wireless-N PC Card - WPC600N,PC Card,LINKSYS,$44.08,1014
B:205817784,Buy,Klipsch Groove PM20 Computer Speakers - 1007596,Groove PM20 Computer Speakers,Klipsch,,599
B:205835447,Buy,Sony High Definition HDMI to Mini-HDMI Cable - VMC15MHD,1 x HDMI - 1 x mini-HDMI - 4.92ft,Sony,$26.95,347
B:205838157,Buy,Canon PSC-85 Deluxe Soft Case for the Powershot-A650 IS and A720 IS - 2595B002(AA),,Canon,$8.77,805
B:205844265,Buy,Sony InfoLITHIUM D-Type NP-FD1 Digital Camera Battery - NPFD1,Lithium Ion (Li-Ion) - 4.2V DC - Photo Battery,Sony,$41.72,364
B:205844279,Buy,Sony LCJ-THC/B Jacket Case with Stylus - LCJ-THC/W,Leather - White,Sony,$35.08,350
B:205844282,Buy,Sony LCS-CSJ Soft Camera Case - LCSCSJ,Top Loading - Polyamide - Black,Sony,,225
B:205844283,Buy,Sony LCS-CSQ Soft Cyber-shot Camera Case - LCSCSQ/B,Top Loading - Polyamide - Black,Sony,,226
B:205852250,Buy,Peerless SS550P Flat Panel TV Stand,Glass - Black,Peerless,,1054
B:205852387,Buy,Sony LFV30 Network Media Player,"Ethernet, Wi-Fi",Sony,$172.47,343
B:205865183,Buy,Transcend 4GB CompactFlash Card (133x) - TS4GCF133,Transcend 4GB CompactFlash Memory Card (133x),TRANSCEND INFORMATION,,453
B:205865187,Buy,Transcend 8GB Compact Flash Card (133x) - TS8GCF133,Transcend 8GB CompactFlash Card (133x),TRANSCEND INFORMATION,,1026
B:205886768,Buy,PlayStation 3 Charging Dock for PS3 Wireless Controllers by Nyko - 83053,,Nyko Technologies,$21.05,584
B:205888207,Buy,Microsoft Office:mac 2008 Home and Student Edition - GZA-00006,Office Mac Home & Student 2008,Microsoft,,411
B:205985716,Buy,LG 27' Front-Load Electric Dryer with 7.3 cu. ft. Capacity,,LG Electronics,,385
B:205985717,Buy,LGs New Electric SteamDryer,,LG Electronics,,387
B:205985718,Buy,The LG Electric SteamDryer,,LG Electronics,,386
B:205985719,Buy,The LG Electric SteamDryer,,LG Electronics,,388
B:205986339,Buy,Garmin Suction Cup Mount - 010-10815-00,,Garmin,$17.40,177
B:206120294,Buy,Contour Showcase Classic for iPod classic 80 GB - SH-CLS80-B02,"Plastic, Rubber - Clear",Contour,,647
B:206160056,Buy,Sony LCS-CSL Cyber-shot Camera Case,Top Loading - Leather - Black,Sony,,253
B:206179521,Buy,Panasonic KX-TGA820B Cordless Handset,Black,Panasonic,$39.76,426
B:206179525,Buy,Panasonic KX-TG8232B Cordless Phone,1 x Phone Line(s) - Black,Panasonic,$79.99,400
B:206179562,Buy,Panasonic PT-AX200U Home Theater Projector,1280 x 720 WXGA - 10.8lb,Panasonic,$999.00,408
B:206181767,Buy,Linksys Media Center Extender - DMA2100,,LINKSYS,,1029
B:206356229,Buy,Sirius Sportster 5 Radio with Vehicle Kit,SIRIUS SP5TK1 Sportster 5 Dock & Play Radio with Car Kit,Sirius,$131.99,369
B:206356230,Buy,SIRIUS SLV2 SIRIUS Stiletto 2 Portable Radio Vehicle Kit,,Sirius,,381
B:206356232,Buy,SIRIUS SL2PK1 SIRIUS Stiletto 2 Portable Radio,,Sirius,$234.99,367
B:206356233,Buy,SIRIUS SLH2 SIRIUS? Stiletto 2 Portable Radio Home Kit,,Sirius,,368
B:206356234,Buy,SIRIUS SRH1000 Polk Audio Designs? Dual Zone Home Tuner,,Sirius,,525
B:206359209,Buy,Griffin iTrip FM Transmitter - 4052-TRPSEB,30ft,Griffin,,758
B:206362623,Buy,Canon PSC-1000 Semi-Hard Leather Case - 2349B001,Canon PSC-1000 Deluxe Grey Leather Case,Canon,$19.99,803
B:206362747,Buy,Polkaudio CSi A4 Black High Performance Center Channel Loudspeaker - AM4415-A,,Polkaudio,$189.47,625
B:206362748,Buy,Polkaudio CSi A4 Cherry High Performance Center Channel Loudspeaker - AM4412-A,,Polkaudio,,626
B:206362749,Buy,Polkaudio CSi A6 Black High Performance Center Channel Loudspeaker - AM6615-A,,Polkaudio,$449.95,627
B:206362873,Buy,Apple Mac mini Desktop - MB138LL/A,"Intel Core 2 Duo T5600 1.83GHz - 1GB DDR2 SDRAM - 80GB - Combo Drive (CD-RW/DVD-ROM) - Bluetooth, Gigabit Ethernet, Wi-Fi - Mac OS X 10.5 Leopard - Small Desktop",Apple,$574.99,311
B:206419131,Buy,Nikon D300 Digital SLR Camera - 25432,12.3 Megapixel - 3' Active Matrix TFT Color LCD,Nikon,"$1,521.09",370
B:206460113,Buy,Yamaha YSP-4000 Digital Sound Projector -- Black - YSP-4000BL,,Yamaha,,319
B:206460118,Buy,Yamaha YST-FSW150 Subwoofer - YST-FSW150BL,Yamaha New shaped subwoofers with Advanced YST II and Down-Firing Active design (130W),Yamaha,,361
B:206460121,Buy,Yamaha YSTFSW100 Subwoofer - YST-FSW100BL,Yamaha YST-FSW100 6.5' 130-Watt Powered Sub-woofer- Black,Yamaha,,105
B:206460124,Buy,Yamaha SPM-K30 Mounting Installation Bracket - SPM-K30,"Wall Mount Bracket for the Yamaha Digital Sound Projectors, models YSP-4000, YSP-3000, YSP-900 and YSP-800",Yamaha,,321
B:206462228,Buy,Linksys RangePlus WRT160N 4-Port Wireless-N Broadband Router - WRT160N,Linksys Ultra RangePlus Wireless-N Broadband Router,LINKSYS,,778
B:206481908,Buy,Logitech Harmony RF Extender - 915-000044,,Logitech,,209
B:206526266,Buy,SIRIUS SCVDOC1 SiriusConnect? Universal Vehicle Kit,,Sirius,,458
B:206575951,Buy,Motorola MOTOROKR T505 Bluetooth In-Car Speakerphone - 89149,,Motorola,,537
B:206576716,Buy,Linksys Wireless-G Internet Video Camera - WVC54GCA,"CMOS - Wireless Wi-Fi, Wireless Wi-Fi, Cable, Cable",LINKSYS,,1018
B:206576717,Buy,Linksys WGA600N Wireless Gaming Adapter,54Mbps,LINKSYS,,1013
B:206615080,Buy,LaCie USB 2.0 External Hard Drive - 301304U,LaCie 1TB USB 2.0 7200RPM Desktop External Hard Drive - Design by Neil Poulton,LACIE,,615
B:206615085,Buy,LaCie USB 2.0 External Hard Drive - 301302U,LaCie 500GB USB 2.0 7200RPM Desktop External Hard Drive - Design by Neil Poulton,LACIE,$86.95,406
B:206639246,Buy,DELONGHI DCF212T 12-Cup Drip Coffee Maker,,DeLonghi,$49.99,366
B:206671732,Buy,Linksys WUSB600N Dual-Band Wireless-NUSB Network Adapter - WUSB600N,Linksys Dual-Band Wireless-N USB Network Adapter,LINKSYS,,1017
B:206678505,Buy,MONSTER A IP FM-CH 250 iCarPlay Wireless 250 FM Transmitter for iPod & iPhone - AIPFM-CH250,,Monster,,822
B:206722262,Buy,Escort X50 Passport 8500 Radar Detector - High Intensity Red Display - 8500X50RED,,Escort,$252.00,23
B:206722263,Buy,Escort new radar gps powered - 9500I,,FSI,$409.99,263
B:206725196,Buy,Cuisinart PSC-400 Cuisinart Programmable Slow Cooker - PSC400,,Cuisinart,$79.95,440
B:206725198,Buy,Cuisinart TOB-195 Cuisinart Exact Heat Convection Toaster Oven Broiler - TOB195,,Cuisinart,$178.99,487
B:206725724,Buy,DeLonghi ESAM3300 Esclusivo Magnifica Super-Automatic Espresso/Coffee Machine,,DeLonghi,$916.55,234
B:206725964,Buy,Sony ADMSCF1 Sony Memory Stick Duo Adapter for CF,,Sony,,999
B:206725966,Buy,Sony VCL-DH1774 Telephoto Lens - VCLDH1774,Black,Sony,,1027
B:206728281,Buy,20' Television CRT - HTR20,,Haier,,303
B:206745972,Buy,Full Size Steam Washer and Dryer Combination with Allergiene Cycle,,LG Electronics,,396
B:206746475,Buy,Nintendo DS Lite (Cobalt Blue and Black) - USGSBMKB,,Nintendo Of America,,945
B:206761808,Buy,Griffin iTrip AutoPilot FM Transmitter - 4046-TRPAUTOC,3 x FM,Griffin,,888
B:206780877,Buy,Logitech Harmony One Advanced Universal Remote Control - 915-000035,Logitech Harmony One Advanced Universal Remote,Logitech,$179.99,553
B:206783256,Buy,LaCie Little Disk Hard Drive - 301829,LaCie 320GB Little Disk USB 2.0 5400RPM Portable External Hard Drive,LACIE,,860
B:206783262,Buy,LaCie d2 Quadra Hard Drive - 301825U,"500GB - 7200rpm - Serial ATA/300, IEEE 1394b, IEEE 1394a, USB 2.0 - External SATA, FireWire, FireWire, USB - External",LACIE,$138.88,654
B:206808430,Buy,Canon VIXIA HV30 High Definition Digital Camcorder - 2680B001,,Canon,$650.99,452
B:206808431,Buy,Canon VIXIA HF100 High Definition Digital Camcorder - 2708B001,Canon VIXIA HF100 High Definition Camcorder,Canon Camcorders,$529.00,449
B:206808432,Buy,Canon DC320 Digital Camcorder - 2691B001,Canon DC320 DVD Digital Camcorder,Canon,$299.99,451
B:206808434,Buy,Canon VIXIA HF10 High Definition Digital Camcorder - 2573B001,Canon VIXIA HF10 High Definition Camcorder,Canon,$638.09,457
B:206808440,Buy,Canon FS10 Digital Camcorder - 2686B001,Canon FS10 Dual Flash Memory Camcorder,Canon Camcorders,$341.72,456
B:206808441,Buy,Canon FS11 Digital Camcorder - 2685B001,Canon FS11 Flash Memory Camcorder,Canon Camcorders,$405.97,455
B:206808445,Buy,Canon FS100 Digital Camera - 2699B001,Canon FS100 Flash Memory Camcorder,Canon Camcorders,$299.95,454
B:206812380,Buy,Sharp AQUOS LC37D44U 37' LCD TV - LC37D44U,Sharp AQUOS LC-37D44U - 37' Widescreen LCD HDTV - 7500:1 Dynamic Contrast Ratio - 6ms Response Time,Sharp,,523
B:206812505,Buy,Toshiba SD-4100 DVD Player,"DVD+RW, DVD-RW, DVD-R, CD-RW - DVD Video, Video CD, SVCD, MP3, JPEG Playback - Progressive Scan",Toshiba,$39.36,427
B:206827757,Buy,Uniden DCX300 DECT 6.0 Accessory Handset and Cradle for the DECT2000 series,,Uniden,,754
B:206854515,Buy,Panasonic KX-TG4323B 5.8 GHz Expandable Digital Cordless Phone,1 x Phone Line(s) - Black,Panasonic,,533
B:206854516,Buy,Panasonic KX-TG4324B 5.8 GHz Expandable Digital Cordless Phone,1 x Phone Line(s) - Black,Panasonic,$78.33,593
B:206854534,Buy,Panasonic KX-TGA630S Cordless Handset,Silver Pearl - Wall-mountable,Panasonic,$28.34,787
B:206870284,Buy,Transcend 16GB JetFlash USB Flash Drive - TS16GJFV10,,TRANSCEND INFORMATION,$30.95,1064
B:206870289,Buy,Transcend 16GB SDHC Card & Compact Card Reader S5 - TS16GSDHC6-S5W,,TRANSCEND INFORMATION,,828
B:206887553,Buy,Samsung TR72B TV Stand,Glass - Black,Samsung,$232.14,277
B:206887905,Buy,Weber Q 320 Gas Grill,,Weber,,727
B:206887992,Buy,Weber Genesis E/S series Rotisserie,,Pioneer,,603
B:206888001,Buy,Weber Cast Iron Griddle for Genesis Silver As and Spirit 500s & Spirit 200 Series,,Weber,,604
B:206888011,Buy,"Weber Cast Iron Griddle for Genesis B,C, 1000 - 5500 & Spirit E & S 300 Series",,Weber,,605
B:206888012,Buy,Weber Premium Cover for Genesis Sivler A Grills & Spirit E-200 Series,,Weber,$29.99,633
B:206892248,Buy,Logitech Cordless Desktop MX 5500 Revolution Keyboard and Mouse - 920-000383,Logitech Cordless Desktop MX 5500 Revolution,Logitech,,1040
B:206892902,Buy,Speck Products SeeThru Case for Apple iMac LCD - IM20-AQU-SEE,Aqua,Speck Products,,621
B:206895864,Buy,Panasonic Palmcorder SDR-H40 Digital Camcorder,"Panasonic SDR-H40 40GB Hard Disk Drive/SD Hybrid Camcorder with 42x Optical Zoom, Optical Image Stabilization, One-Touch DVD Copy, and Anti-Shock Shield",Panasonic,$328.88,597
B:206898357,Buy,Elgato EyeTV 250 Plus TV Tuner - 10020780,Elgato EyeTV 250 Plus Video Converter and TV Tuner for Analog and HDTV Reception,ELGATO SYSTEMS,,492
B:206898358,Buy,Elgato EyeTV Hybrid Analog/Digital TV Tuner Stick - 10020630,Elgato EyeTV Hybrid TV Tuner Stick for Analog and HDTV Reception - USB,ELGATO SYSTEMS,,493
B:206901613,Buy,15in Lcd/dvd Tv Combo - HLC15R,,Haier,,759
B:206901618,Buy,13in Crt Tv W/atsc Tuner - HTR13,,Haier,$105.62,283
B:206901619,Buy,13in Crt Tv/dvd Combo - TCR13,,Haier,,378
B:206901652,Buy,Griffin RoadTrip with SmartScan FM Transmitter - 4040-RDTRPB,,Griffin,,807
B:206917814,Buy,Nikon Coolpix S550 Digital Camera - Plum - 26110,10 Megapixel - 16:9 - 4x Digital Zoom - 2.5' Active Matrix TFT Color LCD,Nikon,,520
B:206917815,Buy,Nikon Coolpix S550 Digital Camera - Graphite Black - 26108,10 Megapixel - 16:9 - 4x Digital Zoom - 2.5' Active Matrix TFT Color LCD,Nikon,$168.72,519
B:206917816,Buy,Nikon Coolpix S210 Digital Camera - Plum - 26103,"Nikon COOLPIX S210 8 Megapixel Digital Camera with 3x Optical Zoom-NIKKOR, ISO2000, 2.5' LCD & VR Image Stabilization - Plum",Nikon,$118.72,521
B:206917817,Buy,Nikon Coolpix S550 Digital Camera - Cool Blue - 26109,10 Megapixel - 16:9 - 4x Digital Zoom - 2.5' Active Matrix TFT Color LCD,Nikon,$169.95,518
B:206928359,Buy,Garmin Adjustable Vehicle Suction Cup - 010-10823-03,,Garmin,$7.22,764
B:206928378,Buy,Canon PIXMA iP2600 Inkjet Photo Printer - 2435B002,,Canon,,887
B:206928380,Buy,Canon PowerShot A590 IS Digital Camera - 2462B001,"Canon PowerShot A590 IS 8 Megapixels, 4x Optical Zoom, 2.5' LCD, ISO 1600 Digital Camera",Canon,,488
B:206928384,Buy,Canon PowerShot SD1100 IS Digital ELPH Camera - Swing Silver - 2508B001,"Canon PowerShot SD1100 IS 8 Megapixels, ISO 1600, 3x Optical Zoom Digital Camera - Swing Silver",Canon,,485
B:206928388,Buy,Canon PowerShot SD1100 IS Digital ELPH Camera - Melody Pink - 2509B001,"Canon PowerShot SD1100 IS 8 Megapixels, ISO 1600, 3x Optical Zoom Digital Camera - Pink Melody",Canon,,992
B:206928390,Buy,Canon PowerShot SD1100 IS Digital ELPH Camera - Rhythm & Blue - 2512B001,"Canon PowerShot SD1100 IS 8 Megapixels, ISO 1600, 3x Optical Zoom Digital Camera - Rhythm & Blue",Canon,,486
B:206928452,Buy,Belkin Neoprene Sleeve for MacBook Air - Neoprene - Black,,Belkin,,598
B:206928604,Buy,Toshiba D-R410 DVD Player/Recorder,Toshiba D-R410 - DVD Recorder w/ 1080p Upconversion,Toshiba,,524
B:206928605,Buy,Toshiba D-VR610 DVD VCR Combo,Toshiba D-VR610 - DVD Recorder/VCR Combo,Toshiba,,513
B:206928606,Buy,Toshiba D-R560 DVD Player/Recorder,Toshiba D-R560 - DVD Recorder w/ Built in Digital Tuner,Toshiba,,512
B:206928607,Buy,Toshiba D-VR660 DVD/VCR Combo,Toshiba D-VR660 DVD Recorder/VCR Combo w/ Built-In Digital Tuner,Toshiba,,514
B:206928608,Buy,Toshiba SD-6100 DVD Player,Toshiba SD-6100 - DVD Player w/ 1080p Upconversion,Toshiba,,511
B:206928744,Buy,Canon PIXMA MX850 Multifunction Photo Printer - 2436B002,Canon PIXMA MX850 Office All-In-One Printer,Canon,,484
B:207338879,Buy,Sony Mylo COM-2 Personal Communicator - Black - COM2BLACK,,Sony,,405
B:207338890,Buy,Sharp AQUOS LC-32D64U 32' LCD TV,"32' - Active Matrix TFT - ATSC, NTSC - 135 Channels - 1920 x 1080 - HDTV",Sharp,,501
B:207338961,Buy,Sony Handycam HDR-SR11 High Definition Digital Camcorder - HDRSR11,16:9 - 3.2' Color LCD,Sony,$666.41,439
B:207383660,Buy,Plantronics .Audio 920 Wireless Earset - 78592-01,PLANTRONICS 920 .AUDIO DIGITAL USB PC HEADSET,Plantronics,,698
B:207388752,Buy,Panasonic Viera TH-50PX80U 50' Plasma TV,"50' - ATSC, NTSC - 16:9 - 1366 x 768 - Surround - HDTV",Panasonic,,497
B:207388754,Buy,Panasonic Viera TH-42PZ85U 42' Plasma TV,"42' - ATSC, NTSC - 16:9 - 1920 x 1080 - Surround - HDTV",Panasonic,,502
B:207388755,Buy,Panasonic VIERA TH-50PZ85U 50' Plasma TV,"50' - ATSC, NTSC - 16:9 - 1920 x 1080 - HDTV",Panasonic,"$1,499.00",504
B:207388756,Buy,Panasonic Viera TH-46PZ85U 46' Plasma TV,"46' - ATSC, NTSC - 16:9 - 1920 x 1080 - Surround - HDTV",Panasonic,"$1,149.99",503
B:207388757,Buy,"Panasonic TH-42PZ80U - 42' Widescreen 1080p Plasma HDTV - 1,000,000:1 Dynamic Contrast Ratio",,Panasonic,$845.48,498
B:207388758,Buy,Panasonic Viera TH-50PZ80U 50' Plasma TV,"50' - ATSC, NTSC - 16:9 - 1920 x 1080 - Surround - HDTV",Panasonic,"$1,364.96",500
B:207388759,Buy,Panasonic Viera TH-46PZ80U 46' Plasma TV,"46' - ATSC, NTSC - 16:9 - 1920 x 1080 - Surround - HDTV",Panasonic,"$1,249.94",499
B:207388760,Buy,Panasonic Viera TH-42PX80U 42' Plasma TV,"42' - ATSC, NTSC - 16:9 - 1024 x 768 - Surround - HDTV",Panasonic,$749.00,495
B:207390171,Buy,Sony RDRVXD655 DVD/VCR Combo,"S-VHS, VHS, DVD+RW, DVD-RW, DVD+R, DVD-R, DVD-RAM, CD-RW - DVD Video, Video CD, SVCD, CD-DA, JPEG, MP3, SQPB Playback - 1 Disc(s) - Progressive Scan - 14.46Hour Recording",Sony,$261.96,325
B:207390180,Buy,polkaudio PSW Series PSW110 Powered Subwoofer,Woofer - Cable,Polk Audio,$249.95,631
B:207390184,Buy,Panasonic Lithium Ion Camcorder Battery - VW-VBG130,Lithium Ion (Li-Ion) - 7.2V DC - Photo Battery,Panasonic,$56.69,934
B:207390309,Buy,Bose Lifestyle 48 Home Theater System - 43479,"DVD Player, 5.1 Speakers - Progressive Scan - White",BOSE,"$3,999.00",324
B:207390452,Buy,Polk Audio RM705 Black 5.1 Channel Home Theater System - RM 705,,Polk Audio,$398.72,629
B:207390496,Buy,OmniMount Ultra Low Profile ULPT-L Flat Panel Wall Mount - ULPT-L A,200 lb - Anthracite,"OMNIMOUNT SYSTEMS, INC",$278.95,1070
B:207390502,Buy,Sony HESV1000 Blu-ray Player/Recorder,"DVD+RW, DVD-RW, BD-RE, CD-RW, xD-Picture Card, CompactFlash (CF), Secure Digital (SD), Mini Secure Digital (miniSD), Memory Stick, Memory Stick Duo, Memory Stick PRO - BD Video, DVD Video, JPEG, MP3, CD-DA, MPE",Sony,,335
B:207390506,Buy,Denon S32 Network Ready Table-Top Stereo System - Deno_S-3289349,,Denon,$360.99,382
B:207390507,Buy,Denon DVD-2500BTCI Blu-ray Disc Player,"BD-R, DVD-RW, CD-RW, Secure Digital (SD), Mini Secure Digital (miniSD) - BD Video, DVD Video, CD-DA, MP3, WMA, JPEG, DivX 6, LPCM Playback - Progressive Scan",Denon,$655.97,606
B:207390617,Buy,Sony Cyber-shot DSC-W120 Digital Camera - Pink - DSCW120/P,16:9 - 2x Digital Zoom - 2.5' Active Matrix TFT Color LCD,Sony,$109.99,444
B:207390618,Buy,Sony Cyber-shot DSC-T300 Digital Camera - Black - DSCT300/B,10.1 Megapixel - 16:9 - 2x Digital Zoom - 3.5' Active Matrix TFT Color LCD,Sony,$273.95,897
B:207390641,Buy,Sharp AQUOS LC-52SE94U 52' LCD TV,"52' - Active Matrix TFT - ATSC, NTSC - 16:9 - 1920 x 1080 - HDTV",Sharp,"$2,049.99",459
B:207390644,Buy,Sony Handycam DCR-HC52 Digital Camcorder - DCRHC52,16:9 - 2.5' Color LCD,Sony,$229.00,463
B:207390650,Buy,Sony Handycam DCR-SR45 Digital Camcorder - DCRSR45,16:9 - 2.7' Hybrid LCD,Sony,$304.99,465
B:207390652,Buy,Sony Handycam DCR-SR85 Digital Camcorder - DCRSR85,16:9 - 2.7' Hybrid LCD,Sony,$375.80,468
B:207390654,Buy,Sony Handycam HDR-SR10 High Definition Digital Camcorder - HDRSR10,16:9 - 2.7' Hybrid LCD,Sony,$549.00,438
B:207390655,Buy,Sony Handycam HDR-SR12 High Definition Digital Camcorder - HDRSR12,16:9 - 3.2' Color LCD,Sony,$869.00,441
B:207390656,Buy,Sony Handycam HDR-HC9 High Definition Digital Camcorder - HDRHC9,16:9 - 2.7' Color LCD,Sony,$824.95,442
B:207390665,Buy,Sony alpha DSLR-A200 Digital SLR Camera with Dual Lens Kit - DSLRA200W,10.2 Megapixel - 2.7' Active Matrix TFT Color LCD,Sony DSLR,$699.00,573
B:207390671,Buy,Canon BP-808 Lithium Ion Camcorder Battery Pack - 2740B002,Lithium Ion (Li-Ion) - Photo Battery,Canon,$51.84,1004
B:207390673,Buy,Panasonic Lumix DMC-TZ5 Digital Camera - Black,"Panasonic Lumix DMC-TZ5K 9 Megapixel Digital Camera with 28mm Wide-Angle Lens, 10x Optical Zoom, 3' LCD and HD Output - Black",Panasonic,,595
B:207390682,Buy,Sony LCS-X20 Camcorder Case - LCSX20,"Nylon, Polyamide - Black",Sony,,574
B:207390706,Buy,Sony alpha DSLR-A300 Digital SLR Camera with 18-70mm Zoom Lens - Black - DSLRA300K,10.2 Megapixel - 3.9x Optical Zoom - 2.7' Active Matrix TFT Color LCD,Sony,$599.00,622
B:207390709,Buy,Sony alpha DSLR-A350 Digital SLR Camera - DSLRA350,14.2 Megapixel - 16:9 - 2.7' Active Matrix TFT Color LCD,Sony DSLR,$594.73,882
B:207390710,Buy,Sony alpha DSLR-A350K Digital SLR Camera with 18-70mm Zoom Lens - Black - DSLRA350K,14.2 Megapixel - 3.9x Optical Zoom - 2.7' Active Matrix TFT Color LCD,Sony,$686.24,667
B:207390717,Buy,Sharp AQUOS LC-37D64U 37' LCD TV,"37' - Active Matrix TFT - NTSC, ATSC - 16:9 - 1920 x 1080 - HDTV",Sharp,$880.72,559
B:207391013,Buy,Toshiba 22LV505 - 22' Widescreen LCD HDTV w/ Built-in DVD Player - 1000:1 Contrast Ratio - 5ms Response Time - Black,,Toshiba,,539
B:207391014,Buy,Toshiba 19LV506 - 19' Widescreen LCD HDTV w/ Built-in DVD Player - 800:1 Contrast Ratio - 5ms Response Time - White,,Toshiba,,515
B:207391015,Buy,Toshiba 19LV505 - 19' Widescreen LCD HDTV w/ Built-in DVD Player - 800:1 Contrast Ratio - 5ms Response Time,,Toshiba,,509
B:207391017,Buy,Toshiba SD-P101S Portable DVD Player - SDP101S,Toshiba SD-P101S - 10.2' Portable DVD Player - DiVx Compatible,Toshiba,,546
B:207391018,Buy,Panasonic DVD-LS83 Portable DVD Player,"8.5' LCD - DVD+RW, DVD-RW, DVD-RAM, DVD+R, DVD-R, CD-RW - DVD Video, CD-DA, MP3, JPEG, MPEG-4, DivX, WMA, Video CD, SVCD, HighMAT Playback",Panasonic,$148.69,549
B:207391019,Buy,Panasonic DVD-LS86 Portable DVD Player,"8.5' LCD - DVD+RW, DVD-RW, DVD-RAM, DVD-R, DVD+R, CD-RW - CD-DA, MP3, WMA, JPEG, MPEG-4, DivX, Video CD, SVCD, HighMAT, DVD Video Playback",Panasonic,$164.12,547
B:207391020,Buy,Panasonic DMR-EA18K DVD Player/Recorder,"DVD+RW, DVD-RW, DVD-RAM, DVD-R, DVD+R, CD-RW, Secure Digital (SD) - DVD Video, CD-DA, MP3, JPEG, DivX, MPEG-2, PCM Playback - Progressive Scan - 14.33Hour Recording",Panasonic,,556
B:207391021,Buy,Panasonic DMR-EZ28K DVD Player/Recorder,"DVD+RW, DVD-RW, DVD-RAM, DVD+R, DVD-R, CD-RW, Secure Digital (SD) - DVD Video, CD-DA, MP3, JPEG, DivX, PCM, MPEG-2 Playback - Progressive Scan - 14.33Hour Recording",Panasonic,,555
B:207391022,Buy,Panasonic DMR-EA38VK DVD/VCR Combo,"DVD+RW, DVD-RW, DVD-RAM, DVD-R, DVD+R, CD-RW, VHS, Secure Digital (SD) Card - DVD Video, CD-DA, MP3, JPEG, DivX, SQPB, MPEG-2, PCM Playback - Progressive Scan - 14.33Hour Recording",Panasonic,,552
B:207391023,Buy,Panasonic DMR-EZ48VK DVD/VCR Combo,"DVD+RW, DVD-RW, DVD-RAM, DVD+R, DVD-R, CD-RW, VHS, Secure Digital (SD) Card - DVD Video, CD-DA, MP3, JPEG, DivX, SQPB, PCM, MPEG-2 Playback - Progressive Scan - 14.33Hour Recording",Panasonic,,551
B:207391431,Buy,Toshiba 19AV500U 19' LCD TV,Toshiba 19AV500U - 19' 720p LCD HDTV w/ Built-in NTSC/ATSC Tuner - Piano Black,Toshiba,,522
B:207391434,Buy,Toshiba 22AV500U 22' LCD TV,Toshiba 22AV500U - 22' 720p LCD HDTV w/ Built-in NTSC/ATSC Tuner - Piano Black,Toshiba,$338.99,986
B:207464919,Buy,Yamaha Outdoor NS-AW390 All-Weather Speaker System - NS-AW390WH,2-way Speaker - Cable - White,Yamaha,$79.96,464
B:207464920,Buy,Yamaha Outdoor NS-AW390 All-Weather Speaker System - NS-AW390BL,2-way Speaker - Cable - Black,Yamaha,$78.89,466
B:207464921,Buy,Yamaha NS-AW190 All-Weather Speaker System - NS-AW190BL,2-way Speaker - Cable - Black,Yamaha,$51.72,467
B:207464939,Buy,Samsung NV30 Digital Camera - Silver - EC-NV30ZSBA/US,"Samsung NV30 8 Megapixel Digital Camera with Schneider Lens, Dual Image Stabilization, Smart Touch, and Face Detection - Silver",Samsung,$139.00,788
B:207465587,Buy,Panasonic Lumix DMC-TZ5 Digital Camera - Silver,"Panasonic Lumix DMC-TZ5S 9 Megapixel Digital Camera with 28mm Wide-Angle Lens, 10x Optical Zoom, 3' LCD and HD Output - Silver",Panasonic,,594
B:207465595,Buy,Panasonic Lumix DMC-FS3 Digital Camera - Silver,"Panasonic DMC-FS3S 8 Megapixel Compact Digital Camera with 33mm Lens, 3x Optical Zoom, Intelligent Auto Mode and 2.5' Diagonal Intelligent LCD - Silver",Panasonic,$137.33,980
B:207469300,Buy,Sony VAIO USB Docking Station - VGPUPR1,"4 x USB, 1 x Network, 1 x VGA, 1 x DVI-D, 1 x Microphone, 1 x Headphone, 1 x DC-in",Sony,$142.95,869
B:207502093,Buy,Nikon D60 Digital SLR Camera with AF-S DX Nikkor 18-55mm f/3.5-5.6G VR Lens - 25438,Nikon D60 10 Megapixel Digital SLR Camera with AF-S DX Nikkor 18-55mm f/3.5-5.6G VR Lens - 3x Optical Zoom - 2.5' Active Matrix TFT Color LCD,Nikon,,483
B:207506250,Buy,Panasonic VIERA TC-26LX85 26' LCD TV,"26' - ATSC, NTSC - 16:9 - 1366 x 768 - HDTV",Panasonic,$547.92,506
B:207506251,Buy,Panasonic VIERA TC-32LZ800 32' LCD TV,32' - 16:9 - 1920 x 1080,Panasonic,,755
B:207506253,Buy,Panasonic VIERA TC-37LZ85 37' LCD TV,"37' - ATSC, NTSC - 16:9 - 1920 x 1080 - HDTV",Panasonic,$799.11,507
B:207509842,Buy,Altec Lansing Orbit-MP3 Portable Audio System - IM207,,Altec Lansing,,389
B:207514417,Buy,Peerless PP730 Universal Pivot Wall Arm,25 lb - Black,Peerless,,766
B:207514563,Buy,Sony LCS-MX100 Camcorder Case - LCSMX100,Nylon - Black,Sony,$32.78,592
B:207514566,Buy,Sony Camcorder Case - LCSX30,"Nylon, Polyester",Sony,,611
B:207514567,Buy,Sony VCT-60AV Tripod - VCT60AV,Floor Standing Tripod - 18.9' to 57.6' Height - 6.6 lb Load Capacity,Sony,$69.95,585
B:207514568,Buy,Sony VCT-80AV Tripod - VCT80AV,Floor Standing Tripod - 24.8' to 65.75' Height - 8.8 lb Load Capacity,Sony,,686
B:207527632,Buy,Panasonic Lumix DMC-FS3 Digital Camera - Blue,"Panasonic DMC-FS3A 8 Megapixel Compact Digital Camera with 33mm Lens, 3x Optical Zoom, Intelligent Auto Mode and 2.5' Diagonal Intelligent LCD - Blue",Panasonic,,995
B:207533462,Buy,KENWOOD KCA-SR50 SIRIUS Radio Translator for In-Dash Head Units,,Kenwood,$42.36,362
B:207534895,Buy,Sony 16GB Memory Stick PRO Duo Card (Mark 2) - MSMT16G,16 GB,Sony,$110.99,661
B:207535170,Buy,Garmin nvi 205 Automobile Navigator - 010-00717-40,Garmin nuvi 205 Automobile Navigator - 3.5' Active Matrix TFT Color LCD,Garmin,,767
B:207535265,Buy,Lasonic LTA-260 ATSC Converter Box,,LASONIC,,1067
B:207536225,Buy,Garmin nvi 255W Automobile Navigator - 010-00718-20,"Garmin nuvi 255W 4.3' GPS w/ Text To Speech, Where Am I?",Garmin,$204.99,737
B:207536226,Buy,Garmin nvi 205W Automobile Navigator - 010-00718-40,Garmin nuvi 205W Portable GPS System w/ Preloaded Maps,Garmin,$162.99,768
B:207538225,Buy,Panasonic KX-TG4321B 5.8 GHz Expandable Digital Cordless Phone,1 x Phone Line(s) - Black,Panasonic,,532
B:207539418,Buy,Samsung L200 Digital Camera - Black - EC-L200ZBBA/US,"Samsung L200 10 Megapixel Digital Camera with 2.5 LCD, 3x Optical Zoom, Digital Image Stabilization, Face Detection Function - Black",Samsung,$119.00,786
B:207540310,Buy,"Sony Mylo COM-2 PDA (1GB, Memory Stick Duo) Personal Communicator - COM2WHITE",,Sony,$197.88,404
B:207542597,Buy,Sony Cyber-shot DSC-H10 Digital Camera - Black - DSCH10/B,8.1 Megapixel - 16:9 - 2x Digital Zoom - 3' Active Matrix TFT Color LCD,Sony,$213.72,494
B:207542598,Buy,Sony Cyber-shot DSC-W120 Digital Camera - Silver - DSCW120,16:9 - 2x Digital Zoom - 2.5' Active Matrix TFT Color LCD,Sony,$106.42,443
B:207542599,Buy,Sony DSC-750 Cyber-shot Digital Camera - DSC750,,Sony,$99.72,475
B:207543188,Buy,Panasonic KX-TG9361B Expandable Digital Cordless Phone,1 x Phone Line(s) - Black,Panasonic,$45.04,656
B:207543189,Buy,Panasonic KX-TG9372B Expandable Digital Cordless Phone,1 x Phone Line(s) - Black,Panasonic,$86.54,663
B:207543190,Buy,Panasonic KX-TG9344T Expandable Digital Cordless Phone,1 x Phone Line(s),Panasonic,$116.21,642
B:207543191,Buy,Panasonic KX-TG9343T Cordless Phone,Panasonic KX-TG9343T DECT 6.0 Expandable Digital Cordless Answering System w/3 Handsets,Panasonic,$102.12,643
B:207543192,Buy,Panasonic KX-TG9342T Cordless Phone,"1 x Phone Line(s) - Black, Metallic",Panasonic,,614
B:207543193,Buy,Panasonic KX-TG9341T Cordless Phone,"1 x Phone Line(s) - Black, Metallic",Panasonic,,613
B:207543196,Buy,Panasonic KX-TG9332S DECT 6.0 Expandable Digital Cordless Phone,1 x Phone Line(s) - Silver,Panasonic,,747
B:207543197,Buy,Panasonic KX-TG9333T Cordless Phone - KX-TG9333T,Panasonic DECT 6.0 1.9GHz Expandable Cordless Phone with Digital Answering System,Panasonic,,534
B:207543198,Buy,Panasonic KX-TG9332T Cordless Phone,"1 x Phone Line(s) - Black, Metallic",Panasonic,,664
B:207543201,Buy,Panasonic KX-TG9348T Expandable Digital Cordless Phone,1 x Phone Line(s) - Metallic Black,Panasonic,,762
B:207544265,Buy,DNX5120 All-in-One Navigation/DVD Entertainment System,,Kenwood,$635.00,536
B:207544306,Buy,"ONKYO 6-DISC CD CHANGER W/VLSC, BLACK NIC - DX-C390",,Unknown,$179.72,31
B:207552185,Buy,Olympus EVOLT E-420 Digital SLR Camera With 14 - 42mm f/3.5-f/5.6 Zuiko Digital Zoom Lens - Black - 262081,"Olympus EVOLT E-420 10 Megapixel Digital SLR Camera with 14-42MM Outfit, Autofocus, Live View, Face Detection & Dust Reduction",Olympus,$403.72,538
B:207554111,Buy,Apple Time Capsule Network Hard Drive - MB277LL/A,1TB - Type A USB,Apple,$439.00,410
B:207595882,Buy,Samsung LN46A650 46' LCD TV,"Samsung LN46A650 - 46' 1080p LCD HDTV - 50,000:1 Dynamic Contrast Ratio - 120Hz - 4ms Response Time",Samsung,"$1,599.98",568
B:207637777,Buy,Samsung LN40A550 40' LCD TV,"Samsung LN40A550 - 40' Widescreen 1080p LCD HDTV - 30,000:1 Dynamic Contrast Ratio - 5ms Response Time - Piano Black",Samsung,$910.99,565
B:207637793,Buy,Panasonic Palmcorder SDR-H60 Digital Camcorder - SDR-H60S,"Panasonic SDR-H60 60GB Hard Disk Drive/SD Hybrid Camcorder with 50x Optical Zoom, Advanced Optical Image Stabilization, One-Touch DVD Copy, Anti-Shock Shield and One-Touch Navigation, Records to Internal Hard Drive or SD Card",Panasonic,,746
B:207642166,Buy,Samsung LN52A650 52' LCD TV,"Samsung LN52A650 - 52' 1080p LCD HDTV - 50,000:1 Dynamic Contrast Ratio - 120Hz - 4ms Response Time",Samsung,"$1,895.00",569
B:207642355,Buy,Samsung HT-Z510 Home Theater System,"DVD Player, 5.1 Speakers - 5 Disc(s) - Progressive Scan - 1200W RMS - Dolby Digital, Dolby Pro Logic II, DTS",Samsung,$321.55,711
B:207642358,Buy,Samsung PN50A450 50' Plasma TV,"Samsung PN50A450 - 50' Widescreen 720p Plasma HDTV - 1,000,000:1 Dynamic Contrast Ratio - Piano Black",Samsung,$995.00,583
B:207642497,Buy,"Samsung DVD-VR375 DVD/VCR Combo - DVD+RW, DVD-RW, DVD-RAM, DVD+R, DVD-R, VHS, CD-RW - DVD Video, CD-DA, MP3, MPEG-4, WMA, JPEG, DivX Playback - Progressive Scan",,Samsung,$154.64,620
B:207643190,Buy,Canon PowerShot SD790 IS Digital Camera - 2554B001,"Canon PowerShot SD790 IS 10 Megapixel Digital Camera with 3x Optical Zoom, 3' LCD, & PictBridge",Canon,,575
B:207643194,Buy,Canon PowerShot SD890 IS Digital Camera - 2566B001,"Canon PowerShot SD890 IS 10 Megapixel, 5x Optical Zoom, 2.5' LCD, UA Lens Digital Camera",Canon,$198.00,576
B:207645242,Buy,Canon EF-S 55-250mm f/4-5.6 IS Telephoto Zoom Lens - 2044B002,55mm to 250mm - f/4 to 5.6,Canon,$232.98,777
B:207652053,Buy,SAMSUNG DVD HM THEATER SYS 5 DISC NIC - HT-Z410/XAA,,Samsung,$235.14,589
B:207652055,Buy,"Samsung LN52A550 - 52' Widescreen 1080p LCD HDTV - 30,000:1 Dynamic Contrast Ratio - 5ms Response Time - Piano Black",,Samsung,"$1,579.00",566
B:207652056,Buy,Samsung LN46A550 46' LCD TV,"Samsung LN46A550 - 46' Widescreen 1080p LCD HDTV - 30,000:1 Dynamic Contrast Ratio - 5ms Response Time - Piano Black",Samsung,"$1,143.99",571
B:207653535,Buy,OmniMount Stellar G303 Series 3 Shelf Component Stand - Black - G303 DARK,,"OMNIMOUNT SYSTEMS, INC",$299.95,725
B:207653548,Buy,Samsung PN58A550 58' Plasma TV,"Samsung PN58A550 - 58' Widescreen 1080p Plasma HDTV - 1,000,000:1 Dynamic Contrast Ratio - Piano Black",Samsung,"$2,294.90",582
B:207654105,Buy,Canon EOS Rebel XSi Digital SLR Camera with EF-S 18-55mm f/3.5-5.6 IS Lens - Silver - 2757B003,Canon EOS Rebel XSi 12 Megapixel Digital SLR Camera with 18-55mm IS Lens - Silver,Canon,$649.88,1055
B:207654106,Buy,Canon EOS Rebel XSi Digital SLR Camera with EF-S 18-55mm f/3.5-5.6 IS Lens - Black - 2756B003,Canon EOS Rebel XSi 12 Megapixel Digital SLR Camera with 18-55mm IS Lens - Black,Canon,$649.88,490
B:207656388,Buy,Samsung 4 Series LN37A450 37' LCD TV,"Samsung LN37A450 - 37' Widescreen 720p LCD HDTV - 10,000:1 Dynamic Contrast Ratio - 6ms Response Time - Piano Black",Samsung,$796.82,634
B:207659192,Buy,Toshiba SD-P71S Portable DVD Player,Toshiba SD-P71S - 7' Portable DVD Player,Toshiba,$119.36,510
B:207659194,Buy,Toshiba SD-P91S Portable DVD Player,Toshiba SD-P91S - 9' Portable DVD Player,Toshiba,$164.72,508
B:207660497,Buy,Samsung LN40A650 40' LCD TV,"Samsung LN40A650 - 40' 1080p LCD HDTV - 50,000:1 Dynamic Contrast Ratio - 120Hz - 4ms Response Time",Samsung,"$1,279.98",567
B:207660498,Buy,Samsung 5 Series LN37A550 37' LCD TV,"Samsung LN37A550 - 37' Widescreen 1080p LCD HDTV - 15,000:1 Dynamic Contrast Ratio - 5ms Response Time - Piano Black",Samsung,$944.00,619
B:207660499,Buy,Samsung PN50A550 50' Plasma TV,"Samsung PN50A550 - 50' Widescreen 1080p Plasma HDTV - 1,000,000:1 Dynamic Contrast Ratio - Piano Black",Samsung,"$1,499.98",581
B:207666379,Buy,Sony 8GB Memory Stick PRO Duo Card - MSMT8G,8 GB,Sony,$49.85,660
B:207666380,Buy,Sony 1GB Memory Stick PRO Duo Card - MSMT1G,1 GB,Sony,$13.41,657
B:207666381,Buy,Sony 4GB Memory Stick PRO Duo Card - MSMT4G,4 GB,Sony,$26.92,659
B:207666382,Buy,Sony 2GB Memory Stick PRO Duo Card - MSMT2G,2 GB,Sony,$15.99,658
B:207667994,Buy,Yamaha RX-V663 Home Theater Receiver - RXV663BL,"665W - Dolby TrueHD, Dolby Digital EX, Dolby Pro Logic IIx, Dolby Digital Plus, DTS-HD, DTS-ES, DTS 96/24, DTS Neo:6, Neural SurroundXM",Yamaha,$499.00,470
B:207667995,Buy,"Handycam HDR-UX10 DVD Camcorder (15x Opt, 180x Dig, 2.7' LCD) - HDRUX10",,Sony,$768.24,469
B:207679756,Buy,Samsung 4 Series LN32A450 32' LCD TV,Samsung LN32A450 - 32' Widescreen 720p LCD HDTV - 10000:1 Dynamic Contrast Ratio - 6ms Response Time - Piano Black,Samsung,$578.00,580
B:207682339,Buy,Speck Products SeeThru Case for Apple MacBook Air - MBA-PNK-SEE,Plastic - Pink,Speck Products,,669
B:207682340,Buy,Speck Products SeeThru Case for Apple MacBook Air - MBA-CLR-SEE,Plastic - Clear,Speck Products,,668
B:207682397,Buy,Logitech V450 Nano Cordless Laser Mouse For Notebooks - 910-000619,Laser,Logitech,,967
B:207686035,Buy,TOMTOM ONE 130 Carry Bag - 9UEA.017.00,Black,Tom Tom,$14.74,741
B:207686156,Buy,Samsung 4 Series LN26A450 26' LCD TV,Samsung LN26A450 - 26' Widescreen 720p LCD HDTV - 5000:1 Dynamic Contrast Ratio - 8ms Response Time - Piano Black,Samsung,$549.00,579
B:207686317,Buy,Coby Electronics TF-TV1022 10.2' LCD TV - TFTV1022,"10.2' - Active Matrix TFT - ATSC, NTSC - 16:9 - 800 x 480 - HDTV",Coby,$119.99,932
B:207875395,Buy,Logitech V470 Cordless Laser Mouse for Notebooks - 910-000692,Laser,Logitech,,965
B:207876534,Buy,"Panasonic Viera TH-50PZ800U - 50' Widescreen 1080p Plasma HDTV - 1,000,000:1 Dynamic Contrast Ratio",,Panasonic,"$1,711.19",653
B:207876535,Buy,Yamaha RX-V863 Home Theater Receiver - RXV863BL,"735W - Dolby TrueHD, Dolby Digital EX, Dolby Pro Logic IIx, Dolby Digital Plus, DTS-HD, DTS-ES, DTS 96/24, DTS Neo:6, Neural SurroundXM",Yamaha,$649.99,471
B:207895085,Buy,TomTom ONE 130 S Portable GPS System w/ Preloaded Maps - 1EE0.052.02,,Tom Tom,,676
B:207897315,Buy,Samsung 4 Series LN22A451 22' LCD TV,"Samsung LN22A451 - 22' Widescreen LCD HDTV - 3,000:1 Dynamic Contrast Ratio - 8ms Response Time - White",Samsung,$399.00,607
B:207897840,Buy,Sharp LC26DV24U 26' TV/DVD Combo,Sharp LC-26DV24U - 26' Widescreen TV/DVD Combo HDTV - 800:1 Contrast Ratio - 8ms Response Time - Piano Black,Sharp,$508.72,723
B:207899810,Buy,Sanus VisionMount LT25-B1 Tilting Wall Mount,175 lb - Black,Sanus,,960
B:207899814,Buy,Wal-mt Furn Comp Shlf - VF2012-B1,,Sanus,,883
B:207900170,Buy,Samsung 6 Series HL56A650 56' Projection TV,Samsung HL56A650 - 56' Widescreen 1080p DLP HDTV w/ Built in NTSC/ATSC Tuner - Piano Black,Samsung,"$1,079.96",590
B:207900171,Buy,Samsung 6 Series HL61A650 61' Projection TV,Samsung HL61A650 - 61' Widescreen 1080p DLP HDTV w/ Built in NTSC/ATSC Tuner - Piano Black,Samsung,"$1,076.94",591
B:207900174,Buy,Samsung HTZ410T Home Theater System - HTZ410T,Samsung HT-Z410T 5 Disc Home Theater Surround Sound System with HDMI and DivX Playback,Samsung,$279.00,589
B:207900175,Buy,Samsung LN19A450 19' LCD TV,Samsung LN19A450 - 19' Widescreen 720p LCD HDTV - 3000:1 Dynamic Contrast Ratio - 8ms Response Time - Piano Black,Samsung,$348.00,578
B:207900176,Buy,Samsung 6 Series LN19A650 19' LCD TV,"Samsung LN19A650 - 19' Widescreen LCD HDTV - 3,000:1 Dynamic Contrast Ratio - 8ms Response Time",Samsung,$369.00,801
B:207900177,Buy,Samsung 4 Series LN22A450 22' LCD TV,Samsung LN22A450 - 22' Widescreen 720p LCD HDTV - 3000:1 Dynamic Contrast Ratio - 8ms Response Time - Piano Black,Samsung,$397.77,610
B:207900178,Buy,Samsung LN22A650 22' LCD TV,"Samsung LN22A650 - 22' Widescreen LCD HDTV - 3,000:1 Contrast Ratio - 8ms Response Time",Samsung,$458.00,802
B:207900179,Buy,Samsung LN32A550 32' LCD TV,"Samsung LN32A550 - 32' Widescreen 1080p LCD HDTV - 15,000:1 Dynamic Contrast Ratio - 5ms Response Time - Piano Black",Samsung,$849.00,616
B:207900180,Buy,"Samsung PN42A450 - 42' Widescreen 720p Plasma HDTV - 100,000:1 Dynamic Contrast Ratio - Piano Black - PN42A450P",,Samsung,$899.99,608
B:207900343,Buy,Samsung HT-TZ515 Home Theater System - HTZ515/XAA,SAMSUNG 5 DVD HM THEATER WI-FI XM READY NIC,Samsung,,713
B:207907430,Buy,Techcraft ABS60 TV Stand,Wood - Black,Techcraft,,337
B:207907535,Buy,Sport Neckband Earbuds - MDR AS50G,,Sony,$32.71,819
B:207907548,Buy,Bass Lover Earbuds Slver - MDRED12LP/SLV,,Sony,$10.99,812
B:207907550,Buy,Ex Series Earbuds Black - MDR EX32LP/BLK,,Sony,$15.65,814
B:207907552,Buy,Bass Lover Earbuds Red - MDRED12LP/RED,,Sony,$10.99,813
B:207907555,Buy,Ex Series Earbuds Wht - MDR EX55/WHI,,Sony,$25.76,636
B:207907557,Buy,Ex Series Earbuds Pnk - MDR EX55/PNK,,Sony,$23.58,640
B:207907558,Buy,Ex Series Earbuds Wht - MDR EX32LP/WHI,,Sony,$16.99,815
B:207907559,Buy,Ex Series Earbuds Black - MDR EX55/BLK,,Sony,$22.20,639
B:207910212,Buy,Sony DVP-FX820 Portable DVD Player - DVPFX820,"8' LCD - DVD+RW, DVD-RW, DVD+R, DVD-R, CD-RW - DVD Video, CD-DA, MP3, JPEG Playback - 1 Disc(s) - Black",Sony,$158.72,527
B:207910213,Buy,Sony PSLX300USB USB Record Turntable,Belt Drive,Sony,$119.72,572
B:207910214,Buy,Yamaha RX-V363 Home Theater Receiver - RXV363BL,"500W - Dolby Digital, Dolby Pro Logic II, DTS",Yamaha,$199.00,462
B:207910337,Buy,Apple Wireless Mighty Mouse - MB111LL/A,Laser - 4 x Button,Apple,$69.00,318
B:207910387,Buy,DENON PRO 5 CD CAROUSEL CHANGER NIC - DCM290P,,Denon,,157
B:207919773,Buy,Samsung 7 Series LN46A750 46' LCD TV - LN46A750R1FXZA,"Samsung LN46A750 - 46' 1080p LCD HDTV - 50,000:1 Dynamic Contrast Ratio - 6ms Response Time - 120Hz",Samsung,"$1,537.77",648
B:207920831,Buy,Griffin TuneBuds Stereo Earset - 9410-TUNBMBLB,Ear-bud,Griffin,$19.53,1049
B:207925431,Buy,Panasonic SC-PT660 Home Theater System,"DVD Player, 5.1 Speakers - 5 Disc(s) - Progressive Scan - 1000W RMS - Dolby Digital, DTS, Dolby Pro Logic",Panasonic,,543
B:207925432,Buy,Panasonic SC-PT760 Home Theater System,Panasonic SC-PT760 Premium Sound DVD Home Theater System with Kelton Subwoofer,Panasonic,$319.97,544
B:207925440,Buy,Griffin SmartTalk Headphone Adapter with Control and Mic for iPhone - 3016-SMRTLKB,30',Griffin,,820
B:207927557,Buy,Samsung 6 Series LN32A650 32' LCD TV,"Samsung LN32A650 - 32' 1080p LCD HDTV - 50,000:1 Dynamic Contrast Ratio - 4ms Response Time",Samsung,$916.13,617
B:207929461,Buy,TomTom XL 330 Portable GPS System w/ Preloaded Maps - 1EG0.052.00,,Tom Tom,,677
B:207934190,Buy,Sony STR-DG520 A/V Receiver - STRDG520,"Dolby Digital, Dolby Pro Logic II, Digital Cinema Sound, DTS",Sony,$164.51,609
B:207934191,Buy,Sony STR-DG720 A/V Receiver - STRDG720,"Dolby Digital, Dolby Pro Logic II, DTS 96/24, DTS Neo:6, Dolby Digital EX, Dolby Pro Logic IIx, Dolby Pro Logic, DTS-ES, Digital Cinema Sound, DTS",Sony,$224.79,644
B:207934192,Buy,Sony DVP-NS700H/B DVD Player,"DVD-RW, DVD+RW, DVD-R, DVD+R, CD-RW - DVD Video, CD-DA, MP3, JPEG, SVCD, Video CD Playback - 1 Disc(s) - Progressive Scan - Black",Sony,,562
B:207935920,Buy,Panasonic KX-TG6313S Cordless Phone,1 x Phone Line(s) - Silver,Panasonic,,1006
B:207936135,Buy,Samsung DVD-1080P8 DVD Player,"DVD+RW, DVD-RW, CD-RW - DVD Video, JPEG, MP3, WMA, MPEG-4, DVD Audio, Video CD, CD-DA, DivX Playback - Progressive Scan",Samsung,$72.11,540
B:207937885,Buy,Sharp Air Purifier 194 CFM Max - KC-C100U,,Sharp,,780
B:207937987,Buy,Nikon Coolpix P80 Digital Camera - 26114,"Nikon COOLPIX P80 10 Megapixel Digital Camera with 18x Optical Wide-Angle Zoom, 2.7' High-Resolution LCD, Vibration Reduction Image Stabiliation & up to an ISO6400",Nikon,$271.72,745
B:207938488,Buy,"Samsung LN40A750 - 40' 1080p LCD HDTV - 50,000:1 Dynamic Contrast Ratio - 4ms Response Time - 120Hz",,Samsung,"$1,341.12",649
B:207945552,Buy,OmniMount Moda Collection Echo 50 TV Stand - ECHO 50,OmniMount Echo 50 Moda Collection TV Table Stand for up to 50' TVs - Espresso,"OMNIMOUNT SYSTEMS, INC",,612
B:207959750,Buy,Onkyo TXSR506 A/V Receiver,"Dolby Digital, Dolby Pro Logic IIx, Dolby Digital EX, DTS, DTS-ES, DTS 96/24, DTS Neo:6FM, AM",Onkyo,$227.72,577
B:207959798,Buy,"Samsung LN52A750 - 52' 1080P LCD HDTV - 50,000:1 Dynamic Contrast Ratio - 120Hz - 6ms Response Time",,Samsung,"$2,148.99",665
B:207959814,Buy,Sony Cyber-shot DSC-H50 Digital Camera - Black - DSCH50B,9.1 Megapixel - 16:9 - 2x Digital Zoom - 3' Active Matrix TFT Color LCD,Sony,$329.00,683
B:207965387,Buy,Samsung SC-D382 Digital Camcorder,Samsung SC-D382 Mini DV Camcorder,Samsung,$128.96,703
B:207978102,Buy,Samsung HTX810T Home Theater System - HTX810T,Samsung HT-X810 2.1 Soundbar Home Theater System,Samsung,$580.14,635
B:207979206,Buy,Kensington Mini Battery Pack and Charger for iPhone and iPod - K33442US,,Kensington,,1043
B:207986293,Buy,Canon EOS Rebel XSi Digital SLR Camera - Silver - 2757B001,12.2 Megapixel - 3' Active Matrix TFT Color LCD,Canon,,490
B:207986331,Buy,Samsung DVD-V9800 DVD/VCR Combo Player w/ 1080p Up-Conversion,,Samsung,$85.06,722
B:207993409,Buy,Boston Acoustics Horizon Solo AM/FM Radio - HSOLOMNDT,,Boston Acoustics,$90.00,526
B:208033486,Buy,ALPINE CDA-9887 Car Audio Player - CDA9887,"CD-R, CD-RW - CD-DA, MP3, WMA, AAC - 4 - 200W - FM, AM",Alpine,$295.00,313
B:208033806,Buy,Pioneer DEHP400UB Car Audio Player,"CD-RW - CD-Text, MP3, WMA, WAV, AAC - 4 - 200W - FM, AM",Pioneer,$134.32,435
B:208033808,Buy,Pioneer DEH-P3000IB Car Audio Player,"CD-RW - CD-Text, MP3, WMA, WAV, AAC - 4 - 200W - FM, AM",Pioneer,$92.72,413
B:208033955,Buy,Yamaha YHT-390BL Home Theater System - YHT-390bl,", 5.1 Speakers - Progressive Scan - 600W RMS - Black",Yamaha,$319.96,472
B:208042911,Buy,Z-Line Designs ZL23-44MU Portland Flat Panel TV Stand with Integrated Mount,"Metal, Glass - Black, Chrome",Z-LINE DESIGNS,$254.37,570
B:208042977,Buy,"Samsung HL-67A750 - 67' Widescreen 1080p DLP HDTV - 10,000:1 Contrast Ratio - HL67A750",,Samsung,"$1,729.98",693
B:208043057,Buy,Nintendo DS Lite (Metallic Rose) - USGSZPB,,Nintendo Of America,,948
B:208079230,Buy,"Samsung PN50A650 50' 1080p Plasma HDTV - 1,000,000:1 Dynamic Contrast Ratio - Anti Burn-in Technology",,Samsung,"$1,699.98",708
B:208084021,Buy,Pioneer PDP-5020FD 50' Plasma TV,Pioneer KURO PDP-5020FD - 50' 1080p Plasma HDTV,PIONEER ELECTRONICS USA,"$2,199.98",743
B:208085175,Buy,Pioneer Direct Control Cable - CD-IU230V,"1 x Proprietary - 1 x Type A USB, 3 x RCA",Pioneer,$41.44,779
B:208085178,Buy,Pioneer Cd-sb10 Sirius Interface Cable - CD-SB10,,Pioneer,,422
B:208085180,Buy,Pioneer DEH-2000MP Car Audio Player,"CD-RW - CD-Text, MP3, WMA, WAV - LCD - 4 - 200W - FM, AM",Pioneer,$84.00,436
B:208085182,Buy,Pioneer GEX-P10HD HD Radio Add-on Tuner for Select In-dash Pioneer Receivers,,Pioneer,,423
B:208085253,Buy,Pioneer PDP-6020FD 60' Plasma TV,Pioneer KURO PDP-6020FD - 60' 1080p Plasma HDTV,PIONEER ELECTRONICS USA,,744
B:208105467,Buy,Sony DVP-NC800H/B DVD Player,"DVD+RW, DVD-RW, DVD+R, DVD-R, CD-RW - DVD Video, CD-DA, MP3, JPEG, SVCD, Video CD Playback - 5 Disc(s) - Progressive Scan - Black",Sony,,564
B:208105573,Buy,ALPINE MRP-F300 Car Amplifier,4 Channel(s) - Class AB - 100dB SNR,Alpine,,448
B:208105630,Buy,Pioneer DEHP500UB Car Audio Player,"CD-RW - CD-Text, MP3, WMA, WAV, AAC - 4 - 200W - FM, AM",Pioneer,$153.64,437
B:208111279,Buy,CORDED TELEPHONE - KEYPAD - SINGLE LINE OPERATION - LCD DISPLAY - CALLER ID; CAL - KX-TS620W,,Panasonic,,334
B:208111280,Buy,CORDED TELEPHONE - KEYPAD - SINGLE-LINE OPERATION - 2-WAY - LCD DISPLAY - BLACK - KX-TS620B,,Panasonic,,333
B:208111903,Buy,Panasonic SC-BT100 Home Theater System - SC-BT100P-K,"BD Player, 5.1 Speakers - 1 Disc(s) - Progressive Scan - 1250W RMS - Dolby Digital, Dolby TrueHD, Dolby Digital Plus, DTS-HD, DTS",Panasonic,,542
B:208111904,Buy,Panasonic SC-PT960 Home Theater System,"Panasonic SC-PT960 5-Disc DVD Home Theater System with Kelton Subwoofer, 1080p Up-Conversion, Integrated Universal Dock for iPod, 2 Tower Speakers, Wireless Rear Speaker and VIERA Link",Panasonic,$349.99,545
B:208112354,Buy,Sony BRAVIA DAV-HDX275 Home Theater System,", 5.1 Speakers - 5 Disc(s) - Progressive Scan - 1000W RMS - Dolby Pro Logic II",Sony,,560
B:208112355,Buy,Sony BRAVIA DAV-HDX279WC Home Theater System,"DVD Player, 6.1 Speakers - 5 Disc(s) - Progressive Scan - Dolby Digital, DTS, Dolby Pro Logic II - Black",Sony,$318.01,624
B:208112356,Buy,Sony DVP-FX820/L Portable DVD Player - DVPFX820/L,"8' LCD - DVD+R, DVD+RW, DVD-RW, DVD-R, CD-RW - JPEG, MP3, DVD Video Playback - 1 Disc(s) - Blue",Sony,$131.54,528
B:208112357,Buy,Sony DVP-FX820/R Portable DVD Player - DVPFX820/R,"8' LCD - DVD+RW, DVD-RW, DVD+R, DVD-R, CD-RW - DVD Video, CD-DA, MP3, JPEG Playback - 1 Disc(s) - Red",Sony,$159.94,530
B:208112358,Buy,Sony DVP-NS700H/S DVD Player - DVPNS700HS,"DVD+RW, DVD-RW, DVD+R, DVD-R, CD-RW - DVD Video, CD-DA, MP3, JPEG, SVCD, Video CD Playback - 1 Disc(s) - Progressive Scan - Silver",Sony,$111.68,561
B:208114664,Buy,LG 22 Cu.Ft. Total Capacity,,LG Electronics,,674
B:208114670,Buy,LG 22.6 Cu.Ft. Total Capacity,,LG Electronics,,691
B:208114672,Buy,LG 25.0 Cu.Ft. Total Capacity,,LG Electronics,,695
B:208114673,Buy,LG 25.0 Cu.Ft. Total Capacity,,LG Electronics,,696
B:208114674,Buy,LG 25.0 Cu.Ft. Total Capacity,,LG Electronics,,694
B:208114675,Buy,LG 25.0 Cu.Ft. Total Capacity,,LG Electronics,,697
B:208114681,Buy,LG 25 Cu. Ft. Ice & Water Dispensing,,LG Electronics,,701
B:208114682,Buy,LG 24.7 cu. ft. Stainless Steel French Door Bottom Mount Refrigerator,,LG Electronics,,702
B:208114683,Buy,LG 25 CF Refrigerator 3 Door White Tall,,LG Electronics,,700
B:208114686,Buy,LG 25 Cu.Ft. Total Capacity 4 Door Refrigerator,,LG Electronics,,740
B:208117918,Buy,LG LDF6920BB Fully Integrated Dishwasher,,LG Electronics,,733
B:208117919,Buy,"LG LDF6920ST Fully Integrated Dishwasher with 5 Wash Cycles, 3 Spray Arms, SenseClean System, Delay Start, Food Disposer and Self-Clean Filter: Stainless Steel",,LG Electronics,,732
B:208117920,Buy,LG Dishwasher,,LG Electronics,,730
B:208117922,Buy,LG Semi-Integrated Electronic Panel with Digital Status Display,,LG Electronics,,729
B:208117924,Buy,LG Semi-Integrated Electronic Panel with Digital Status Display Dishwasher,,LG Electronics,,728
B:208117925,Buy,LG 1.6 cu.ft. Over the Range Microwave,,LG Electronics,,715
B:208117926,Buy,LG 1.6 cu.ft. Over the Range,,LG Electronics,,714
B:208117929,Buy,LG 5.6 cu.ft. Freestanding Electric Range,,LG Electronics,,690
B:208117930,Buy,LG 5.6 cu.ft. Freestanding Electric Range,,LG Electronics,,671
B:208117931,Buy,LG 5.6 cu.ft. Freestanding Electric Range,,LG Electronics,,689
B:208117932,Buy,LG 5.6 cu.ft. Freestanding Electric Range,,LG Electronics,,687
B:208117933,Buy,LG 5.6 cu.ft. Freestanding Electric Range,,LG Electronics,,688
B:208117936,Buy,LG 5.0 cu.ft. Freestanding Gas Range,,LG Electronics,,710
B:208117937,Buy,LG 5.0 cu.ft. Freestanding Gas Range,,LG Electronics,,712
B:208117938,Buy,LG 5.0 cu.ft. Freestanding Gas Range,,LG Electronics,,709
B:208131008,Buy,Canon PSC-85 Soft Camera Case - 2595B002,,Canon,$8.77,805
B:208154550,Buy,Sony Cyber-shot DSC-W150 Digital Camera - Gold - DSCW150N,8.1 Megapixel - 16:9 - 2x Digital Zoom - 2.7' Active Matrix TFT Color LCD,Sony,$129.99,480
B:208154551,Buy,Sony Cyber-shot DSC-W150 Digital Camera - Red - DSCW150R,8.1 Megapixel - 16:9 - 2x Digital Zoom - 2.7' Active Matrix TFT Color LCD,Sony,$139.94,479
B:208154765,Buy,Sony Cyber-shot DSC-W170 Digital Camera - Red - DSCW170R,10.1 Megapixel - 16:9 - 2x Digital Zoom - 2.7' Active Matrix TFT Color LCD,Sony,$169.00,482
B:208154853,Buy,SLING II LAPTOP CASE - 21 INCH - 4.5 INCH - 14.5 INCH - 2221,,Brenthaven,,868
B:208154854,Buy,SLING I LAPTOP CASE - 18 INCH - 4.5 INCH - 13 INCH - 2211,,Brenthaven,$59.95,867
B:208156275,Buy,Denon DHT-FS3 2-piece Home Theater Audio System,,Denon,,316
B:208156276,Buy,Denon DHT-FS5 Surround Sound Speaker System,5.1-channel,Denon,,770
B:208156876,Buy,1.6 cu.ft. Over the Range Microwave,,LG Electronics,,716
B:208156877,Buy,LG 2.0 cu.ft. Over the Range Microwave Oven,,LG Electronics,,718
B:208156878,Buy,LG 2.0 cu.ft. Over the Range Microwave Oven,,LG Electronics,,717
B:208156879,Buy,LG 2.0 cu.ft. Over the Range Microwave Oven,,LG Electronics,,720
B:208167531,Buy,Logitech QuickCam Vision Pro Webcam - 960-000254,for Mac,Logitech,,1008
B:208171630,Buy,Pure Digital Flip Mino Digital Camcorder - F360B,Flip Video Mino 60 min Black,Pure Digital Technol,,817
B:208171631,Buy,Pure Digital Flip Mino Digital Camcorder - F360W,Flip Video Mino 60 min White,Pure Digital Technol,,816
B:208171946,Buy,"Samsung HL72A650 - 72' Widescreen 1080p DLP HDTV - 2,500:1 Contrast Ratio",,Samsung,"$2,188.70",765
B:208177785,Buy,Boston Acoustics Horizon Duo-i AM/FM Stereo Radio - HDUOIMDNT,"5 x AM, 10 x FM",Boston Acoustics,$135.52,541
B:208184891,Buy,Samsung YP-S2ZW 1GB Flash MP3 Player - YP-S2ZW/XAA,1GB Flash Memory - White,Samsung,$29.67,772
B:208184892,Buy,Samsung YP-S2ZW 1GB Flash MP3 Player - YP-S2ZG/XAA,1GB Flash Memory - Green,Samsung,$29.67,771
B:208186248,Buy,Onkyo CS-325 Stereo CD Receiver Mini Audio System,,Onkyo,$238.72,655
B:208190046,Buy,Canon SELPHY CP760 Dye Sublimation Printer - 2565B001,Canon SELPHY CP760 Compact Photo Printer,Canon,$90.10,782
B:208226457,Buy,Maytag MMV4205BAQ Over-the-Range Microwave,,Whirlpool,,41
B:208226458,Buy,Maytag 2.0 Cu. Ft. Over-the-Range Microwave Oven,,Whirlpool,,42
B:208226470,Buy,Linksys WRT610N Simultaneous Dual-N Band Wireless Router,,LINKSYS,,1015
B:208226689,Buy,Speck Products SeeThru Case for Apple 13' MacBook - MB13-BLK-SEE-V2,Plastic - Black,Speck Products,,835
B:208226690,Buy,Speck Products SeeThru Case for Apple 15' MacBook Pro - MB15-CLR-SEE-V2,Plastic - Clear,Speck Products,,842
B:208226692,Buy,Speck Products SeeThru Case for Apple 15' MacBook Pro - MB15-PNK-SEE-V2,Plastic - Pink,Speck Products,,848
B:208226693,Buy,Speck Products SeeThru Case for Apple 13' MacBook - MB13-CLR-SEE-V2,Plastic - Clear,Speck Products,,792
B:208226694,Buy,Speck Products SeeThru Case for Apple 13' MacBook - MB13-RED-SEE-V2,Plastic - Red,Speck Products,,841
B:208226695,Buy,Speck Products SeeThru Case for Apple 13' MacBook - MB13-BLU-SEE-V2,Plastic - Blue,Speck Products,,839
B:208226696,Buy,Speck Products SeeThru Case for Apple 13' MacBook - MB13-PNK-SEE-V2,Plastic - Pink,Speck Products,,837
B:208226697,Buy,Speck Products SeeThru Case for Apple 13' MacBook - MB13-GRN-SEE-V2,Plastic - Green,Speck Products,,793
B:208226698,Buy,Speck Products SeeThru Case for Apple 15' MacBook Pro - MB15-BLU-SEE-V2,Plastic - Blue,Speck Products,$34.74,843
B:208226699,Buy,Speck Products SeeThru Case for Apple 13' MacBook - MB13-ORG-SEE-V2,Plastic - Orange,Speck Products,,840
B:208226700,Buy,Speck Products SeeThru Case for Apple 13' MacBook - MB13-AQU-SEE-V2,Plastic - Aqua,Speck Products,,836
B:208237792,Buy,Speck Products SeeThru Case for Apple 15' MacBook Pro - MB15-GRN-SEE-V2,Plastic - Green,Speck Products,,845
B:208237793,Buy,Speck Products SeeThru Case for Apple 15' MacBook Pro - MB15-ORG-SEE-V2,Plastic - Orange,Speck Products,,847
B:208237795,Buy,Speck Products SeeThru Case for Apple 15' MacBook Pro - MB15-PUR-SEE-V2,Plastic - Purple,Speck Products,$31.97,849
B:208270234,Buy,Bracketron Low-Pro Windshield Mount - SWM-400-BL,Black,Bracketron,,748
B:208280406,Buy,Ge 24746 Futura(tm) Indoor Hdtv Antenna,,GE,$29.72,166
B:208289950,Buy,BlueAnt Wireless Z9i Bluetooth Headset - Black - US-091010,,BlueAnt,$59.99,761
B:208289990,Buy,Sony HT-DDWG700 Home Theater System - HTDDWG700,"DVD Player, 5.1 Speakers - 900W RMS - DTS, Dolby Digital, Dolby Pro Logic II",Sony,$206.96,769
B:208289993,Buy,Sony RDR-VX560 DVD/VCR Combo,"DVD-R, CD-R, VHS - DVD Video Playback - 1 Disc(s) - Black",Sony,$176.08,752
B:208289997,Buy,Transcend 4GB microSDHC Card (Class 6) - TS4GUSDHC6,4 GB,TRANSCEND INFORMATION,$6.85,596
B:208294698,Buy,Sony BRAVIA M Series KDL-26M4000 26' LCD TV - KDL26M4000,"26' - ATSC, NTSC - 16:9 - 1366 x 768 - HDTV",Sony,$538.72,673
B:208294701,Buy,Samsung BDP-1500 Blu-ray DVD Player - BDP1500,,Samsung,$218.20,736
B:208294712,Buy,LG 37LG50 - 37' Widescreen 1080p LCD HDTV - 15000:1 Dynamic Contrast Ratio - 5ms Response Time,,LG Electronics,,600
B:208294715,Buy,Onkyo TXSR606 A/V Receiver,"Dolby Digital Plus, Dolby TrueHD, DTS-HD",Onkyo,$399.95,684
B:208294716,Buy,Mitsubishi WD-65735 65' Projection TV - WD65735,65' - DLP - 16:9 - 1920 x 1080 - Dolby,Mitsubishi,"$1,401.26",651
B:208294717,Buy,Sony BRAVIA S Series KDL-46S4100 46' LCD TV - KDL46S4100,"46' - ATSC, NTSC - 16:9 - 1920 x 1080 - HDTV",Sony,"$1,188.65",675
B:208294718,Buy,Sony BRAVIA KDL-32L4000 32' LCD TV - KDL32L4000,"32' - ATSC, NTSC - 16:9 - 1366 x 768 - HDTV",Sony,$597.72,678
B:208294720,Buy,LG 32LG30 - 32' Widescreen 720p LCD HDTV - 12000:1 Dynamic Contrast Ratio - 8ms Response Time,,LG Electronics,,705
B:208294722,Buy,Mitsubishi WD-65736 65' Projection TV - WD65736,65' - DLP - HDTV Ready,Mitsubishi,"$1,309.56",652
B:208294724,Buy,Panasonic Viera TH-46PZ850U 46' Plasma TV - TH46PZ850U,"46' - ATSC, NTSC - 16:9 - 1920 x 1080 - HDTV",Panasonic,"$1,695.96",753
B:208294727,Buy,Sony Cyber-shot DSC-W150 Digital Camera - Silver - DSCW150,8.1 Megapixel - 16:9 - 2x Digital Zoom - 2.7' Active Matrix TFT Color LCD,Sony,$129.99,476
B:208294904,Buy,Frigidaire FDB130RGS 24' Built-In Dishwasher (White),,Frigidaire,$246.54,17
B:208294927,Buy,Sony Cyber-shot DSC-W300 Digital Camera,13.6 Megapixel - 16:9 - 3x Optical Zoom - 2x Digital Zoom - 2.7' Color LCD,Sony,$289.00,685
B:208294970,Buy,Cuisinart TOB-155 Toaster Oven Broiler,,Cuisinart,$139.00,1058
B:208295050,Buy,ALPINE CDA-9886 Car Audio Player - CDA9886,"CD-R, CD-RW - CD-DA, MP3, WMA, AAC - 4 - 200W - FM, AM",Alpine,,394
B:208296017,Buy,Samsung HT-X710 Bluetooth 400-Watt Home Theater System With iPod Dock,,Samsung,,1032
B:208342520,Buy,Griffin Elan Form for iPhone 3G - 8223-IP2EFRMB,Griffin Elan Form iPhone 3G - Blk,Griffin,,877
B:208342524,Buy,Griffin Protective Wave Case for Smart Phone - 8227-IP2WVB,Griffin Wave iPhone 3G - Black,Griffin,,830
B:208344063,Buy,CHOPS HANGER - HEADPHONE - WIRED - EARBUDS - 18 - 20000 HZ - BLACK AND CHROME - HH26-SKC01,,SKULLCANDY INC,$17.99,1037
B:208370418,Buy,3G iPhone Black ToughSkin - IPH3G-BLK-TS,,Speck Products,$10.00,881
B:208409750,Buy,Yamaha YSP-3050 Digital Sound Projector - YSP-3050BL,,Yamaha,$749.99,859
B:208409785,Buy,SDI Technologies IP99BR8 Clock Radio For iPod/iPhone,,iHome,,833
B:208410812,Buy,Nintendo DS Lite (Metallic Silver),,Nintendo Of America,$139.99,947
B:208453643,Buy,Sony Z550N/B Notebook - VGNZ550N/B,"Sony VAIO Z550N/B Intel Centrino 2 Core 2 Duo P8600 2.40GHz Notebook 3GB DDR3 SDRAM, 250GB SATA HD, 13.1' LCD, DVDR DL/DVDRW/RAM, Modem, Gigabit NIC, 802.11a/b/g/n, Sprint Mobile, Bluetooth, Vista Business SP1/XP downgrade",Sony,,857
B:208453646,Buy,Sony Z570N/B Notebook - VGNZ570N/B,"Intel Centrino 2 Core 2 Duo P9500 2.53GHz - 13.1' - 3GB DDR3 SDRAM - 320GB HDD - DVD-Writer (DVD-RAM/R/RW) - Bluetooth, Gigabit Ethernet, Wi-Fi - Windows Vista Business - Black",Sony,,858
B:208453648,Buy,Sony Z591U/B Notebook - VGNZ591U/B,"Sony VAIO Z591U/B Laptop Intel Centrino 2 Core 2 Duo P9500 2.53GHz, 4GB DDR3, 320GB SATA HDD, 13.1' LCD, BR-ROM/DVDRW, 802.11a/b/g/n, Bluetooth, Windows Vista Ultimate",Sony,"$2,849.99",866
B:208455791,Buy,Frigidarie GLD4355RF 24' Gallery Speed Clean Dishwasher (Black),,Frigidaire,$451.29,355
B:208455792,Buy,Frigidaire GLD4355RFS Gallery Series 24' Under Counter Dishwasher,,Frigidaire,$443.81,356
B:208455891,Buy,Sony XT-100HD HD Radio Tuner,,Sony,$38.00,294
B:208455893,Buy,Sony BRAVIA DAV-HDX576WF Home Theater System,"DVD Player, Amplifier, 5.1 Speakers - 5 Disc(s) - Progressive Scan - 1000W RMS - Dolby Pro Logic II",Sony,$478.72,618
B:208455894,Buy,Sony HT-CT100 Home Theater System,", 3.1 Speakers - Progressive Scan - 250W RMS",Sony,$279.95,630
B:208455896,Buy,Sony ICF-CD73W AM/FM/Weather Shower CD Clock Radio (White),,Sony,$68.96,699
B:208455897,Buy,Sony DVP-FX820/P Portable DVD Player - DVPFX820/P,"8' LCD - DVD+RW, DVD-RW, DVD+R, DVD-R, CD-RW - DVD Video, CD-DA, MP3, JPEG Playback - 1 Disc(s) - Pink",Sony,$148.72,529
B:208456130,Buy,ALPINE IVA-W205 Car Video Player,"6.5' Active Matrix TFT LCD - DVD-RW, DVD+RW, CD-RW - DVD Video, DVD Audio, Video CD, CD-DA, MP3, WMA, AAC, MPEG-1, MPEG-2 - 200W FM, AM",Alpine,$689.96,275
B:208456185,Buy,Whirlpool WFW8300SW 27' Front-Load Washer w/3.4 Cu. Ft. Capacity (White),,Whirlpool,$668.75,129
B:208456199,Buy,Whirlpool WTW6400SW Cabrio 4.5 Cu Ft Capacity Washer (White),,Whirlpool,$819.75,188
B:208456203,Buy,Whirlpool DU1055XTSS 6' Console Undercounter Dishwasher (Stainless Steel),,Whirlpool,$359.00,74
B:208456215,Buy,Whirlpool 27' DUET WASHER HORIZ AXIS WP,,Whirlpool,$910.91,255
B:208456233,Buy,Whirlpool WTW6700TW 28' Cabrio Series Top Loader Washer (Metallic/White),,Whirlpool,$925.91,550
B:208456262,Buy,Whirlpool WTW6700TU Cabrio 4.6 Cu. Ft. Top Load Washer (Diamond Dust),,Whirlpool,"$1,029.75",628
B:208464207,Buy,Canon EOS Rebel XS Digital SLR Camera with EF-S 18-55mm 1:3.5-5.6 IS Lens - Black - 2762B003,"Canon EOS Rebel XS Digital SLR Camera with 10 Megapixel, 2.5' LCD, 3 Frames Per Sec & Live View Mode - Black",Canon,$461.96,838
B:208464825,Buy,Weber Summit E-620 Copper LP Gas Grill,,Weber,,548
B:208464828,Buy,Weber Summit SP-320 Stainless LP Gas Grill,,Weber,,460
B:208464837,Buy,Weber Genesis EP-320 Blue LP Gas Grill,,Weber,,249
B:208504045,Buy,Panasonic Viera TH-50PZ850U 50' Plasma TV,"50' - ATSC, NTSC - 16:9 - 1920 x 1080 - HDTV",Panasonic,"$2,096.99",558
B:208504099,Buy,Sony DVPFX820 Portable DVD Player - DVPFX820/W,"8' LCD - DVD+RW, DVD-RW, DVD+R, DVD-R, CD-RW - DVD Video, MP3, JPEG Playback - 1 Disc(s) - Progressive Scan - White",Sony,$149.00,531
B:208504178,Buy,Sony Cyber-shot DSC-W150 Digital Camera - Black - DSCW150/B,8.1 Megapixel - 16:9 - 2x Digital Zoom - 2.7' Active Matrix TFT Color LCD,Sony,$129.99,478
B:208504179,Buy,Denon DVD-3800BDCI Blu-ray Disc Player - DVD3800BDCI,"BD-R, DVD-RW, CD-RW, Secure Digital (SD) - DVD Video, CD-DA, MP3, WMA, JPEG, DivX 6, PCM Playback - Progressive Scan",Denon,,496
B:208504187,Buy,Sony BRAVIA KDL32XBR6 32' LCD TV,"32' - ATSC, NTSC - 16:9 - 1920 x 1080 - Dolby, Surround - HDTV",Sony,$998.72,637
B:208504190,Buy,Panasonic KXTH1212B,,Panasonic,$79.99,775
B:208504191,Buy,Mitsubishi WD-60735 60' Projection TV,60' - DLP - HDTV Ready,Mitsubishi,"$1,288.00",650
B:208504297,Buy,Sony BRAVIA XBR Series KDL-37XBR6 37' LCD TV - KDL37XBR6,"37' - Active Matrix TFT - ATSC, NTSC, NTSC-M - 16:9 - 1920 x 1080 - Surround - HDTV - 1080i, 1080p",Sony,"$1,197.66",734
B:208504300,Buy,Onkyo HTS5100 Home Theater System - HTS5100B,", A/V Receiver, 7.1 Speakers - 1200W RMS - Dolby Pro Logic IIx, Dolby Digital, Dolby Digital EX, DTS, DTS-ES, DTS Neo:6, DTS 96/24 - Black",Onkyo,$478.72,706
B:208504304,Buy,Sony HT7200DH Home Theater System,"DVD Player, A/V Receiver, 5.1 Speakers - 1 Disc(s) - Progressive Scan - 1000W RMS - Dolby Digital, Dolby Pro Logic, Dolby Pro Logic II, DTS",Sony,$376.96,731
B:208504307,Buy,Sony STR-DG820 A/V Receiver - STRDG820,"Dolby Digital, Dolby Pro Logic II, DTS 96/24, DTS Neo:6, Dolby Digital EX, Dolby Pro Logic IIx, Dolby Pro Logic, DTS-ES, Digital Cinema Sound, DTS",Sony,$318.72,692
B:208504318,Buy,Sony BRAVIA Z Series KDL-40Z4100 40' LCD TV - KDL40Z4100/B,"40' - ATSC, NTSC - 16:9 - 1920 x 1080 - Dolby, Surround - HDTV - 1080i, 1080p",Sony,"$1,327.47",735
B:208504334,Buy,Sony BRAVIA Z Series KDL-46Z4100 46' LCD TV - KDL46Z4100/B,"46' - ATSC, NTSC - 16:9 - 1920 x 1080 - Dolby - HDTV - 1080i, 1080p",Sony,"$1,687.98",738
B:208504339,Buy,Sony BRAVIA M Series KDL-32M4000 32' LCD TV - KDL32M4000,"32' - ATSC, NTSC - 16:9 - 1366 x 768 - HDTV",Sony,$639.95,707
B:208504340,Buy,Sony BRAVIA W Series KDL-46W4100 46' LCD TV - KDL46W4100,"46' - ATSC, NTSC - 16:9 - 1920 x 1080 - HDTV",Sony,"$1,399.99",680
B:208504345,Buy,Sony BRAVIA V Series KDL-52V4100 52' LCD TV - KDL52V4100,"52' - ATSC, NTSC - 16:9 - 1920 x 1080 - HDTV",Sony,"$1,599.00",681
B:208504369,Buy,LG 52LG50 52' LCD TV,"LG 52LG50 - 52' Widescreen 1080p LCD HDTV - 15,000:1 Dynamic Contrast Ratio - 6ms Response Time",LG Electronics,,719
B:208504370,Buy,LG 47LG50 47' LCD TV,"LG 47LG50 - 47' Widescreen 1080p LCD HDTV - 15,000:1 Dynamic Contrast Ratio - 5ms Response Time",LG Electronics,,721
B:208504378,Buy,LG 32LG40 32' TV/DVD Combo,"LG 32LG40 - 32' Widescreen 720p LCD HDTV w/ Built-in DVD Player - 12,000:1 Dynamic Contrast Ratio - 8ms Response Time",LG Electronics,,749
B:208504394,Buy,Mitsubishi MB-S73 TV Stand,,Mitsubishi,$499.00,1072
B:208504396,Buy,Mitsubishi Diamond WD-73835 73' Projection TV - WD73835,73' - DLP,Mitsubishi,"$3,299.00",751
B:208504407,Buy,LG LG70 Series 52LG70 52' LCD TV,"LG 52LG70 - 52' Widescreen 1080p LCD HDTV - 120Hz - 15,000:1 Dynamic Contrast Ratio - 4ms Response Time",LG Electronics,,742
B:208504421,Buy,Sony BRAVIA W Series KDL-52W4100 52' LCD TV - KDL52W4100,52' - 16:9 - 1920 x 1080 - HDTV,Sony,"$1,998.72",682
B:208504422,Buy,Mitsubishi Diamond WD-65835 65' Projection TV,65' - DLP,Mitsubishi,"$2,399.00",750
B:208504423,Buy,Sony STR-DG920 A/V Receiver - STRDG920,"Dolby Digital, Dolby Pro Logic II, DTS 96/24, DTS Neo:6, Dolby Digital EX, Dolby Pro Logic IIx, Dolby Pro Logic, DTS-ES, Digital Cinema Sound, DTSFM, AM, XM",Sony,$404.07,790
B:208504429,Buy,Denon AVR-1609 A/V Receiver - AVR1609,"Dolby Digital Surround, Dolby Pro Logic IIx, DTS-ES, DTS Neo:6, DTS 96/24FM, AM",Denon,$348.00,810
B:208504432,Buy,Denon AVR-1709 A/V Receiver - AVR1709,"Dolby Digital Surround, DTS-ES, DTS Neo:6, DTS 96/24, Dolby Pro Logic IIxFM, AM",Denon,$448.00,809
B:208504437,Buy,Nikon D700 Digtal SLR Camera - 25444,12.1 Megapixel - 3' Active Matrix TFT Color LCD,Nikon,"$2,699.00",823
B:208504461,Buy,Klipsch KS7502THX (Each) - KS-7502-THX,,Klipsch,"$1,000.00",890
B:208653765,Buy,Sony DPFD70 Digital Photo Frame,Photo Viewer - 7' LCD,Sony,$107.58,445
B:208653767,Buy,Sony DPFV900 Digital Photo Frame - DPF-V900,Photo Viewer - 9' LCD,Sony,$199.95,447
B:208653775,Buy,Sony Picture Station Digital Photo Printer - DPPFP95,,Sony,,670
B:208656495,Buy,Olympus FE-360 Digital Camera - Pink - 226540,8 Megapixel - 16:9 - 3x Optical Zoom - 4x Digital Zoom - 2.5' Color LCD,Olympus,$104.95,879
B:208656497,Buy,Olympus FE-370 Digital Camera - Silver - 226420,"Olympus FE-370 8 Megapixel Digital Camera w/ Dual Image Stabilization, 5x optical zoom, 2.7 LCD, Face Detection, & 19 easy-to-use Shooting Modes - Silver",Olympus,$129.95,880
B:208670546,Buy,Sony RDR-GX360 DVD Player/Recorder,"DVD+RW, DVD-R, DVD-RAM, CD-RW - DVD Video, CD-DA, Video CD Playback - 1 Disc(s) - Progressive Scan",Sony,$109.99,757
B:208670548,Buy,Sony BDP-S550 - Blu-ray DVD Player,,Sony,$322.70,950
B:208688474,Buy,"Samsung HT-BD2T Blu-ray 7.1 Home Theater System - Blu-ray, DVD & CD Playback, FM Receiver w/30 Station Presets, 1100W Total Output, 4 Tower Speakers & Subwoofer - HT-BD2T/XAA",,Samsung,,773
B:208710842,Buy,"Samsung LN46A850 - 46' 1080P LCD HDTV - 50,000:1 Dynamic Contrast Ratio - 120Hz - 4ms Response Time - Super Slim 1.9' Thick!",,Samsung,"$1,769.00",1039
B:208710844,Buy,"Samsung LN52A850 - 52' 1080P LCD HDTV - 50,000:1 Dynamic Contrast Ratio - 120Hz - 4ms Response Time - Super Slim 1.9' Thick!",,Samsung,"$2,399.98",981
B:208715736,Buy,7.0 Cu. Ft. Super Capacity Electric Dryer - MED5900TW,,Maytag,$479.00,304
B:208715747,Buy,Full Console Dishwasher with 4 Automatic Cycles - DU1055XTSB,,Whirlpool,$378.29,73
B:208715855,Buy,Pedistal for Duet Sport Electric Washer/Dryer - WHP1000SQ,,Whirlpool,$174.29,139
B:208742932,Buy,"Samsung PN63A650 - 63' Widescreen 1080p Plasma HDTV - 1,000,000:1 Dynamic Contrast Ratio - Touch of Color Design - PN63A650T",,Samsung,"$3,448.00",827
B:208787116,Buy,Dlo 004-0107 Hybridshell(tm) For Iphone(tm) 3g,,Dlo,,1028
B:208791918,Buy,15' LCD HDTV/DVD Combo Black - 15LV505,,Toshiba,,904
B:208791919,Buy,Toshiba 22LV506 22' TV/DVD Combo,"21.9' - LCD - Active Matrix - ATSC, NTSC - 16:9 - 1680 x 1050 - - HDTV - DVD-R, DVD-RW, CD-R, CD-RW - 720p",Toshiba,,891
B:208791921,Buy,Toshiba XD-E500 Upconversion DVD Player,"DVD-RW, CD-RW - DVD Video, CD-DA, JPEG, WMA, MP3, PCM Playback - Progressive Scan",Toshiba,$81.96,829
B:208791922,Buy,Toshiba SD-V296 DVD/VCR Combo,"VHS, DVD-RW, CD-RW - DVD Video, Video CD, WMA, MP3, JPEG, DivX, SQPB Playback - 1 Disc(s) - Progressive Scan - Black",Toshiba,,800
B:208792604,Buy,Sony Cyber-shot DSC-W170 Digital Camera - Silver - DSCW170,10.1 Megapixel - 16:9 - 2x Digital Zoom - 2.7' Active Matrix TFT Color LCD,Sony,,481
B:208809705,Buy,Jabra BT2070 Bluetooth Headset - 100-92070000-02,,Jabra,,954
B:208890628,Buy,"Logitech diNovo Edge, Mac Edition - 920-000924",,Logitech,,1007
B:208890876,Buy,"Panasonic HD 3MOS 60GB Hard Disk Drive/SD Hybrid Camcorder with Advanced Optical Image Stabilizer, Leica Lens, 12x Optical Zoom, 2.7' Wide LCD and Records to Internal Hard Drive and SD Card - HDC-HS100K",,Panasonic,$911.96,933
B:208893644,Buy,TomTom XL 330 S Portable GPS Sysytem - Text to Speech - 4.3' Touchscreen - 1EG0.052.01,,"TOMTOM, INC.",,679
B:208893656,Buy,SB-900 AF SPEEDLIGHT W/-STND DIFFSN DOME FLT SET - 4807,,Nikon,$438.88,873
B:208893658,Buy,"Olympus Stylus 1050 SW 10 Megapixel Digital Camera w/ 3x optical zoom, 2.7' LCD, Waterproof, Shockproof & Freezeproof, Tap Control, & Face Detection - Black - 226455",,Olympus,$228.95,900
B:208893661,Buy,"Olympus SP-565 UZ 10 Megapixel Digital Camera w/ 20x Wide-Angle Optical Zoom, Sensor-Shift Image Stabilization, Face Detection, & 13.5 fps Hight-Speed Sequential Shooting - 226480",,Olympus,,989
B:208893667,Buy,Canon PIXMA MP480 Color Inkjet All-In-One Photo Printer - 2918B002,,Canon,,959
B:208930714,Buy,"Nikon COOLPIX S60 10 Megapixel Digital Camera w/ 5x Optical Zoom, Optical VR Image Stabilization, 3.5' High Res Touch Panel LCD, HD Pictmotion Slide Shows, & Autofocus and Auto Exposure - Pink - 26132",,Nikon,$259.88,871
B:208930717,Buy,Nikon Coolpix S610 Digital Camera - Midnight Black - 26125,10 Megapixel - 16:9 - 4x Optical Zoom - 4x Digital Zoom - 3' Active Matrix TFT Color LCD,Nikon,,865
B:208930722,Buy,"Nikon COOLPIX P6000 13 Megapixels Digital Camera w/ 4x Wide Angle Optical Zoom, 2.7' Hi-Res LCD, Optical VR Image Stabilization, Face Priority AF & TV Movies with Sound - Black - 26135",,Nikon,,862
B:208930723,Buy,"Nikon COOLPIX S710 14 Megapixel Digital Camera w/3.6x Optical Wide-Angle Zoom, 3' LCD, Smile Mode, In-Camera Red-Eye Fix - Black - 26127",,Nikon,$307.77,863
B:208937347,Buy,Canon CL-211 Color Ink Cartridge For PIXMA MP240 and MP480 Printers - 2976B001,"Cyan, Magenta, Yellow",Canon,$19.37,1034
B:208937533,Buy,Toshiba 32AV502 - 31.5' Widescreen 720p LCD HDTV w/ Cinespeed - Piano Black - 32av502u,,Toshiba,$579.00,924
B:208937534,Buy,Toshiba 26AV502U - 26' Widescreen 720p LCD HDTV - Piano Black,,Toshiba,,978
B:208939028,Buy,"TX-SR806B Receiver (7.1 Channels, 130 W/Channel, 0.08% THD, Supports 8 Devices) - TXSR806B",,Onkyo,$622.17,853
B:208941074,Buy,"Garmin nuVi 275T - 3.5' GPS w/Text To Speech, Bluetooth, Where Am I?, Connect Photos - 010-00576-00",,Garmin,$245.99,893
B:208941075,Buy,"Garmin nuVi 265WT - 4.3' Widescreen GPS w/Text to Speech, Bluetooth, Where Am I?, Connect Photos - 010-00575-10",,Garmin,,894
B:208941076,Buy,"Garmin 265T - 3.5' GPS w/Bluetooth, Text To Speech, Where Am I?, Connect Photos - 010-00576-10",,Garmin,$179.95,892
B:208941079,Buy,Garmin nvi 755T Automobile Navigator - 010-00715-30,4.3' Active Matrix TFT Color LCD,Garmin,$364.99,896
B:208941080,Buy,Garmin AUTO NAV - 010-00715-20,,Garmin,$410.95,903
B:208972043,Buy,Panasonic Lithium Ion Digital Camera Battery - CGR-S006A/1B,Lithium Ion (Li-Ion) - Photo Battery,Panasonic,$49.99,141
B:208973561,Buy,Sony BRAVIA DAV-IS50/B Home Theater System,"DVD Player, 5.1 Speakers - 1 Disc(s) - Progressive Scan - 450W RMS - Dolby Digital EX, Dolby Pro Logic, Dolby Pro Logic II",Sony,,937
B:209000383,Buy,iHome iH70SRC 15 Watt Computer Speakers with iPod Syncing/Charging Dock - IH70SRC,,iHome,,826
B:209000385,Buy,iHome IP47BR Bluetooth Clock Radio & Speakerphone for iPhone & iPod - iP47BR,,iHome,,832
B:209002546,Buy,Mosquito Magnet Defender Net (replacement),,Mosquito Magnet,,70
B:209026630,Buy,Toshiba 40RV525U - 40' Widescreen 1080p LCD HDTV w/ Cinespeed - Piano Black,,Toshiba,$710.42,987
B:209026634,Buy,Toshiba 42RV535U - 42' Widescreen 1080p LCD HDTV w/ Cinespeed - Piano Black,,Toshiba,$789.98,939
B:209026638,Buy,Toshiba 52RV535U - 52' Widescreen 1080p LCD HDTV w/ Cinespeed - Piano Black,,Toshiba,,940
B:209028436,Buy,ELECTROLUX STICK VACUUM REPLACES EL1000A,,Eureka,,309
B:209085175,Buy,SAMSUNG 4GB PORTABLE MLTIMDIA PLYR BLK - YPS-S3JAB/XAA,,Samsung,$59.00,966
B:209085184,Buy,BLUEANT BLUETOOTH HS DUAL MIC NIC - 091004,,BlueAnt,$99.99,952
B:209114390,Buy,Yamaha YAS-71 Front Surround System - YAS-71BL,,Yamaha,,920
B:209114551,Buy,Canon PowerShot SX110 IS Digital Camera - Silver - 2666B001,"Canon PowerShot SX110 IS 9 Megapixel Digital Camera w/ 10x Optical Zoom, 3' LCD, ISO 1600, Optical Image Stabilizer - Silver",Canon,,898
B:209114552,Buy,Canon PowerShot A1000 IS Digital Camera - Gray - 3210B001,"Canon PowerShot A1000 IS 10 Megapixel Digital Camera w/ 4x Optical Zoom, 2.5 LCD, Optical Image Stabilizer, & Face Detection - Gray",Canon,,899
B:209114575,Buy,VMware Fusion 2 - VMFM20BX2,,SMITH MICRO,,1041
B:209122918,Buy,Canon CLI-221 Black Ink Cartridge - 2946B001,Black,Canon,$11.99,955
B:209122921,Buy,Canon CLI-221 Gray Ink Cartridge - 2950B001,Gray,Canon,$11.99,956
B:209122924,Buy,Canon CLI-221 Yellow Ink Cartridge - 2949B001,Yellow,Canon,$11.99,957
B:209194240,Buy,Nikon D90 Digital SLR Camera with AF-S DX Nikkor 18-105mm f/3.5-5.6G ED VR Lens - 25448,"Nikon D90 12 Megapixel Digital SLR Camera w/ 3' LCD, Live View, 18-105mm Lens, 4.5 fps Burst & In-Camera Image Editing",Nikon,"$1,159.88",901
B:209194241,Buy,"Nikon D90 12 Megapixel Digital SLR Camera w/ 3' LCD, Live View, 4.5 fps Burst & In-Camera Image Editing - Body Only - 25446",,Nikon,$899.95,902
B:209199789,Buy,Canon PIXMA iP4600 Inkjet Color Photo Printer - 2909B002,,Canon,,922
B:209208547,Buy,Sony VAIO JS All-in-One Desktop - VGCJS130J/B,"Sony VAIO VGC-JS130J/B Desktop 20.1-Inch All-in-one PC -2.5 GHz Intel Pentium Dual-Core E5200 Processor, 4 GB RAM, 500 GB Hard Drive, Vista Premium - Black",Sony,"$1,028.53",1011
B:209208655,Buy,"LN52A860 52' LCD TV (Widescreen, 1920x1080, HDTV)",,Samsung,"$2,499.99",846
B:209208661,Buy,Samsung 9 Series LN55A950 55' LCD TV,"55' - ATSC, NTSC - 181 Channels - 16:9 - 1920 x 1080 - Surround - HDTV - 1080p",Samsung,"$4,049.98",850
B:209208663,Buy,TiVo TCD658000 - HD XL Digital Video Recorder,,TiVo,$544.07,906
B:209208718,Buy,Canon PIXMA MP620 Wireless Photo All-In-One Inkjet Printer - 2921B002,,Canon,,905
B:209208719,Buy,Canon PIXMA MP980 Wireless All-in-One Color Photo Inkjet Printer - 2922B002,,Canon,,923
B:209245958,Buy,Sony VAIO RT All-in-One Desktop - VGCRT150Y,"Sony VAIO RT150Y All In One Desktop Computer 2.66Ghz Intel Core 2 Quad 9400 Processor, 8GB RAM, 1TB Hard Drive, BD-RE Drive, NVIDIA GeForce 9600M GT, 25.5' WUXGA HD Display, Windows Vista Ultimate",Sony,,971
B:209245960,Buy,Sony VAIO LV All-in-One Desktop - VGCLV150J,"Sony VAIO VGC-LV150J Desktop 24-Inch All-in-One PC - 2.53 GHz Intel Core 2 Duo E7200 Processor, 4 GB RAM, 500 GB Hard Drive, Blu-ray Drive, Windows Vista Home Premium- Silver",Sony,"$1,954.27",970
B:209245965,Buy,Sony VAIO AW110J/H Notebook - VGNAW110J/H,"Sony Vaio AW Series AW110JH Notebook 2.26GHz Intel Core 2 Duo P8400, 4GB RAM, 320GB Hard Drive, DVD +/- RW w/ Blu-ray Disc Support, Wireless 802.11a/b/g/n, NVIDIA GeForce 9300M, 18.4' XBRITE-ECO LCD Display, Webcam & Mic, Windows Vista Home Premium",Sony,,925
B:209253738,Buy,Canon VIXIA HG20 High Definition Camcorder - 3085B001AA,,Canon,$557.64,886
B:209253739,Buy,Canon VIXIA HG21 High Definition Camcorder - 2704B001AA,,Canon,$798.97,885
B:209273200,Buy,Canon DC310 Digital Camcorder - 2694B001,"Canon DC310 DVD Camcorder w/ 41x Advanced Zoom, Built-in Lens Cover, Image Stabilization, & Canon Exclusive- DIGIC DV II",Canon,$289.95,450
B:209297152,Buy,Sony ICF-S79W Weather Band Digital Shower Radio - ICFS79W,,Sony,$42.00,704
B:209297154,Buy,Sony DVP-NC800H/S DVD Player - DVP-NC800HS,"DVD+RW, DVD-RW, DVD+R, DVD-R, CD-RW - DVD Video, CD-DA, JPEG, MP3, SVCD, Video CD Playback - 5 Disc(s) - Progressive Scan - Silver",Sony,$128.69,563
B:209297157,Buy,Sony BRAVIA M Series KDL-19M4000 19' LCD TV - kdl19m4000s,"19' - ATSC, NTSC - 16:9 - 1440 x 900 - Dolby - HDTV - 1080i, 1080p",Sony,$379.72,672
B:209297200,Buy,GE GSD4000NWW Dishwasher with 5 Wash Cycles STD TUB ESTAR ( White) - gsd4000nww,,GE,$313.29,39
B:209297205,Buy,GE GSD2400NWW Dishwasher with 5 Wash Cycles - gsd2400nww,,GE,$272.01,327
B:209301534,Buy,4G Nano ToughSkin - Black - NN4-TS-BLK,,Speck Products,$18.58,1057
B:209302310,Buy,Sony VAIO CS110E/R Notebook - VGNCS110E/R,"Sony VAIO CS Series CS110E/R Notebook Intel Core 2 Duo T5800 2.0GHz, 3GB, 250GB HDD, 14.1' Widescreen, DVD+/-RW DL, Bluetooth, 802.11 a/b/g/n, Microsoft Vista Home Premium (Red)",Sony,$965.00,926
B:209306028,Buy,Samsung 9 Series LN46A950 46' LCD TV,"46' - ATSC, NTSC - 181 Channels - 16:9 - 1920 x 1080 - Surround - HDTV - 1080p",Samsung,"$2,699.98",874
B:209306029,Buy,Onkyo TX-SR706 A/V Receiver - TXSR706B,"Dolby Digital Plus, Dolby TrueHD, DTS-HD, THX Select 2FM, AM, XM",Onkyo,$595.97,852
B:209307663,Buy,Sony VAIO NS190J/S Notebook - VGNNS190J/S,"Sony VAIO NS Series NS190JS Notebook 2GHz Intel Core 2 Duo T5800, 4GB RAM, 250GB Hard Drive, DVD+/-R/RW w/ Blu Ray support, Wireless Link 5100AGN, Intel Graphics Media Accelerator 4500MHD, 15.4' WXGA LCD Display, Windows Vista Home Premium (Silver)",Sony,$949.99,931
B:209310241,Buy,Canon PowerShot SX10 IS Digital Camera - 2665B001,"Canon PowerShot SX10 IS 10 Megapixel Digital Camera w/ 20x Optical Zoom, 28mm Wide Lens, 2.5' LCD, Motion Detection, & Red Eye Correction",Canon,$339.88,941
B:209310243,Buy,Canon PowerShot SD880 IS Digital Camera - Silver - 3197B001,"Canon PowerShot SD880 IS 10 Megapixel Digital Camera w/ UA Lens, 4x Optical Zoom, 28mm Wide Lens, Optical Image Stabilizer, & PureColor II 3' LCD - Silver",Canon,$246.88,982
B:209310245,Buy,"Canon PowerShot SD990 IS 14 Megapixel Digital Camera w/ 3.7x Optical Zoom, UA Len, Face Detection, 2.5 LCD, & ISO 1600 - Black - 2669B001",,Canon,$299.88,943
B:209310248,Buy,"Canon PowerShot G10 14 Megapixel Digital Camera w/ 28mm Wide Lens, 5x Optical Zoom, 3' LCD, Face Detection & Red Eye Correction - 2663B001",,Canon,$409.88,942
B:209310260,Buy,Apple iPod Shuffle 1GB Flash MP3 Player - MB811LL/A,1GB Flash Memory - Pink,Apple,$49.00,919
B:209310268,Buy,"Nokia N96 Unlocked Phone - 16GB, 5MP Camera with Carl Zeiss Optics and Dual-LED Flash and Auto-Focus, Built-In GPS, WiFi, - 002G6Q3",,NOKIA - N SERIES - MULTIMEDIA,,1060
B:209310279,Buy,Belkin Folio for iPod touch - F8Z373,Leather - Black,Belkin,$19.99,1053
B:209393521,Buy,Griffin 8245-IP2MGNFI Clarifi Protective case for Smartphone,Polycarbonate - Black,Griffin,$18.99,1003
B:209393872,Buy,"Samsung LN46A860 46' LCD TV (Widescreen, 1920x1080, 50000:1, HDTV)",,Samsung,"$1,889.98",844
B:209634135,Buy,"Canon PowerShot SD990 IS 14 Megapixel Digital Camera w/ 3.7x Optical Zoom, UA Len, Face Detection, 2.5 LCD, & ISO 1600 - Silver - 3191B001",,Canon,$299.88,944
B:209656935,Buy,AppleCare for iPod touch or iPod classic - MB591LL/A,,Apple,$49.99,864
B:209656949,Buy,Apple iPod touch 32GB Flash Portable Media Player - MB533LL/A,"Audio Player, Video Player, Photo Viewer - 3.5' Color LCD - 32GB Flash Memory",Apple,$394.99,909
B:209656950,Buy,Apple iPod Classic 120GB Hard Drive Portable Media Player - MB562LL/A,"Audio Player, Video Player, Photo Viewer - 2.5' Color LCD - 120GB Hard Drive - Silver",Apple,$219.97,917
B:209656951,Buy,Apple 8GB iPod nano Silver (4th Generation) - MB598LL/A,,Apple,$146.75,910
B:209656955,Buy,Apple 8GB iPod nano Blue (4th Generation) - MB732LL/A,,Apple,$146.75,911
B:209656956,Buy,Apple 8GB iPod nano Pink (4th Generation) - MB735LL/A,,Apple,$146.75,912
B:209656957,Buy,Apple 8GB iPod nano Purple (4th Generation) - MB739LL/A,,Apple,$146.75,913
B:209656959,Buy,Apple 8GB iPod nano Green (4th Generation) - MB745LL/A,,Apple,$139.88,915
B:209656961,Buy,Apple iPod Classic 120GB Hard Drive Portable Media Player - MB565LL/A,"Audio Player, Video Player, Photo Viewer - 2.5' Color LCD - 120GB Hard Drive - Black",Apple,$219.97,918
B:209656962,Buy,Apple 8GB iPod nano Black (4th Generation) - MB754LL/A,,Apple,$146.75,916
B:209656971,Buy,Apple iPod nano 16GB Flash Portable Media Player - MB913LL/A,"Audio Player, Video Player, Photo Viewer - 2' Color LCD - 16GB Flash Memory - Green",Apple,$178.99,914
B:209687172,Buy,Panasonic Lumix DMC-FZ28 Digital Camera - Black,"Panasonic DMC-FZ28K Lumix 10 Megapixel Digital Camera with 27mm LEICA DC VARIO-ELMARIT Lens, 18x Optical Zoom and Intelligent Auto Mode - Black",Panasonic,,854
B:209700735,Buy,USB POWER ADAPTER ACCS - MB352LL/B,,Apple,,993
B:209704118,Buy,Belkin Switch-to-Mac Cable - F4U001,1 x USB - 1 x USB - 8ft - White,Belkin,$21.80,1052
B:209705773,Buy,Apple iPod touch 8GB Flash Portable Media Player - MB528LLA,"Audio Player, Video Player, Photo Viewer - 3.5' Color LCD - 8GB Flash Memory",Apple,$229.00,907
B:209705774,Buy,Apple iPod touch 16GB Flash Portable Media Player - MB531LLA,"Audio Player, Video Player, Photo Viewer - 3.5' Color LCD - 16GB Flash Memory",Apple,$309.99,908
B:209705777,Buy,"Canon EOS 50D 15 Megapixel SLR Digital Camera with Live View & Face Detection, 3' LCD, 6.3fps & DIGIC 4 Image Processor - Body Only - 2807B006",,Canon,"$1,127.95",935
B:209705778,Buy,"Canon EOS 50D 15 Megapixel SLR Digital Camera w/28-135MM IS USM Lens, Live View & Face Detection, 3' LCD, 6.3fps, DIGIC 4 Image Processor & HDMI output - 2807B005",,Canon,"$1,301.30",936
B:209720586,Buy,Coby Electronics TF-TV1514 15' LCD TV,"15' - Active Matrix TFT - ATSC, NTSC - 16:9 - 1280 x 800 - HDTV",Coby,$149.99,990
B:209869342,Buy,"LG 42PG20 - 42' Widescreen 720p Plasma HDTV - 20,000:1 Dynamic Contrast Ratio",,LG Electronics,,601
B:209869989,Buy,SONY 42IN BRAVIA LCD V-SERIES 1080P HDTV - KDL42V4100,,Sony,"$1,098.72",739
B:209871973,Buy,Sony DPFD80 Digital Photo Frame,Photo Viewer - 8' LCD,Sony,,983
B:209890560,Buy,Transcend 2.5 Solid State Disk (SSD) 128GB SATA MLC with Build-In ECC - TS128GSSD25S-M,,TRANSCEND INFORMATION,,1036
B:209890796,Buy,VholdR 2200 Mount Adhesive (Black),,VholdR,,632
B:209891039,Buy,Denon AVR2809CI A/V Receiver,"Dolby Pro Logic IIx, Dolby Digital EX, DTS-ES Discrete, DTS-ES Matrix, DTS Neo:6, Dolby TrueHD, Dolby Digital Plus, Neural SurroundAM, FM",Denon,"$1,198.00",856
B:209891040,Buy,"TH-58PZ850U 58' Plasma TV (Widescreen, 1920x1080, 30,000:1, HDTV) - TH58PZ850U",,Panasonic,"$2,999.97",855
B:209896109,Buy,MOTOROLA T305 BLUETOOTH VISOR SPEAKER PHONE CAR KIT - RETAIL - 89082J,,Motorola,$46.93,383
B:209896693,Buy,Aliph Jawbone 2 Silver Bluetooth Headset - Retail - 84442VRP,,Jawbone,$89.99,938
B:209901963,Buy,"Sony VAIO CS Series VGN-CS180J/W 14.1-Inch Notebook 2.26 GHz Intel Core 2 Duo P8400 Processor, 4 GB RAM, 320 GB Hard Drive, Blu-ray Drive, Vista Home Premium- White - VGNCS180J/W",,Sony,"$1,219.00",930
B:209901964,Buy,Sony VAIO CS180J/Q Notebook - VGNCS180J/Q,"Sony VAIO CS Series VGN-CS180J/Q 14.1-Inch Notebook 2.26 GHz Intel Core 2 Duo P8400 Processor, 4 GB RAM, 320 GB Hard Drive, Blu-ray Drive, Vista Home Premium- Black",Sony,"$1,239.97",928
B:209901965,Buy,Sony VAIO CS180J/P Notebook - VGNCS180J/P,"Sony VAIO CS Series VGN-CS180J/P 14.1-Inch Notebook 2.26 GHz Intel Core 2 Duo P8400 Processor, 4 GB RAM, 320 GB Hard Drive, Blu-ray Drive, Vista Home Premium- Pink",Sony,"$1,199.99",927
B:209901966,Buy,"Sony VAIO CS Series VGN-CS180J/R 14.1-Inch Notebook 2.26 GHz Intel Core 2 Duo P8400 Processor, 4 GB RAM, 320 GB Hard Drive, Blu-ray Drive, Vista Home Premium- Red - VGNCS180J/R",,Sony,,929
B:209934620,Buy,SONY IPOD/PHONE DOCK CLOCK RADIO BLACK NIC - ICFC1IPMK2BLK,,Sony,$80.25,645
B:209934621,Buy,SONY IPOD/PHONE DOCK CLOCK RADIO BLACK NIC - ICFC1IPMK2WHI,,Sony,$61.42,646
B:209975310,Buy,IH9B6R BLACK ALARM CLOCK F/IPODPERPCHARGES DOCKED IPOD REMOTE CONTROL,,SDI TECHNOLOGIES - IHOME,,412
B:210190784,Buy,Sony BDV-IS1000 Blu-ray Disc Home-Theater System - Precision Cinema HD via HDMI upscaler / BRAVIA Theatre Sync direct key / x.v.Color / XMB Xross Media Bar / 800Hz Cutoff Frequency,,Sony,,1033
B:210190818,Buy,Apple MacBook Notebook - MB467LLA,"Intel Core 2 Duo 2.4GHz - 13.3' WXGA - 2GB DDR3 SDRAM - 250GB HDD - DVD-Writer (DVDR/RW) - Gigabit Ethernet, Wi-Fi, Bluetooth - Mac OS X 10.5 Leopard",Apple,"$1,549.99",975
B:210206538,Buy,VholdR Wearable Camcorder (Black) - 1102,,VholdR,,379
B:210227260,Buy,Sharp AQUOS BD-HP21U Blu-ray Disc Player,"BD-RE, DVD+RW, DVD-RW, CD-RW - BD Video, DVD Video, JPEG, CD-DA, MPEG-2, VC-1, AC3, LPCM Playback - Progressive Scan",Sharp,$218.63,979
B:210227261,Buy,Sharp AQUOS BD-HP50U Blu-ray Disc Player,"BD-RE, DVD+RW, DVD-RW, CD-RW - BD Video, DVD Video, CD-DA, JPEG, VC-1, MPEG-2, AC3, LPCM Playback - Progressive Scan",Sharp,$266.96,991
B:210227271,Buy,Sharp LC-52D85U - 52' Widescreen 1080p LCD HDTV - 120Hz - 4ms Response Time,,Sharp,"$1,648.72",985
B:210227282,Buy,Battery and Bag Bundle for Panasonic Camcorders - VBG-VBB1STRKIT,,Panasonic,,1005
B:210227285,Buy,Sharp AQUOS LC-42D85U 42' LCD TV,"42' - Active Matrix TFT - ATSC, NTSC - 16:9 - 1920 x 1080 - HDTV - 1080p",Sharp,"$1,076.65",1012
B:210239335,Buy,Escort Passport 9500ix Radar/Laser Detector,,Escort,$439.99,964
B:210245837,Buy,KITCHENAID KPFP850OB - Food Processor,,KitchenAid,,474
B:210251970,Buy,Chestnut Hill CHS40001 Chestnut Hill George Ipod Dock Compact Stereo System,,Chestnut Hill,$499.00,349
B:210252184,Buy,Escort 9500CI Escort GPS Radar Detector,,Escort,"$1,475.99",763
B:210252356,Buy,Sony ICD-B600 512MB Digital Voice Recorder - ICDB600,512MB Flash Memory - LCD - Portable,Sony,$30.45,535
B:210252385,Buy,Canon PSC-4000 Deluxe Leather Case N - 3528B001,,Canon,$35.99,973
B:210254965,Buy,Canon CLI-221 Color Ink 4-Pack (Black/ Cyan/ Magenta/ Yellow) - 2946B004,,Canon,$44.99,958
B:210256478,Buy,Sony BRAVIA VPL-HW10 Digital Projector - VPLHW10,1920 x 1080 - 22.05lb,Sony,,921
B:210258465,Buy,Apple MacBook Pro Notebook - MB471LL/A,"Intel Core 2 Duo 2.53GHz - 15.4' WXGA+ - 4GB DDR3 SDRAM - 320GB HDD - DVD-Writer (DVDR/RW) - Gigabit Ethernet, Wi-Fi, Bluetooth - Mac OS X 10.5 Leopard",Apple,"$2,369.00",977
B:210258472,Buy,Altec Lansing IMT702 inMotion MAX Portable Speaker System for iPhone,,Altec Lansing,$133.96,1000
B:210259873,Buy,Transcend 8GB microSDHC Card - Class 6 - TS8GUSDHC6,,TRANSCEND INFORMATION,$14.95,1025
B:210267015,Buy,Flip Video MinoHD 60 min Black - F460B,,Pure Digital Technol,$232.50,1031
B:210399743,Buy,Samsung BDP2500 - BD-P2500,,Samsung,$301.05,962
B:210399745,Buy,Denon DVD-1800BD Blu-ray Disc Player,"BD-R, DVD-R, CD-R, Secure Digital (SD) - BD Video, DVD Video, WMA, MP3, DivX 6, JPG Playback - Progressive Scan",Denon,$499.00,974
B:210399746,Buy,Canon EOS 5D Mark II Digital SLR Camera - 2764B003,21.1 Megapixel - 16:9 - 3' Active Matrix TFT Color LCD,Canon,"$3,699.99",996
B:210399777,Buy,Canon Rebel XSi/XS Starter Kit - 9320A009,,Canon,$69.99,1009
B:210399818,Buy,Onkyo TX-SR876 A/V Receiver - TXSR876B,"Dolby Digital, Dolby TrueHD, DTS-HD, Dolby Digital EX, Dolby Digital Plus, Dolby Pro Logic II, Dolby TrueHD, DTS, DTS-ES, DTS Neo:6, THX Surround EX, THX Select 2FM, AM",Onkyo,"$1,077.98",870
B:210399819,Buy,Onkyo TX-NR906 A/V Receiver - TXNR906B,"THX Ultra 2, Dolby Digital Plus, Dolby TrueHD, DTS-HD, Neural SurroundFM, AM",Onkyo,"$1,497.99",872
B:210399849,Buy,Denon DM37SBK - D-M37SBK,,Denon,$288.76,875
B:210399855,Buy,Onkyo TX-8255 A/V Receiver,"AM, FM",Onkyo,$159.98,889
B:210399907,Buy,Denon DHT-589BA Home Theater System,", A/V Receiver, 5.1 Speakers - Dolby Pro Logic II, DTS",Denon,$448.80,1061
B:210399915,Buy,LG 42LG30 42' LCD TV,"LG 42LG30 42' LCD HDTV - 12,000:1 Dynamic Contrast Ratio - Invisible Speaker",LG Electronics,,895
B:210401450,Buy,Apple 8x DVDRW Drive - MB397G/A,(Double-layer) - DVD-RAM/R/RW - 8x 8x 8x (DVD) - 24x 16x 24x (CD) - USB - External,Apple,$95.71,473
B:210401451,Buy,Apple MacBook Pro Notebook - MB470LL/A,"Intel Core 2 Duo 2.4GHz - 15.4' WXGA+ - 2GB DDR3 SDRAM - 250GB HDD - DVD-Writer (DVDR/RW) - Gigabit Ethernet, Wi-Fi, Bluetooth - Mac OS X 10.5 Leopard",Apple,"$1,849.00",976
B:210401458,Buy,Apple iPod nano Armband - MB769G/A,Grey,Apple,$29.00,961
B:210402319,Buy,Polk Audio I-Sonic ES2 Entertainment System 2 AM/FM and HD Table Radio - AM1195-A,,Polk Audio,$336.71,623
B:210402579,Buy,Samsung SBH500 Stereo Bluetooth Headset,,Samsung,$49.72,811
B:210404123,Buy,Sony DPFD100 Digital Photo Frame,Photo Viewer - 10' LCD,Sony,$249.12,984
B:210435432,Buy,Danby DBC2760BLS 5.0 cu.ft beverage center / 27 bottle wine cooler,,Danby,"$1,000.00",1019
B:210435439,Buy,Danby DDW497W Countertop Dishwasher,,Danby,$247.05,774
B:210441166,Buy,Sony XDR-S10HDiP Clock Radio with iPod Dock - XDRS10HDIP,LCD,Sony,$149.95,1047
B:210441817,Buy,Panasonic Kx-tg9391t Dect 6.0 Two-line Corded/cordless Phone Combo - KX-TG9391T,,Panasonic,$149.72,994
B:210442348,Buy,Sony BRAVIA XBR Series KDL-46XBR6 46' LCD TV - KDL46XBR6,"46' - Active Matrix TFT - ATSC, NTSC - 16:9 - 1920 x 1080 - Dolby, Surround - HDTV - 480i, 480p, 720p, 1080i, 1080p",Sony,"$1,977.72",876
B:210442350,Buy,Sony BRAVIA XBR Series KDL-52XBR6 52' LCD TV - KDL52XBR6,"52' - Active Matrix TFT - ATSC, NTSC - 16:9 - 1920 x 1080 - Dolby, Surround - HDTV - 480i, 480p, 720p, 1080i, 1080p",Sony,"$2,573.72",878
B:210460676,Buy,Audiovox DPF701 7-Inch Acrylic Digital Picture Frame,,Audiovox,$41.40,1030
B:210461432,Buy,PAN NN-TK903S MICROWAVE OVEN .08 CU. FT.,,Panasonic,,375
B:210462233,Buy,Sony VAIO LV140J Desktop - VGC-LV140J,"Intel Core 2 Duo E7200 2.53GHz - 4GB DDR2 SDRAM - 320GB - DVD-Writer (DVD-RAM/R/RW) - Gigabit Ethernet, Bluetooth, Wi-Fi - 24' Active Matrix TFT Color LCD - Windows Vista Home Premium x64 - All-in-One",Sony,"$1,599.99",969
B:210479062,Buy,Simpletech 2GB SD Card - 3505B001AA,,SIMPLETECH,$12.88,1010
B:210490135,Buy,Garmin 010-00577-30 Nvi(r) 885t Travel Assistant,,Garmin,,1069
B:210520736,Buy,Samsung LN32A450 32' 720p LCD HDTV,,Samsung,,580
B:210521551,Buy,Maytag MDB7851AWB Full Console Dishwasher (Black),,Maytag,,602
B:210521578,Buy,Whirlpool DU1100XTPS 24' Undercounter Dishwasher (Stainless Steel),,Whirlpool,$537.29,45
B:210536123,Buy,Canon XH A1S - 3238B001,,Canon,"$3,999.00",1056
B:210566840,Buy,Sony VAIO FW378J/B Notebook - VGNFW378J/B,"Intel Centrino 2 Core 2 Duo P8600 2.4GHz - 16.4' - 4GB DDR2 SDRAM - 320GB HDD - BD-Reader/DVD-Writer (BD-ROM/DVD-RAM/R/RW) - Wi-Fi, Gigabit Ethernet, Bluetooth - Windows Vista Home Premium x64 - Black",Sony,,1050
B:210571462,Buy,Sennheiser CX380 Sennheiser CX 380 Sport II Grey/Orange,,Sennheiser,,1038
B:210634625,Buy,IWORK 09 RETAIL-INT DVD - MB942Z/A,,Apple,,1062
B:210634626,Buy,IWORK 09 FAMILY PACK-INT DVD - MB943Z/A,,Apple,,1063
B:210647824,Buy,CASE MATE CARBON FIBER IPHONE 3G CASE BLACK - IPH3GC-BCF,,Case-Mate,$28.08,1001
