id,affiliation,truth
7927,", IBM Almaden Research Center, 650 Harry Road, CA 95120, San Jose, USA",0
7930,", IIT Bombay",1
7987,", University of California, San Diego, USA",2
5613,"28msec Inc., Zurich, Switzerland",3
9530,"28msec, Inc.",3
7952,"76 Patision Street, Athens University of Economics and Business, Athens, Greece",4
7569,Aalborg Univ.,5
7608,"Aalborg Univ., Aalborg, The Netherlands",5
946,Aalborg University,5
2336,"Aalborg University, Aalborg, Denmark",5
2367,"Aalborg University, Denmark",5
8298,"Aalborg University, Denmark, Ost, Denmark",5
651,"Advanced Data Management Technologies Laboratory, Department of Computer Science, University of Pittsburgh, Pittsburgh, PA",6
7572,Agricultural Univ. of Athens,7
8865,"Alma Mater Studiorum—Università di Bologna, Bologna, Italy",8
8445,Almaden,0
5887,"Almaden Research Center, San Jose, CA, USA",0
672,"Amazon Corp., Seattle",9
8128,"Amazon.com, Seattle",9
8425,"Applications Research Laboratory, Corporate Technology Group, Intel Corporation, USA",10
3893,"Aristotle University, Thessaloniki, Greece",11
2341,"Arizona State Univ., Tempe, AZ",12
2634,Arizona State University,12
494,"Arizona State University, Arizona",12
2385,"Arizona State University, Tempe, AZ",12
5629,"Arizona State University, Tempe, AZ, USA",12
9469,"Arizona State University, Tempe, USA",12
3068,Aster Data,13
9563,Aster Data Systems,13
5130,"ASU, Tempe, AZ",12
4046,AT & T Labs-Research,14
4168,"AT & T Labs-Research, Florham Park, NJ",14
9264,"AT & T Labs-Research, Florham Park, USA 07932",14
3435,AT&T,14
6808,AT&T Laboratories,14
6259,"AT&T Laboratories - Research, Florham Park, NJ, USA",14
1635,AT&T Labs,14
1702,AT&T Labs - Research,14
4264,"AT&T Labs - Research, Florham Park, NJ",14
5865,"AT&T Labs - Research, Florham Park, NJ, USA",14
7429,AT&T Labs -- Research,14
7761,"AT&T Labs &ndash;&#8211; Research, 180 Park Avenue, Bldg 103, Florham Park, NJ 07932, USA; E-mail: divesh@research.att.com",14
2240,AT&T Labs Inc.,14
6367,"AT&T Labs Inc. - Research, Florham Park, NJ, USA",14
454,AT&T Labs Research,14
7730,"AT&T Labs Research, 180 Park Avenue, Room E243, Florham Park, NJ 07932, USA; E-mail: mff@research.att.com",14
7699,"AT&T Labs Research, Florham Park, N.J., USA; e-mail: divesh@research.att.com",14
1072,"AT&T Labs Research, Florham Park, NJ",14
5996,"AT&T Labs Research, Florham Park, NJ, USA",14
7733,AT&T Labs Research; E-mail: suciu@research.att.com,14
7080,AT&T Labs---Research,14
7659,"AT&T Labs---Research, Florham Park, NJ",14
3142,AT&T Labs--Research,14
3117,"AT&T Labs--Research, Florham Park, NJ",14
8034,"AT&T Labs--Research, NJ",14
8024,"AT&T Labs--Research, USA",14
103,AT&T Labs-Research,14
7737,"AT&T Labs-Research, 180 Park Ave., Room E 233, Florham Park, NJ 07932-0971, USA; http://www.research.att.com/~suciu",14
7710,"AT&T Labs-Research, 180 Park Avenue, Bldg. 103, Florham Park, NJ 07932, USA; e-mail: {sihem, divesh}@research.att.com",14
8948,"AT&T Labs-Research, Florham Park NJ",14
2964,"AT&T Labs-Research, Florham Park, NJ",14
5773,"AT&T Labs-Research, New Jersey, NJ, USA",14
1456,"AT&T Labs-Research, NJ",14
8577,"AT&T Labs-Research, USA",14
9240,"AT&T Labs, Florham Park, NJ",14
6156,"AT&T Labs, Florham Park, NJ, USA",14
6764,"AT&T Labs, Research",14
7624,AT&T Labs?Research,14
9400,"AT&T Labs&mdash;&#8212;Research, Florham Park, NJ",14
7112,AT&T Research,14
7105,"AT&T Research Laboratory, Florham Park, NJ",14
3074,Athens Univ. of Economics and Business,4
5179,"Athens University of Economics and Business, Athens, Greece",4
2494,"Athens University of Economics and Business, Greece",4
5204,"ATT Labs - Research, Florham Park, NJ",14
1854,"Basic Research Unit, Helsinki Institute for Information Technology, Department of Computer Science, University of Helsinki, Finland",15
1140,"Bayerisches Forschungszentrum für Wissensbasierte Systeme, Orleansstrá, München, Germany",16
3653,BEA Systems,17
6321,"BEA Systems Inc, San Jose, CA, USA",17
2587,"BEA Systems, Inc, San Jose",17
2465,"BEA Systems, Inc.",17
1224,"BEA Systems, Inc.,",17
4616,"BEA Systems, Inc., Burlington, MA",17
5337,"BEA Systems, Inc., San Francisco, CA",17
799,"BEA Systems, Inc., San Jose, CA",17
804,"BEA Systems, Inc., San Jose, CA and Computer Science Department at the University of California, San Diego",17
4627,"BEA Systems, Liberty Corner, NJ",17
9233,"BEA Systems, Redwood Shores, CA",17
4629,"BEA Systems, San Francisco, CA",17
1583,"BEA Systems, San Jose, CA",17
1585,"BEA Systems, San Jose, CA and Technical University of Munich, Munich, Germany",17
8070,"BEA Systems, USA",17
4236,"BEA Systems. Inc., San Francisco, CA",17
3,Bell Laboratories,18
100,Bell Laboratories (India),19
6511,"Bell Laboratories, 600 Mountain Avenue, Murray Hill, NJ",18
7861,"Bell Laboratories, 600 Mountain Avenue, Murray Hill, NJ 07974, USA; e-mail: {minos,rastogi}@bell-labs.com",18
5671,"Bell Laboratories, Alcatel-Lucent, Lisle, IL, USA",20
22,"Bell Laboratories, Lucent Technologies",18
7913,"Bell Laboratories, Lucent Technologies, 600 Mountain Ave., NJ 07974, Murray Hill, USA",18
7717,"Bell Laboratories, Lucent Technologies, 600 Mountain Ave., NJ 07974, USA; {cychan, pascal, minos, rastogi}@research.bell-labs.com",18
7320,"Bell Laboratories, Lucent Technologies, Murray Hill, NJ",18
8098,"Bell Laboratories, Lucent Technologies, USA",18
6586,"Bell Laboratories, Murray Hill, NJ",18
455,Bell Labs,18
4330,Bell Labs Research,18
5591,"Bell Labs Research India, India",19
5655,"Bell Labs Research, Bangalore, India",19
2246,"Bell Labs, Alcatel-Lucent",18
7007,"Bell Labs, Lucent",18
1,"Bell Labs, Lucent Technologies",18
7120,"Bell Labs, Lucent Technologies Murray Hill, NJ",18
7999,"Bell Labs, Lucent Technologies, Murray Hill, New Jersey",18
8206,"Bell Labs, Lucent Technologies, Murray Hill, NJ",18
6487,"Bell Labs, Murray Hill, NJ",18
6538,Bell Labs.,18
543,Berkeley,21
4052,Berufsakademie Stuttgart/IBM Germany,22
8106,"Bilkent University, Ankara, Turkey",23
8108,"Bilkent University, Bursa, Turkey",23
321,"Biological Data Management and Technology Center, Berkeley, CA",21
4246,Boeing Phantom Works,24
257,Boston University,25
2331,"Boston University, Boston, MA",25
5642,"Boston University, Boston, MA, USA",25
9373,"Boston University, Boston, USA",25
9383,"Boston University, Boston, USA 02215",25
1009,Brandeis University,26
155,"Brandeis University, Waltham, MA",26
5706,"Brandeis University, Waltham, MA, USA",26
9625,Brown U,27
736,Brown University,27
164,"Brown University, Providence, RI",27
5999,"Brown University, Providence, RI, USA",27
4644,"Brown University, Providence, RI.",27
9063,C.M.U.,28
1098,"C&C Research Laboratories - Silicon Valley, NEC USA, INC., Cupertino, California",29
1244,"C&C Research Laboratories - Silicon Valley, NEC USA, Inc., Suite, Cupertino, California",29
7777,"C&C Research Laboratories, NEC USA, 110 Rio Robles, M/S SJ100, San Jose, CA 95134, USA; E-mail: {wen,candan,hirata,hara}@ccrl.sj.nec.com",29
6883,"C&C Research Laboratories, NEC, Inc., 110 Rio Robles, San Jose, CA",29
233,Carnegie Mellon University,28
9792,"Carnegie Mellon University, 5000 Forbes Ave., Pittsburgh, PA 15213, USA",28
9040,"Carnegie Mellon University, Akamai Technologies",28
9039,"Carnegie Mellon University, EPFL",28
9041,"Carnegie Mellon University, Intel Research Pittsburgh",28
4139,"Carnegie Mellon University, Pittsburgh",28
18,"Carnegie Mellon University, Pittsburgh, PA",28
5598,"Carnegie Mellon University, Pittsburgh, PA, USA",28
896,"Carnegie Mellon University, Pittsburgh, Pennsylvania",28
8064,"Carnegie Mellon University, USA",28
32,"Case Western Reserve University, Cleveland, OH",30
1651,Cedric-CNAM,31
2691,"CEDRIC-CNAM Paris, France",31
9413,"Cedric, CNAM, Paris, France",31
7680,"Cedric/CNAM Paris, France; e-mail: vodislav&commat;cnam.fr",31
1416,"Center for Adv. Compu. Studies, Univ. of Louisiana at Lafayette, Lafayette, LA",32
8057,"Center for Advanced Computer Studies, University of Illinois at Chicago, USA",33
9428,"Center for Comprehensive Informatics, Emory University, Atlanta, USA 30322",34
883,"Center for Research in Biological System, University of California, San Diego, CA",2
2224,"Centrum voor Wiskunde en Informatica, Amsterdam, the Netherlands",35
7082,"Centrum voor Wiskunde en Informatica, Kruislaan 413, 1098 SJ, Amsterdam, The Netherlands",35
2408,"Centrum voor Wiskunde en Informatica, SJ Amsterdam, The Netherlands",35
6118,"Centrum Wiskunde en Informatica, Amsterdam, Netherlands",35
2095,"CERIA Lab., Université Paris Dauphine, France",36
8769,"CERIAS and Department of Computer Science, Purdue University, West Lafayette, USA",37
7156,CERN,38
1027,"CES Dept., UC Riverside",39
9001,Chinese Academy of Sciences,40
2583,"Chinese Academy of Sciences, Beijing, China",40
9641,"Chinese Academy of Sciences, China",40
3308,Chinese University of Hong Kong,41
8992,"Chinese university of Hong Kong, Hong Kong, China",42
5280,"Chinese University of Hong Kong, Hong Kong, Hong Kong",41
3223,"Chinese University of Hong Kong, New Territories, Hong Kong",41
9136,"Chinese University of Hong Kong, Sha Tin, New Territories, Hong Kong",41
3905,Chutney Technologies,43
8037,"Chutney Technologies, Atlanta, GA",43
6972,"Chutney Technologies, Inc., Atlanta, GA",43
7795,"CIMIC and MSIS Department, Rutgers University, 180 University Avenue, Newark NJ 07102, USA e-mail: adam@adam.rutgers.edu; atluri@andromeda.rutgers.edu",44
1348,"CIS Department, Polytechnic University, Brooklyn, NY",45
763,"CISE Department, University of Florida, Gainesville, FL",46
4814,City University of Hong Kong,47
75,"City University of Hong Kong, Hong Kong",47
7890,"City University of Hong Kong, Hong Kong, China",47
9292,"City University of Hong Kong, Kowloon, Hong Kong",47
9284,"Clausthal University of Technology, Clausthal-Zellerfeld, Germany",48
3862,Clustra AS,49
3487,"Clustra, Trondheim, Norway",49
3406,CMU,28
3561,CNAM,31
3763,CNAM Paris,31
2872,"CNAM, France",31
7938,"College of Business Administration, University of Cincinnati",50
691,"College of Computer and Information Science, Northeastern University, Boston, MA",51
8176,"College of Computer and Information Science, Northeastern University, USA",51
6634,"College of Computing, Georgia Institute of Technology",52
7960,"College of Computing, Georgia Institute of Technology, 801 Atlantic Drive, GA, 30332-0280, Atlanta, USA",50
8587,"College of Computing, Georgia Institute of Technology, Atlanta, USA",52
1211,"College of Engineering, School of Computer Engineering, Nanyang Technological University, Singapore",53
7880,"College of Information Science and Technology, Drexel University, 3141 Chestnut Street, Philadelphia, PA 19104-2875, USA",54
1161,"College of Information Science and Technology, Drexel University, Philadelphia, Pennsylvania",54
8545,"College of Information Science and Technology, Drexel University, Philadelphia, USA 19104",54
861,"College of Information Sciences and Technology, The Pennsylvania State University, University Park, PA",55
865,"College of Information Sciences and Technology, The Pennsylvania State University, University Park, PA and Department of Computer Science and Engineering, The Pennsylvania State University, University Park, PA",55
12,Columbia University,56
9237,"Columbia University, New York",56
8004,"Columbia University, New York, New York",56
479,"Columbia University, New York, NY",56
6026,"Columbia University, New York, NY, USA",56
2935,"Columbia University, NYC, NY",56
968,"Comp. Eng. Dept, Bilkent University, Ankara, Turkey",23
1503,"Comp. Sci. Div, Dept EECS, UC Berkeley, Berkeley, CA",21
6483,"Compaq SRC, Palo Alto, CA",57
7580,Compaq Systems Research Center,57
3497,"Compaq, Il, USA",57
6752,"Computer & Information Science Department, University of Pennsylvania, 200 South 33rd Street, Philadelphia, PA",58
9267,"Computer and Information Science and Engineering Department, University of Florida, Gainesville, USA 32611",46
8795,"Computer and Information Science and Engineering, University of Florida, Gainesville, USA 32611",46
7881,"Computer Engineering and Informatics, University of Patras, Greece",59
1925,"Computer Laboratory, University of Cambridge",60
2075,"Computer Science & Engineering Department, University of California, Riverside, Riverside, CA",39
1126,"Computer Science & Engineering, Indian Institute of Technology, Mumbai, India",1
2176,"Computer Science and Artificial Intelligence Lab., Massachusetts Institute of Technology",61
1292,"Computer Science and Engg. Dept., I.I.T., Bombay",1
6477,"Computer Science and Engg., Tndian Institiue of Technology, Mumbai 400076,INDIA",1
7744,"Computer Science and Engineering Department, Arizona State University, Tempe, AZ 85287-5406, USA; e-mail: candan@asu.edu",12
8823,"Computer Science and Engineering Department, State University of New York at Buffalo, Amherst, USA 14260",62
7892,"Computer Science and Engineering Department, University of California, Riverside, CA",39
8868,"Computer Science and Engineering, Arizona State University, Tempe, USA",12
6519,Computer Science Department Carnegie Mellon University,28
8338,"Computer Science Department, Boston University, USA",63
1824,"Computer Science Department, Brown University",27
943,"Computer Science Department, Carnegie Mellon University, Pittsburgh",28
1462,"Computer Science Department, Carnegie Mellon University, Pittsburgh, PA",28
8062,"Computer Science Department, Carnegie Mellon University, USA",28
1451,"Computer Science Department, Center for Automation Research and Institute for Advanced Computer Studies, University of Maryland at College Park",64
7805,"Computer Science Department, Center for Automation Research, and Institute for Advanced Computer Studies, University of Maryland, College Park, Maryland 20742, USA; e-mail: hjs&commat;cs.umd.edu",64
6957,"Computer Science Department, Columbia University",56
7942,"Computer Science Department, Duke University, USA",56
1810,"Computer Science Department, Hong Kong Univ. of Science and Technology, Hong Kong",65
8588,"Computer Science Department, Illinois Institute of Technology, Chicago, USA",33
842,"Computer Science Department, Indiana University, Bloomington",66
6709,"Computer Science Department, Stanford University",63
7883,"Computer Science Department, Stanford University, Stanford CA 94305, USA",63
630,"Computer Science Department, Stanford University, Stanford, CA",63
7857,"Computer Science Department, Stanford University, Stanford, CA 94305, USA; E-mail: hector@db.stanford.edu",63
9300,"Computer Science Department, Stanford University, Stanford, USA 94305",63
7943,"Computer Science Department, Stanford University, USA",63
6866,"Computer Science Department, TECHNION - Israel Institute of Technology, Technion City, Haifa 32000, Israel",67
8766,"Computer Science Department, Technion--Israel Institute of Technology, Haifa, Israel",67
7815,"Computer Science Department, Tel Aviv University, Ramat Aviv, Tel Aviv 69978, Israel; E-mail: {anate, milo}@math.tau.ac.il",68
8125,"Computer Science Department, University of Arizona, USA",69
8514,"Computer Science Department, University of California at Santa Barbara, USA",21
1964,"Computer Science Department, University of California, Berkeley, CA",21
8888,"Computer Science Department, University of California, Los Angeles, Los Angeles, USA 90095",70
7715,"Computer Science Department, University of California, Riverside, California 92521, USA; e-mail: tsotras@cs.ucr.edu",39
8337,"Computer Science Department, University of California, USA",39
7856,"Computer Science Department, University of Illinois at Urbana-Champaign, Urbana, IL 61801, USA; e-mail: kcchang@cs.uiuc.edu",71
9260,"Computer Science Department, University of Illinois, Chicago, USA 60607",33
6924,"Computer Science Department, University of Maryland, College Park, Maryland",64
2043,"Computer Science Department, University of Maryland, College Park, MD",64
9489,"Computer Science Department, University of Maryland, College Park, USA 20742",64
6521,"Computer Science Department, University of Sao Paulo at Sao Carlos - Brazil",72
723,"Computer Science Department, University of Southern California, Los Angeles, CA",73
8756,"Computer Science Department, University of Southern California, Los Angeles, USA 90089-0781",73
8160,"Computer Science Department, University of Southern California, USA",73
1314,"Computer Science Department, University of Stuttgart, Stuttgart, Germany",74
7872,"Computer Science Department, University of Twente, P.O. Box 217, 7500 AE Enschede, The Netherlands; E-mail: {grefen,vonk,apers}@cs.utwente.nl",75
8674,"Computer Science Department, Virginia Tech, Blacksburg, USA 24060",76
1673,"Computer Science Dept, UCLA",70
6754,"Computer Science Dept., Columbia University",56
6863,"Computer Science Dept., Stanford University, Stanford, CA",63
705,"Computer Science Dept., SUNY at Binghamton",77
1836,"Computer Science Dept., UCLA, Los Angeles, CA",70
703,"Computer Science Dept., Univ. of Illinois at Chicago",33
6825,"Computer Science Division, National Technical University of Athens, 157 73 Athens, Greece",7
7279,"Computer Science Division, UC Berkeley",21
7466,"Computer Science Division, UC Berkeley, Berkeley, CA",21
6583,"Computer Science Program, School of EECS, University of Central Florida, Orlando, FL",78
1858,"Computer Science UC, San Diego, La Jolla, CA",2
1812,"Computer Science, Department Hong Kong Univ. of Science and Technology, Hong Kong",65
851,"Computer Sciences Department - ICMC/USP, São Carlos, SP, Brazil",72
1546,"Computer Sciences Department, University of Wisconsin - Madison, Madison, WI",69
6570,"Computer Sciences Department, University of Wisconsin-Madison",69
8684,"Computer Sciences Department, University of Wisconsin-Madison, Madison, USA 53706",69
616,"Computer Sciences Department, University of Wisconsin, Madison, WI",69
6506,"Computer Sciences Dept., University of Wisconsin",69
1908,"Computer Sciences, Purdue University",37
3894,"Computer Technology Institute, Patras, Greece",79
6524,"Computer Technology, Institute, P.O.Box 1122, GR-26110 Patras, Greece",59
783,"Computing Science, University of Aberdeen, Aberdeen, UK",80
4923,"Cornell Theory Center, Ithaca, NY",81
1105,Cornell University,81
9139,"Cornell University Ithaca, NY",81
4445,"Cornell University, Ithaca, New York",81
2513,"Cornell University, Ithaca, NY",81
5905,"Cornell University, Ithaca, NY, USA",81
6386,"Cornell University, Ithaca, USA",81
9251,"Cornell University, Ithaca, USA 14853",81
1053,"Courant Institute of Mathematical Sciences, Department of Computer Science, New York University",82
6772,"Courant Institute of Mathematical Sciences, New York University",82
6654,"Courant Institute of Mathematical Sciences, New York, University, New York, NY",82
7557,"Courant Institute, New York University",82
8226,"Courant Institute, New York, NY",82
6680,"Courant Institute, NY",82
1026,"CS Dept., UCLA",70
789,"CS Storage Systems Dept., IBM Almaden Research Center",0
2131,"CSE, University of New South Wales, Sydney, Australia",83
8251,"CSIRO ICT Center/E-Health Research Center, Australia",84
366,"CSIRO ICT Centre, North Ryde, NSW, Australia",84
3603,"CTI Patras, Greece",59
6637,"CTO, QUIQ, and Professor, UW-Madison",69
3570,CWI,35
466,"CWI Amsterdam, The Netherlands",35
5206,"CWI, Amsterdam, Netherlands",35
1002,"CWI, Amsterdam, The Netherlands",35
8614,"CWI, Amsterdam, The Netherlands 1098 SJ",35
7762,"CWI, Kruislaan 413, 1098 SJ Amsterdam, The Netherlands; E-mail: {S.Manegold,M.L.Kersten}@cwi.nl",35
1223,"CWI, Kruislaan, GB Amsterdam, The Netherlands",35
1221,"CWI, Kruislaan, GB, Amsterdam, The Netherlands",35
6605,"CWI, P.O. Box 94079, 1090 GB Amsterdam & Microsoft Corporation, One Microsoft Way, Redmond, WA",85
1885,"CWI, SJ Amsterdam, The Netherlands",35
1353,"D.E.I.S. - Università della Calabria, Rende, Italy",86
6664,"D.I.A., Università di Roma Tre",87
6667,"D.I.F.A., Università della Basilicata",88
7763,"Data Distilleries B.V., Kruislaan 402, 1098 SM Amsterdam, The Netherlands; E-mail: P.Boncz@ddi.nl",89
3571,"Data Distilleries, The Netherlands",89
6523,"Data Eng.Lab, Dept.of Informatic, Aristotic University, of Thessaloniki, GR-54006 Greece",11
6718,"Data Management Department, IBM T. J. Watson Research Center, P. O. Box 704, Yorktown Heights, NY",90
6574,"Data Management, IBM T. J. Watson Research Center, P. O.Box, 704, Yorktown Heights, NY",90
347,"Data Mining Technologies, Oracle",91
979,"Database and Artificial Intelligence Group, Technische Universität, Wien, Vienna, Austria",92
1640,"Database Research Group, Swiss Federal Institute of Technology (ETH), Zurich, Switzerland",93
9756,"Database Security Oracle Corp., Redwood City, CA",91
7021,"Database Systems Lab, Indian Institute of Science, Bangalore, India",94
6476,"Database Systems Lab, SERC, Indian Institue of science, Bangalore 560012,INDIA, Lucent Bell Labs, 600 Mountain Avenue, Murray Hill, NJ",18
1306,"Database Systems Lab, SERC, Indian Institute of Science, Bangalore, India",94
2142,"Database Systems Lab, SERC/CSA, Indian Institute of Science, Bangalore, India",94
1127,"Database Systems Lab., SERC, Indian Institute of Science, Bangalore, India",94
7827,"Database Systems R& D Center, University of Florida, Gainesville, FL 32611––6125, USA; E-mail: su@cise.ufl.edu",46
1284,"Databases and Distributed Systems Group, Department of Computer Science, Darmstadt University of Technology - Darmstadt, Germany",95
8748,"David R. Cheriton School of Computer Science, University of Waterloo, Waterloo, Canada",96
597,"David R. Cheriton School of Computer Science, University of Waterloo, Waterloo, Ontario, Canada",96
4258,"DEI, Politecnico di Milano, Italy",97
1625,Deis UNICAL,86
7657,"DEIS---CSITE--CNR, University of Bologna, Bologna, Italy",8
9244,"DEIS, Università della Calabria, Rende (CS), Italy",86
9366,"Department of Anthropology, UCR, Riverside, USA",39
758,"Department of Anthropology, University of California - Riverside, Riverside, CA",39
8237,"Department of Biology, Indiana University, USA",66
8694,"Department of COFM, National University of Singapore, Singapore, Singapore",98
8136,"Department of Computer and Information Science, Moore School Building, University of Pennsylvania, USA",58
1480,"Department of Computer and Information Science, The University of Michigan - Dearborn, Dearborn, MI",99
8019,"Department of Computer and Information Science, The University of Michigan - Dearborn, MI 48128, Dearborn, USA",99
8677,"Department of Computer and Information Science, University of Michigan, Dearborn, USA 48128",99
1550,"Department of Computer and Information Sciences and Engineering, University of Florida, Gainesville, FL",46
8586,"Department of Computer and Information Sciences and Engineering, University of Florida, Gainsville, USA",46
8831,"Department of Computer and Information Sciences, University of Pennsylvania, Philadelphia, USA 19104",58
8381,"Department of Computer Engineering & Maths, Rovira i Virgili University of Tarragona, Catalonia",100
7935,"Department of Computer Engineering and Information Technology, City University of Hong Kong, Tat Chee Avenue, Kowloon, Hong Kong, China",47
7993,"Department of Computer Engineering, Bilkent University, 06800, Bilkent, Ankara, Turkey",23
2188,"Department of Computer Engineering, Bilkent University, Ankara, Turkey",23
8544,"Department of Computer Engineering, Kyungpook National University, Daegu, South Korea 702-701",101
8155,"Department of Computer Engineering, Middle East Technical University, Turkey",102
2091,"Department of Computer Science & Department of Electrical and Computer Engineering, University of Toronto",103
8165,"Department of Computer Science & Electrical Engineering, University of Maryland, USA",64
755,"Department of Computer Science & Engineering, University of California - Riverside, Riverside, CA",39
8170,"Department of Computer Science & Engineering, University of California Riverside, USA",104
1017,"Department of Computer Science & Engineering, University of California, San Diego",2
8542,"Department of Computer Science and Advanced Information Technology Research Center (AITrc), Korea Advanced Institute of Science and Technology (KAIST), Daejeon, South Korea 305-701",105
1158,"Department of Computer Science and Advanced Information Technology Research Center (AITrc), Korea Advanced Institute of Science and Technology (KAIST), Taejon, Korea",105
998,"Department of Computer Science and Automation, Indian Institute of Science, Bangalore, India",94
8144,"Department of Computer Science and Automation, Technical University of Ilmenau, Germany",106
8511,"Department of Computer Science and Computer Engineering, La Trobe University, Australia",107
2093,"Department of Computer Science and Department of Electrical and Computer Engineering, University of Toronto",103
1753,"Department of Computer Science and Engineering University of California, Riverside, CA",39
7992,"Department of Computer Science and Engineering, Arizona State University, AZ 85287-5406, Tempe, USA",12
1656,"Department of Computer Science and Engineering, Arizona State University,Tempe, AZ",12
8150,"Department of Computer Science and Engineering, Bourns College of Engineering, University of California, Riverside, USA",39
7721,"Department of Computer Science and Engineering, Box 352350, University of Washington, Seattle, WA 98195-2350, USA; e-mail: {zives,alon,weld}@cs.washington.edu",104
8687,"Department of Computer Science and Engineering, Chinese University of Hong Kong, Hong Kong, China",42
8804,"Department of Computer Science and Engineering, Chinese University of Hong Kong, New Territories, Hong Kong",41
540,"Department of Computer Science and Engineering, Chinese University of Hong Kong, Sha Tin, New Territories, Hong Kong",41
8173,"Department of Computer Science and Engineering, Helsinki University of Technology, Finland",108
1276,"Department of Computer Science and Engineering, Indian Institute of Technology Bombay, Mumbai, India",1
6909,"Department of Computer Science and Engineering, Indian Institute of Technology Bombay, Mumbai, India 400076",1
1479,"Department of Computer Science and Engineering, Michigan State University, East Lansing, MI",109
1431,"Department of Computer Science and Engineering, State University of New York at Buffalo, Buffalo, NY",62
7747,"Department of Computer Science and Engineering, The Chinese University of Hong Kong, Hong Kong; e-mail: adafu@cse.cuhk.edu.hk",41
8612,"Department of Computer Science and Engineering, The Hong Kong University of Science and Technology, Kowloon, Hong Kong",65
9385,"Department of Computer Science and Engineering, The Hong Kong University of Science and Technology, Kowloon, Hong Kong, China",65
8355,"Department of Computer Science and Engineering, The Ohio State University, USA",12
859,"Department of Computer Science and Engineering, The Pennsylvania State University, University Park, PA",55
7665,"Department of Computer Science and Engineering, The Pennsylvania State University, University Park, PA 16802, USA; e-mail: &lcub;gurumurt,anand,vijay,kandemir,mji&rcub;&commat;cse.psu.edu",55
9362,"Department of Computer Science and Engineering, UCR, Riverside, USA",39
1682,"Department of Computer Science and Engineering, University of California San Diego",2
8129,"Department of Computer Science and Engineering, University of California, USA",104
9487,"Department of Computer Science and Engineering, University of Minnesota-Twin Cities, Minneapolis, USA 55455",110
725,"Department of Computer Science and Engineering, University of Minnesota, Minneapolis, MN",110
8799,"Department of Computer Science and Engineering, University of Minnesota, Minneapolis, USA 55455",110
960,"Department of Computer Science and Engineering, University of Minnesota, Minnesota, MN",110
8377,"Department of Computer Science and Engineering, University of Minnesota, USA",110
9467,"Department of Computer Science and Engineering, University of Washington, Seattle, USA",104
6847,"Department of Computer Science and Engineering, University of Washington, Seattle, WA",104
7867,"Department of Computer Science and Engineering, University of Washington, Seattle, WA, 98195; E-mail: alon@cs.washington.edu",104
8135,"Department of Computer Science and Engineering, University of Washington, USA",104
7948,"Department of Computer Science and Engineering, University of Washington, WA 98195, Seattle, USA",104
9505,"Department of Computer Science and Engineering, Wright State University, Dayton, USA",111
6969,"Department of Computer Science and Information Engineering, National Taiwan University, Taipei, Taiwan, ROC",112
1527,"Department of Computer Science and Information Systems, University of Hong Kong, Hong Kong",42
9351,"Department of Computer Science and Software Engineering, ARC Centre for Perceptive and Intelligent Machines in Complex Environments, The University of Melbourne, Melbourne, Australia",113
1726,"Department of Computer Science Northeastern University, Liaoning, China",114
6569,"Department of Computer Science University of Maryland, College Park, Also with the Institute for Advanced Computer Studies, University Maryland",64
6568,"Department of Computer Science University of Maryland, College Park, Also with the Institute for Systems Research, University of Maryland",64
7786,"Department of Computer Science, Aalborg University 9220 Aalborg Øst, Denmark; E-mail: {simas,csj}@cs.auc.dk",5
1595,"Department of Computer Science, Aalborg University, Aalborg Ø, Denmark",5
9360,"Department of Computer Science, Aalborg University, Aalborg, Denmark",5
1476,"Department of Computer Science, Aalborg University, Denmark",5
7980,"Department of Computer Science, Aalborg University, Fredrik Bajers Vej 7E, 9220, Aalborg Øst, Denmark",5
8171,"Department of Computer Science, Boston University, Boston, MA 02215, USA",39
8151,"Department of Computer Science, Boston University, USA",115
1539,"Department of Computer Science, Brandeis University",26
7916,"Department of Computer Science, Brandeis University, MA 02254, Waltham, USA",26
8087,"Department of Computer Science, Brandeis University, USA",115
1533,"Department of Computer Science, Brandeis University, Waltham, MA",26
728,"Department of Computer Science, Brown University",27
7917,"Department of Computer Science, Brown University, RI 02912, Providence, USA",27
8085,"Department of Computer Science, Brown University, USA",115
8575,"Department of Computer Science, Carnegie Mellon University, Pittsburgh, USA",28
8502,"Department of Computer Science, Center for Automation Research Institute for Advanced Computer Studies, University of Maryland, USA",64
6967,"Department of Computer Science, City University of Hong Kong, 83 Tat Chee Avenue, Kowloon, Hong Kong",47
1522,"Department of Computer Science, City University of Hong Kong, Hong Kong",47
762,"Department of Computer Science, City University of Hong Kong, Kowloon Tong, Hong Kong SAR, China",47
1274,"Department of Computer Science, City University of Hong Kong, Kowloon, Hong Kong",47
1750,"Department of Computer Science, Cornell University",81
1103,"Department of Computer Science, Darmstadt University of Technology",95
8571,"Department of Computer Science, Drop and Statistics, University of São Paulo at São Carlos, São Carlos, Brazil",72
510,"Department of Computer Science, Duke University",115
1067,"Department of Computer Science, Duke University, Durham, NC",115
8510,"Department of Computer Science, Fudan University, China",115
9332,"Department of Computer Science, Global Scientific Information and Computing Center, Tokyo Institute of Technology, Tokyo, Japan 152-8552",116
9306,"Department of Computer Science, Harbin Institute of Technology, Harbin, China",117
1915,"Department of Computer Science, Hong Kong University of Science and Technology",65
1034,"Department of Computer Science, Hong Kong University of Science and Technology, Clear Water Bay, Hong Kong",65
7811,"Department of Computer Science, Hong Kong University of Science and Technology, Clear Water Bay, Kowloon, China; e-mail: luhj&commat;cs.ust.hk",65
1525,"Department of Computer Science, Hong Kong University of Science and Technology, Clearwater Bay, Hong Kong",65
516,"Department of Computer Science, Hong Kong University of Science and Technology, Hong Kong",65
8683,"Department of Computer Science, Hong Kong University of Science and Technology, Kowloon, Hong Kong, China",65
7745,"Department of Computer Science, Institute for Advanced Computer Studies & Institute for Systems Research, University of Maryland, College Park, MD 20742, USA; e-mail: {elemar,vs}@cs.umd.edu",64
8890,"Department of Computer Science, Korea Advanced Institute of Science and Technology (KAIST), Daejeon, South Korea",105
8012,"Department of Computer Science, Monmouth University, NJ 07764, West Long Branch, USA",118
9345,"Department of Computer Science, National Chengchi University, Taipei, Taiwan, ROC",119
8802,"Department of Computer Science, National Chiao Tung University, Hsinchu, Taiwan, ROC",120
9343,"Department of Computer Science, National Tsing Hua University, Hsinchu, Taiwan, ROC",120
1914,"Department of Computer Science, National University of Singapore",98
8013,"Department of Computer Science, National University of Singapore, 3 Science Drive 2, 117543, Singapore",98
6723,"Department of Computer Science, National University of Singapore, 3 Science Drive 2, Singapore",98
7768,"Department of Computer Science, National University of Singapore, 3 Science Drive 2, Singapore 117543; E-mail: tankl@comp.nus.edu.sg",98
8330,"Department of Computer Science, National University of Singapore, Singapore",98
6918,"Department of Computer Science, National University of Singapore, Singapore 117543",98
9307,"Department of Computer Science, National University of Singapore, Singapore, Singapore",98
6532,"Department of Computer Science, National University of singapore,SINGAPORE",98
8379,"Department of Computer Science, Purdue University, USA",37
727,"Department of Computer Science, Purdue University, West Lafayette, IN",37
8800,"Department of Computer Science, Purdue University, West Lafayette, USA 47907",37
7888,"Department of Computer Science, Southwest Texas State University, San Marcos, TX 78666 USA; e-mail: angu@swt.edu",121
8078,"Department of Computer Science, Stanford University, USA",115
6565,"Department of Computer Science, Stanford, CA",63
773,"Department of Computer Science, State University of New York at Stony Brook, Stony Brook, NY",122
8055,"Department of Computer Science, SUNY at Binghamton, USA",77
1115,"Department of Computer Science, Swiss Federal Institute of Technology (ETHZ), ETH Zentrum, Zürich, Switzerland",93
1055,"Department of Computer Science, The Technion, Haifa, Israel",67
9330,"Department of Computer Science, Tokyo Institute of Technology, Tokyo, Japan 152-8552",116
6775,"Department of Computer Science, University of Arizona, AZ",123
1483,"Department of Computer Science, University of Arizona, Tucson, AZ",123
1734,"Department of Computer Science, University of British Columbia",124
6496,"Department of Computer Science, University of British Columbia, Vancouver, BC V6T 1Z4 Canada",124
538,"Department of Computer Science, University of British Columbia, Vancouver, Canada",124
8695,"Department of Computer Science, University of Calgary, Calgary, Canada",64
8154,"Department of Computer Science, University of Calgary, Canada",64
8356,"Department of Computer Science, University of California at Davis, USA",125
677,"Department of Computer Science, University of California Santa Barbara, Santa Barbara, CA",125
855,"Department of Computer Science, University of California Santa Cruz, Santa Cruz, CA",126
7714,"Department of Computer Science, University of California, Los Angeles, California 90095, USA; e-mail: &lcub;csy,zaniolo&rcub;@cs.ucla.edu",70
1921,"Department of Computer Science, University of California, Riverside",39
6860,"Department of Computer Science, University of California, Santa Barbara",125
6843,"Department of Computer Science, University of California, Santa Barbara, CA",125
7790,"Department of Computer Science, University of Chile, Blanco Encalada 2120, Santiago, Chile; e-mail: gnavarro@dcc.uchile.cl",127
8174,"Department of Computer Science, University of Helsinki, Finland",64
7894,"Department of Computer Science, University of Helsinki, Helsinki, Finland",64
515,"Department of Computer Science, University of Hong Kong, Hong Kong",42
8686,"Department of Computer Science, University of Hong Kong, Hong Kong, China",47
9486,"Department of Computer Science, University of Hong Kong, Hong Kong, Hong Kong",42
8876,"Department of Computer Science, University of Illinois at Chicago, Chicago, USA",33
8361,"Department of Computer Science, University of Illinois at Chicago, USA",33
7947,"Department of Computer Science, University of Illinois at Urbana-Champaign, IL 61801, Urbana, USA",71
570,"Department of Computer Science, University of Illinois at Urbana-Champaign, Urbana, IL",71
8145,"Department of Computer Science, University of Magdeburg, Germany",64
1688,"Department of Computer Science, University of Magdeburg, Magdeburg, Germany",128
1423,"Department of Computer Science, University of Maryland",64
6528,"Department of Computer Science, University of Maryland, College Park",64
8066,"Department of Computer Science, University of Maryland, USA",64
6912,"Department of Computer Science, University of Massachusetts, Amherst, MA",129
8242,"Department of Computer Science, University of Massachusetts, USA",129
6763,"Department of Computer Science, University of Minnesota, Minneapolis, MN",110
1422,"Department of Computer Science, University of Pittsburgh",6
8065,"Department of Computer Science, University of Pittsburgh, USA",64
7990,"Department of Computer Science, University of Southern California, CA 90088, Los Angeles, USA",70
1939,"Department of Computer Science, University of Southern California, Los Angeles, CA",73
8752,"Department of Computer Science, University of Southern Maine, Portland, USA",70
7989,"Department of Computer Science, University of Texas at Dallas, TX 75083-0688, Richardson, USA",130
2071,"Department of Computer Science, University of Toronto",103
7791,"Department of Computer Science, University of Toronto, 10 King's College Road, Toronto, ON, M5S 1A4, Canada",103
8809,"Department of Computer Science, University of Toronto, Bahen Center for Information Technology, Toronto, Canada M5S 2E4",103
8159,"Department of Computer Science, University of Toronto, Canada",64
9480,"Department of Computer Science, University of Toronto, Toronto, Canada",103
8679,"Department of Computer Science, University of Toronto, Toronto, Canada M5S 3G4",103
7789,"Department of Computer Science, University of Toronto, Toronto, Canada; E-mail: mendel@cs.toronto.edu",103
6944,"Department of Computer Science, University of Toronto, Toronto, ON, Canada",103
7799,"Department of Computer Science, University of Waterloo, 200 University Avenue West, Waterloo, Ontario N2L 3G1, Canada e-mail: {apmarathe,kmsalem}@uwaterloo.ca",96
7671,"Department of Computer Science, University of Wisconsin-Madison, 1210 West Dayton Street, Madison, WI 53706-1685, USA; e-mail: &lcub;dewitt, markhill&rcub;&commat;cs.wisc.edu",69
7885,"Department of Computer Science, Virginia Tech, 7054 Haycock Road, Falls Church, VA 22043 USA; e-mail: {brahim,athman}@vt.edu",131
7956,"Department of Computer Science, Virginia Tech, 7054 Haycock Road, VA 22043, Falls Church, USA",131
9426,"Department of Computer Science, Virginia Tech, Blacksburg, USA 24061",76
1356,"Department of Computer Science, Wichita State University, Wichita, KS",132
7984,"Department of Computer Science, Worcester Polytechnic Institute, MA 01609-2280, Worcester, USA",133
8243,"Department of Computer Science, Worcester Polytechnic Institute, USA",133
907,"Department of Computer Science, Worcester Polytechnic Institute, Worcester, MA",133
6740,"Department of Computer Science, Wright State University, Dayton, OH",111
887,"Department of Computer Science, Zhejiang University, HangZhou, P.R.China",134
7958,"Department of Computer Sciences, Purdue University, 250 N. University Street, IN 47907, West Lafayette, USA",37
7889,"Department of Computer Sciences, Purdue University, 250 N. University Street, West Lafayette, IN 47907 USA; e-mail: ake@cs.purdue.edu",37
8060,"Department of Computer Sciences, Purdue University, USA",37
1512,"Department of Computer Sciences, Purdue University, West Lafayette IN",37
1216,"Department of Computer Sciences, Purdue University, West Lafayette, IN",37
7882,"Department of Computer Sciences, Purdue University, West Lafayette, IN 47907-1398, USA",37
732,"Department of Computer Sciences, Purdue University, West Lafayette, Indiana",37
8696,"Department of Computer Sciences, Purdue University, West Lafayette, USA",37
9388,"Department of Computer Sciences, Purdue University, West Lafayette, USA 47907-2107",37
1064,"Department of Computer Sciences, University of Wisconsin-Madison",69
7910,"Department of Computer Sciences, University of Wisconsin-Madison, 1210 W. Dayton Street, WI 53706, Madison, USA",69
6851,"Department of Computer Sciences, University of Wisconsin, Madison",69
1409,"Department of Computer Sciences, University of Wisconsin, Madison, Madison, WI",69
2161,"Department of Computer, Science, Worcester Polytechnic Institute, Worcester, MA",133
7788,"Department of Computing Science, University of Alberta, Alberta, Canada; E-mail: drafiei@cs.ualberta.ca",135
6727,"Department of Computing Science, University of Alberta, Edmonton, Alberta, Canada",135
7681,"Department of Computing Science, University of Glasgow, Glasgow, G12 8QQ, UK; e-mail: &lcub;ela,mpa,rwi&rcub;&commat;dcs.gla.ac.uk",136
7812,"Department of Computing Science, University of Illinois at Urbana-Champaign, 1304 West Springfield Ave, IL 61801 USA; e-mail: hanj&commat;cs.uiuc.edu",71
1039,"Department of CS, ETHZ, Zürich, Switzerland",93
8692,"Department of CS, National University of Singapore, Singapore, Singapore",98
9681,"Department of CS, Portland State University",137
7922,"Department of EECS and Laboratory of Computer Science, M.I.T., MA 02139, Cambridge, USA",61
8083,"Department of EECS and Laboratory of Computer Science, Massachussetts Institute of Technology, USA",61
532,"Department of EECS, University of Michigan",138
1720,"Department of EECS, University of Michigan, Ann Arbor, MI",138
8661,"Department of EECS, University of Michigan, Ann Arbor, USA",138
8701,"Department of EECS, University of Michigan, Ann Arbor, USA 48109",138
1322,"Department of Electrical and Computer Engineering and Department of Computer Science, Univerity of Toronto, Ontario, Canada",103
1659,"Department of Electrical and Computer Engineering and Department of Computer Science, University of Toronto, Canada",103
8354,"Department of Electrical and Computer Engineering, Carnegie Mellon University, USA",28
9294,"Department of Electrical Engineering and Computer Science, Case Western Reserve University, Cleveland, USA 44106",30
8363,"Department of Electrical Engineering and Computer Science, Northwestern University, USA",139
6799,"Department of Electrical Engineering and Computer Science, University of Michigan",138
1117,"Department of Electrical Engineering and Computer Science, University of Michigan, Ann Arbor, MI",138
7925,"Department of Electrical Engineering and Computer Sciences, University of California at Berkeley, CA 94720, Berkeley, USA",21
8505,"Department of Electrical Engineering, National Taiwan University, ROC",112
8732,"Department of Electrical Engineering, National Taiwan University, Taipei, Taiwan, ROC",112
7741,"Department of Electronic and Computer Engineering, National Technical University of Athens, Hellas, Greece; e-mail: timos@cs.ntua.gr",7
920,"Department of Electronic Engineering, National Taiwan University of Science and Technology, Taipei, Taiwan and Institute of Information Science, Academia Sinica, Taipei, Taiwan",112
8742,"Department of Informatics and Telecommunications, University of Athens, Athens, Greece",7
7807,"Department of Informatics, Aristotle University of Thessaloniki, Greece; e-mail: &lcub;alex,manolopo&rcub;&commat;delab.csd.auth.gr",11
7742,"Department of Informatics, Athens University of Economics and Business, Hellas, Greece; e-mail: mvazirg@aueb.gr",4
8387,"Department of Information and Communication Technology, University of Trento, Italy",140
9344,"Department of Information and Computer Engineering, Chung Yuan Christian University, Chung Li, Taiwan, ROC",141
6779,"Department of Information and Computer Science, University of California, Irvine, California",142
7785,"Department of Information and Software Engineering, George Mason University, Fairfax, Virginia, USA; E-mail: xywang@gmu.edu",143
8153,"Department of Information and Software Engineering, George Mason University, USA",143
8691,"Department of Information Management, National Sun Yat-Sen University, Kaohsiung, Taiwan",144
922,"Department of Mathematics and Computer Science, Emory University, Atlanta, GA and Institute of Information Science, Academia Sinica, Taipei, Taiwan",34
530,"Department of Mathematics and Computer Science, University of Mannheim",145
6673,"Department of Mathematics and Computer Science, University of Marburg, 35032 Marburg, Germany",146
1037,"Department of Mathematics and CS, University of Marburg, Marburg, Germany",146
2046,"Department of Mechanical Engineering, Massachusetts Inst. of Technology, Cambridge, MA",61
1463,"Department of Statistics, Carnegie Mellon University, Pittsburgh, PA",28
8063,"Department of Statistics, Carnegie Mellon University, USA",28
864,"Department of Statistics, The Pennsylvania State University, University Park, PA and Department of Computer Science and Engineering, The Pennsylvania State University, University Park, PA",55
1769,"Department of System Engineering and Engineering Management, The Chinese Univ. of Hong Kong, Hong Kong, China",41
7810,"Department of Systems Engineering and Engineering Management, Chinese University of Hong Kong, Shatin, N.T., China; e-mail: yu&commat;se.cuhk.edu.hk",41
840,"Department of Systems Engineering and Engineering Management, The Chinese Univ. of Hong Kong, Hong Kong, China",41
1094,"Dept of Computer Science, University of Massachusetts, Amherst, MA",129
1970,"Dept of EECS, UC Berkeley",21
895,"Dept. de Computação, Inst. de Ciências Matemáticas e de Computação, Universidade de São Paulo, São Carlos, SP, Brazil",72
6653,"Dept. of CIS, NJIT, NJ",147
6658,"Dept. of Computer Science & Engineering, University of, Washington, Seattle, WA",104
1309,"Dept. of Computer Science and Engg., I.I.T., Bombay",1
694,"Dept. of Computer Science and Engineering, Chinese University of Hong Kong, New Territories, Hong Kong",41
760,"Dept. of Computer Science and Engineering, Hong Kong Univ. of Science and Technology, Clear Water Bay, Hong Kong SAR, China",65
6809,"Dept. of Computer Science and Engineering, University of California, San Diego, La Jolla, CA",2
655,"Dept. of Computer Science, Cornell University",81
1417,"Dept. of Computer Science, Duke University, Durham, NC",115
1767,"Dept. of Computer Science, Hong Kong Univ. of Sci. & Tech., Hong Kong, China",65
1347,"Dept. of Computer Science, SUNY at Binghamton, Binghamton, NY",77
1387,"Dept. of Computer Science, The Hong Kong Univ. of Science and Technology, Hong Kong, China",65
2179,"Dept. of Computer Science, Tufts University",148
1345,"Dept. of Computer Science, U. of Illinois at Chicago, Chicago, IL",33
6791,"Dept. of Computer Science, UIUC",71
1415,"Dept. of Computer Science, Univ. of Illinois at Chicago, Chicago, IL",33
6686,"Dept. of Computer Science, Univ. of Manchester, United Kingdom",149
6563,"Dept. of Computer Science, University of Arizona, Tucson, AZ",123
788,"Dept. of Computer Science, University of Illinois at Urbana-Champaign",71
1851,"Dept. of Computer Science, University of Maryland",64
1826,"Dept. of Computer Science, University of Toronto",103
6505,"Dept. of Computer Science, University of Waterloo",96
6790,"Dept. of CS, SUNY at Binghamton, Binghamton, NY",77
6789,"Dept. of CS, U. of Illinois at Chicago, Chicago, IL",33
6687,"Dept. of Electrical and Computer Eng., National Technical University of Athens, Greece",7
1144,"Dept. of Electrical Engineering & Computer Science, Korea Advanced Institute of Science and Technology (KAIST)",105
1087,"Dept. of Info. & Software Eng., George Mason University",143
8315,"Dept. of Informatics and Telecommunications, University of Athens, Athens, Hellas",7
6845,"Dept. of Information and Computer Science, University of California, Irvine",142
657,"Dept. of Mechanical & Aerospace Engineering, Cornell University",81
6590,"Dept. of Physics and Astronomy, The Johns Hopkins University, Baltimore, MD",150
1390,"Dept. of Systems Engineering and Engineering Management, The Chinese Univ. of Hong Kong, Hong Kong, China",41
1645,"DIA - Università Roma Tre, Roma, Italy",87
9496,"DII, Univ. di Modena e Reggio Emilia, Modena, Italy",151
8790,"DIMET Department, University """"Mediterranea"""" of Reggio Calabria, Reggio Calabria, Italy",151
8871,"Dip. di Informatica, Univ. di Torino, Torino, Italy",152
7817,"Dipartimento di Elettronica e Informazione, Politecnico di Milano, Piazza Leonardo da Vinci 32, 20133 Milan, Italy; E-mail: {bonifati,ceri,parabosc}@elet.polimi.it",97
6684,"Dipartimento di Informatica e Sistemistica, Università di Roma """"La Sapienza"""", Italy",153
6949,"Dipartimento di Informatica e Sistemistica, Università di Roma """"La Sapienza"""", Via Salaria, 113, Roma, Italy",153
6554,"Dipartimento di Matematica Pure ed Applicata, Universita, Degli Studi di L'Aquila, L'Aquila, Italy",154
7794,"Dipartimento di Scienze dell'Informazione, Università degli Studi di Milano, Via Comelico 39/41, 20135 Milano, Italy e-mail: bertino@dsi.unimi.it, ugo_capuozzo@rcm.inet.it",155
8884,"Distributed Information Systems Laboratory, School of Computer and Communication Sciences, EPFL, EPFL-IC-LSIR, Lausanne, Switzerland 1015",156
8017,"Division of Computer Science, Department of Mathematical Sciences, University of North Carolina at Greensboro, Bryan 383, NC 27402-6170, Greensboro, USA",157
977,"Division of Computer Science, Korea Advanced Institute of Science and Technology",105
7953,"Domaine de Voluceau, INRIA, 78153, Le Chesnay, France",158
536,Dortmund University,159
5136,"Dresden Technical University, Dresden, Germany",160
443,Dresden University of Technology,160
2180,"Dresden University of Technology, Database Technology Group",160
807,"Dresden University of Technology, Database Technology Group, Dresden, Germany",160
5241,"Dresden University of Technology, Dresden, Germany",160
953,"Dresden University of Technology, Software Engineering Group, Dresden, Germany",160
4842,Drexel University,54
6934,"DSI-Università di Milano, Via Comelico, 39/41, 20135 Milano Italy",155
6933,"DSI-Università di Milano, Via Comelico, 39/41, 20135 Milano, Italy",155
1086,"DSI, Università di Milano, Italy",155
604,Duke University,115
2456,"Duke University, Durham, NC",115
6009,"Duke University, Durham, NC, USA",115
3344,"Duke University, Durham, North Carolina",115
8469,"E-Health Research Centre/CSIRO ICT, Australia",107
6756,"E.piphany, Inc.",161
1411,"Ecole Nationale Superieure, de Telecommunications, Paris, France",162
581,"École Normale Supérieure de Paris, France",162
8941,"Ecole Polytechnique Fédéral de Lausanne & Google, LTAA, Lausanne, Switzerland",156
8940,"Ecole Polytechnique Fédéral de Lausanne, LTAA, Lausanne, Switzerland",156
205,"Ecole Polytechnique Fédérale de Lausanne (EPFL), Lausanne, Switzerland",156
2927,"École Polytechnique Fédérale de Lausanne, Lausanne, Switzerland",156
3133,"École Polytechnique Fédérale de Lausanne, Switzerland",156
1403,"EECS Computer Science Division, UC Berkeley",21
903,"EECS Computer Science Division, University of California Berkeley, Berkeley, CA",21
7893,"EECS Department, Tufts University, Medford, MA",148
1795,"EECS Department, UC Berkeley",21
966,"EECS Dept, Case Western Reserve University, Cleveland, Ohio",30
2167,"EECS Dept., UC Berkeley",21
8448,"Eindhoven Technical University, Eindhoven, The Netherlands",163
1119,"Electrical Engineering and Computer Science, University of Michigan, Ann Arbor, MI",138
9262,"Electrical Engineering and Computer Science, University of Michigan, Ann Arbor, USA 48109",138
1340,"Electrical Engineering Department, National Taiwan University, Taipei, Taiwan, ROC",112
8763,"Electrical Engineering Department, National Taiwan University, Taipei, Taiwan, ROC and Department of Engineering Science, National Cheng Kung University, Tainen city, Taiwan, ROC 701",119
955,"Embedded System Technology Group, Information Technology Lab., LG Electronics Institute of Technology, Seocho-Gu, Seoul, Korea",164
7962,"Embrapa - Brazilian Agricultural Research Corporation, Av. Dr. Andre Torsello, 209, SP, 13083-886, Campinas, Brazil",165
8590,"Emory University, Atlanta, GA",34
3034,EPFL,156
5739,"EPFL, Lausanne, Switzerland",156
3005,"EPFL, Switzerland",156
6585,"Epiphany Inc., Palo Alto, CA",161
3576,"Epiphany, USA",161
1303,ETH Zurich,93
2625,"ETH Zurich, CH",93
7345,"ETH Zürich, CH 8092 Zürich, Switzerland",93
308,"ETH Zurich, Switzerland",93
182,"ETH Zurich, Zurich",93
607,"ETH Zurich, Zurich, Switzerland",93
8746,"ETH Zurich, Zurich, Switzerland 8092",93
1198,"European Organization for Nuclear Research (CERN), Geneva, Switzerland",38
9768,Facebook Data Infrastructure Team,166
5881,"Facebook, Palo Alto, CA, USA",166
6520,Fachbereich Mathematik und Informatik Universität Marburg - Germany,146
6530,faculty at the University of Wisconsin-Madison,69
772,"Faculty of Computer Science, Free University of Bozen-Bolzano, Bolzano, Italy",167
9460,"Faculty of EEMCS, University of Twente, Enschede, The Netherlands 7500AE",75
9499,"Faculty of Mathematics and Computer Science, University of Hagen, Hagen, Germany 58084",168
1487,"Fakultät für Mathematik und Informatik, University of Mannheim, Germany",145
7568,FernUniv. Hagen,168
8284,"FernUniversität Hagen, Hagen, Germany",168
4867,FIU,169
9100,Florida International University,169
5094,"Florida International University, Miami, FL",169
6392,"Florida International University, Miami, FL, USA",169
3378,"Florida International University, University Park, Miami, FL, USA",169
9399,"Florida State University, Tallahassee, FL",170
6135,"Florida State University, Tallahassee, FL, USA",170
5764,"Florida State University, Tallahassee, USA",170
7945,"Forschungszentrum Informatik (FZI), University of Karlsruhe, 76131, Karlsruhe, Germany",171
3532,FORWISS,16
8141,"France Telecom R&D , France",172
8530,"Free University of Bozen-Bolzano, Bozen-Bolzano BZ, Italy",167
892,"Free University of Bozen-Bolzano, Bozen-Bolzano, Italy",167
86,"Free University of Bozen-Bolzano, Bozen, Italy",167
2087,"Free University of Bozen-Bolzano, Faculty of Computer Science, Italy",167
1178,Fudan University,173
4516,"Fudan University, China",173
915,"Fudan University, Shanghai, China",173
7613,"George Mason Univ., Fairfax. VA",143
264,George Mason University,143
2233,"George Mason University, Fairfax, VA",143
7900,"George Mason University, Fairfax, Virginia",143
6373,"George Mason University, Fairfax, VT, USA",143
6076,"George Washington University, Washington D.C., DC, USA",174
6449,"George Washington University, Washington, D.C., DC, USA",174
3012,Georgia Institute of Technology,52
7840,"Georgia Institute of Technology, 30332 Atlanta, GA, USA",52
6927,"Georgia Institute of Technology, Atlanta, GA",52
5864,"Georgia Institute of Technology, Atlanta, GA, USA",52
6712,"Georgia Institute of Technology, College of Computing",52
8410,"Georgia State University, Atlanta, GA",52
3596,Georgia Tech,52
6482,"Gigabeat, Inc. Palo Alto CA",166
9331,"Global Scientific Information and Computing Center, Tokyo Institute of Technology, Tokyo, Japan 152-8552",116
2551,Google,175
776,Google Inc.,175
2401,"Google Inc., Mountain View, CA",175
5771,"Google Inc., Mountain View, CA, USA",175
2322,"Google Inc., Mountain View, California",175
8644,"Google Inc., Mountain View, USA",175
8798,"Google Inc., Mountain View, USA 94043",175
3337,"Google, Inc.",175
3297,"Google, Inc., Mountain View, CA",175
6411,"Google, Inc., Mountain View, CA, USA",175
9432,"Google, Inc., Mountain View, USA 94043",175
8855,"Google, Inc., New York, NY",175
5774,"Google, Mountain View, CA, USA",175
9600,Greenplum,176
6277,"Greenplum Inc., San Mateo, CA, USA",176
4837,Haifa University,177
8599,"Haifa University, Haifa, Israel",177
8910,"Haifa, Israel",177
9020,Harbin Institute of Tech.,117
3111,Harbin Institute of Technology,117
42,"Harbin Institute of Technology, China",117
3038,"Harbin Institute of Technology, Harbin, China",117
2655,"Hasso-Plattner-Institut, Potsdam",178
2744,"Hasso-Plattner-Institut, Potsdam, Germany",178
393,Hebrew University,179
9458,"Hebrew University of Jerusalem, Jerusalem, Israel",180
5491,"Hebrew University, Jerusalem, Israel",179
1212,"HeliXense Pte Ltd, Singapore",181
1210,"HeliXense Pte Ltd., Singapore",181
8285,"Helsinki University of Technology, HUT, Finland",108
5198,"Hewlett Packard Laboratories, Palo Alto, CA",182
6056,"Hewlett Packard Laboratories, Palo Alto, CA, USA",182
1218,"Hewlett Packard, Palo Alto, CA",182
6940,"Hewlett-Packard Company, 1501 Page Mill Road, Palo Alto, CA",182
805,"Hewlett-Packard Company, Houston, TX",183
320,"Hewlett-Packard Company, Tomball Parkway, Houston, TX",183
2140,"Hewlett-Packard Laboratories, Palo Alto, CA",182
6471,"Hewlett-Packard Laboratories, Palo Alto, California",182
3755,Hewlett-Packard Labs,182
2488,"Hewlett-Packard Labs, Palo Alto, CA",182
1185,"Hewlett-Packard, Palo Alto, CA",182
9441,"Highbridge Capital Management LLC, USA",184
5678,"Highbridge Capital Management LLC, USA, USA",184
3372,HKUST,65
4140,"HKUST, Clear Water bay, Hong Kong",65
5403,"HKUST, Hong Kong, China",65
4502,Hong Kong Baptist University,185
5083,"Hong Kong Baptist University, Hong Kong",185
268,"Hong Kong Polytechnic University, Hung Hom, Hong Kong",186
8558,"Hong Kong Polytechnic University, Kowloon, Hong Kong",186
5676,"Hong Kong Univ. of Science and Technology, Hong Kong, China",65
4501,Hong Kong University of Science & Technology,65
3826,"Hong Kong University of Science & Technology, Hong Kong, China",65
3244,Hong Kong University of Science and Technology,65
41,"Hong Kong University of Science and Technology, China",65
2236,"Hong Kong University of Science and Technology, Clear Water Bay, Hong Kong",65
4795,"Hong Kong University of Science and Technology, Clear Water Bay, Kowloon, Hong Kong",65
3260,"Hong Kong University of Science and Technology, Hong Kong",65
2323,"Hong Kong University of Science and Technology, Hong Kong, China",65
5325,"Hong Kong University of Science and Technology, Hong Kong, Hong Kong",65
5604,"Hong Kong University of Science and Technology, Kowloon, Hong Kong",65
6166,"Hong Kong University, Hong Kong, Hong Kong",42
9057,"HP Laboratories, Palo Alto, CA",182
2530,"HP Labs, Palo Alto, CA",182
5805,"HP Labs, Palo Alto, CA, USA",182
3419,"HP, Palo Alto, CA, USA",182
3242,"Huazhong University of Science and Technology, Hong Kong",65
3241,"Huazhong University of Science and Technology, Wuhan, China",65
1764,"Humboldt Universität zu Berlin, Berlin, Germany",187
1278,"Humboldt-Universität und Fachhochschule für Technik und Wirtschaft, Germany",187
3079,Humboldt-Universität zu Berlin,187
4488,"Humboldt-Universität zu Berlin, Berlin, Germany",187
388,"Humboldt-Universität zu Berlin, Germany",187
1277,"Humboldt-Universität zu Berlin, Kelman GmbH, Berlin, Germany",188
5240,"Humboldt-University zu Berlin, Berlin, Germany",187
310,"i-TV-T AG, Germany",189
180,"i-TV-T AG, Unterföhring",189
2596,I.I.T. Bombay,1
4664,"I.N.R.I.A. Rocquencourt, Cedex, France",158
7676,"I.N.R.I.A., Rocquencourt, France; e-mail: &lcub;Vincent.Aguilera,Pierangelo.Veltri&rcub;&commat;inria.fr",158
3969,IBM,190
3276,IBM Almaden,0
2900,"IBM Almaden RC, San Jose, CA",0
9064,IBM Almaden Res. Ctr.,0
38,IBM Almaden Research Center,0
6549,"IBM Almaden Research Center San Jose , CA",0
6588,"IBM Almaden Research Center, 650 Harry Road, San Jose, CA",0
7849,"IBM Almaden Research Center, 650 Harry Road, San Jose, CA 95120, USA; E-mail: {shanmuga, shekita, bgl, pirahesh, reinwald}@almaden.ibm.com; barr@cs.cornell.edu; carey@propel.com",0
6150,"IBM Almaden Research Center, San Jos, CA, USA",0
6440,"IBM Almaden Research Center, San Jose , CA, USA",0
1715,"IBM Almaden Research Center, San Jose CA",0
15,"IBM Almaden Research Center, San Jose, CA",0
3865,"IBM Almaden Research Center, San Jose, CA, USA",0
681,"IBM Almaden Research Center, San Jose, California",0
5767,"IBM Almaden Research Center, San Jose, USA",0
9338,"IBM Almaden Research Center, San Jose, USA 95120",0
8069,"IBM Almaden Research Center, USA",0
5371,"IBM Almaden Research Lab, San Jose, CA",0
8853,"IBM Almaden Research, Almaden, CA",0
7139,"IBM Almaden Research, Center",0
2886,"IBM Almaden Research, San Jose, CA",0
1856,"IBM Almaden, Research Center, San Jose, CA",0
5574,"IBM Almaden, San Jose, CA, USA",0
878,"IBM Boeblingen Lab, Böblingen, Germany",191
5062,"IBM Boeblingen Laboratory, Boeblingen, Germany",191
6904,"IBM Canada Ltd., 1150 Eglinton Ave. E., Toronto, Ontario M3C 1H7, Canada",192
3867,"IBM Canada, Toronto, ON, Canada",192
5889,"IBM China Research Lab, BeiJing, China",193
9721,"IBM China Research Lab, China",193
6210,"IBM China Research Laboratory, Beijing, China",193
2706,"IBM China Research Laboratory, ShangDi, Beijing, China",193
7162,"IBM Corporation, San Jose, CA",190
7186,"IBM Database Tech. Inst., Austin, TX",190
2376,"IBM Deutschland, Böblingen, Germany",191
1600,"IBM Entwicklung GmbH, Böblingen, Germany",191
110,IBM Germany,22
8439,"IBM Germany, Boeblingen",48
2902,"IBM Germany, Germany",191
8368,"IBM Haifa Labs, Israel",194
8931,"IBM Haifa Research Lab, Haifa, Israel",194
9522,"IBM India Research Lab, India",195
699,"IBM India Research Lab, New Delhi, India",196
612,"IBM India Research Lab, SIRC",196
963,"IBM India Research Lab., Hauz Khas, New Delhi, India",195
4126,IBM Indian Research Laboratory,196
2005,IBM Portland,190
555,IBM Research,90
8022,"IBM Research Laboratory, Haifa, Israel",194
3447,"IBM Research, Haifa, Israel",194
4424,"IBM Research, New Delhi, India",196
8861,"IBM Research, Yorktown Heights, NY",90
8444,IBM San Jose CA USA,0
111,IBM Silicon Valley Lab,0
4456,"IBM Silicon Valley Lab, San Jose CA",0
350,"IBM Silicon Valley Lab, San Jose, CA",0
9429,"IBM Silicon Valley Lab, San Jose, USA 95141",0
8442,"IBM Silicon Valley Lab, USA",0
7055,"IBM Silicon Valley Lab., San Jose, CA",0
7356,IBM Silicon Valley Laboratory,0
1579,"IBM Silicon Valley Laboratory, San Jose, CA",0
4606,"IBM Silicon Valley Laboratory, San Jose, California",0
4601,IBM Silicon Valley Labs,0
7141,"IBM Silicon Valley, Laboratory",0
5837,"IBM Sillicon Valley Lab, San Jose, CA, USA",0
9524,IBM Software Group,197
9725,"IBM Software Group, Canada",192
9526,"IBM Software Group, India",196
7125,"IBM Software Lab, India, Golden Enclave, Bangalore 560017 India",196
627,IBM T. J. Watson Res. Center,90
448,IBM T. J. Watson Research Center,90
682,"IBM T. J. Watson Research Center, Hawhorne, NY",90
1068,"IBM T. J. Watson Research Center, Hawthorne NY",90
2038,"IBM T. J. Watson Research Center, Hawthorne, New York",198
363,"IBM T. J. Watson Research Center, Hawthorne, NY",198
5583,"IBM T. J. Watson Research Center, Hawthorne, NY, USA",198
6762,"IBM T. J. Watson Research Center, P.O. Box 704, Yorktown Heights, NY",90
7098,"IBM T. J. Watson Research Center, Road, Hawthorne, NY",198
5656,"IBM T. J. Watson Research Center, Westchester, NY, USA",90
263,"IBM T. J. Watson Research Center, Yorktown Heights, NY",90
6254,"IBM T. J. Watson Research Center, Yorktown Heights, NY, USA",90
1342,"IBM T. J. Watson Research Center, Yorktown, NY",90
1837,"IBM T. J. Watson Research, Hawthorne, NY",198
4109,"IBM T. J. Watson, Research Center",90
791,IBM T.J. Watson Research Center,90
2330,"IBM T.J. Watson Research Center Hawthorne, NY",198
7422,"IBM T.J. Watson Research Center, Hawthorne, New York",198
2573,"IBM T.J. Watson Research Center, Hawthorne, NY",198
9315,"IBM T.J. Watson Research Center, Hawthorne, USA",198
8896,"IBM T.J. Watson Research Center, New York",90
8163,"IBM T.J. Watson Research Center, USA",90
6490,"IBM T.J. Watson Research Center, Yorktown Heights, NY",90
8737,"IBM T.J. Watson Research Center, Yorktown Heights, USA",90
2268,"IBM T.J. Watson Research Ctr., Hawthorne, NY",198
9341,"IBM T.J. Watson Research Labs, Yorktown Heights, USA 10598",90
2065,"IBM T.J. Watson Research, Hawthorne, NY",198
5636,"IBM T.J. Watson Research, Hawthorne, NY, USA",90
7287,"IBM Thomas J. Watson Research Center, Hawthorne, NY",198
5860,"IBM Thomas J. Watson Research Center, Hawthorne, NY, USA",198
8765,"IBM Thomas J. Watson Research Centre, Yorktown, USA 10598",90
816,IBM TJ Watson Research Center,90
7609,"IBM Tokyo Research Lab, Tokyo, Japan",199
2725,IBM Tokyo Research Laboratory,199
4161,IBM Toronto,192
2031,"IBM Toronto Development Lab, Markham, ON, Canada",192
4740,"IBM Toronto Development Laboratory, Markham, ON, Canada",192
4737,"IBM Toronto Development Laboratory, ON, Canada",192
2056,IBM Toronto Lab,192
2610,"IBM Toronto Lab, Markham, ON",192
1974,"IBM Toronto Lab, Markham, ON, Canada",192
7036,"IBM Toronto Lab, Markham, Ontario, Canada",192
4158,"IBM Toronto Lab, Toronto, Canada",192
5800,"IBM Toronto Lab, Toronto, ON, Canada",192
3710,IBM Toronto Laboratories,192
1572,"IBM Toronto Laboratories, Markham, Ontario, Canada",192
1999,IBM Toronto Laboratory,192
2037,"IBM Toronto Laboratory, Markham, Ontario, Canada",192
9593,"IBM Toronto Labs, Markham, Ontario, Canada",192
1184,"IBM Toronto Software Lab., Markham, Ontario, Canada",192
1980,"IBM Toronto Software Laboratory, Markham, Ontario, Canada",192
4951,IBM Watson,90
2356,IBM Watson Research Center,90
4266,"IBM Watson Research Center, Hawthorne, NY",198
9016,"IBM Watson, Hawthorne, NY",198
2727,IBM Yamato Software Laboratory,199
5340,"IBM, Beijing, China",193
6892,"IBM, Hawthorne",198
5339,"IBM, San Jose, CA",0
5780,"IBM, San Jose, CA, USA",0
7434,"IBM, San Jose, California",0
5675,"IBM, Toronto, Canada",192
1355,"ICAR - CNR, Rende, Italy",200
1621,Icar CNR,200
406,"Icar CNR, Italy",200
9245,"ICAR-CNR, Rende (CS), Italy",200
5346,"IIIT-H: Hyderabad, Hyderabad, India",201
237,IIT Bombay,1
3069,"IIT Bombay, India",1
3994,"IIT Bombay, Mumbaî, India",1
6821,IIT-Bombay,1
1121,"IIT, Bombay",1
381,"Indian Institute of Science, Bangalore, India",94
3619,Indian Institute of Technology Bombay,1
202,"Indian Institute of Technology Bombay, Mumbai, India",1
8041,"Indian Institute of Technology---Mumbai, Mumbai, India",1
7022,"Indian Institute of Technology-Bombay, Powai, Mumbai, India",1
132,"Indian Institute of Technology, Bombay",1
779,"Indian Institute of Technology, Bombay, India",1
7864,"Indian Institute of Technology, Bombay, India; E-mail: sunita@it.iitb.ac.in",1
4481,"Indian Institute of Technology, Bombay, Powai, Mumbai",1
5076,"Indian Institute of Technology, Mumbai, India",1
8207,"Indian Institute of Technology, New Delhi, India",1
4694,Indiana University at Bloomington,66
5222,"Indiana University, Bloomington, IN",66
2795,"Infobright Inc., Canada",202
2793,"Infobright Inc., Poland",203
6258,"Infobright Inc., Toronto, Canada",202
6257,"Infobright Inc., Warsaw, Poland",203
7809,"Infolab, Department of Information Systems and Management, Tilburg University, PO Box 90153, 5000 LE Tilburg, The Netherlands; e-mail: ling&commat;kub.nl",204
8540,"INFOLAB, Tilburg University, Tilburg, The Netherlands 5000 LE",204
6627,InFomix Software,197
8504,"Informatics Laboratory, Agricultural University of Athens, Greece",7
6682,"Informatik V, RWTH Aachen, Germany",205
1811,"Information Management & System, Group Microsoft Research Asia, Beijing, China",206
1607,"Information School, Renmin University of China, Beijing, China",207
7991,"Information Sciences Institute, University of Southern California, CA 90292, Marina del Rey, USA",208
8244,"Information Sciences Institute, University of Southern California, USA",208
8029,"Information Sciences Institute, USC, Marina del Rey, California, CA",208
6602,"Information Sciences Research Center, Bell Laboratories, 600 Mountain Avenue, Murray Hill NJ",18
6804,"Information Sciences Research Center, Bell Laboratories, Murray Hill, NJ",18
8373,"Information Systems Department, University of Maryland Baltimore County, USA",209
976,"Information Technology Lab., LG Electronics Institute of Technology",164
3503,"Informix Software Inc, Los Gatos, USA",210
3731,"Informix Software, Los Gatos, CA, USA",210
3413,"Informix, Menlo Park, CA, USA",197
1300,INRIA,158
3770,INRIA  Rocquencourt,158
3823,INRIA - CNAM,158
475,INRIA Futurs,211
2222,"INRIA Futurs, France",211
3754,INRIA Lorraine,158
3407,INRIA Rocquencourt,158
7793,"INRIA Rocquencourt, 78153 Le Chesnay, France",158
1723,"INRIA Rocquencourt, Domaine de Voluceau, Le Chesnay - France",158
1496,"INRIA Rocquencourt, France",158
2649,"INRIA Rocquencourt, Le Chesnay, France",158
6510,"INRIA Rooquencourt, BP 105,78153, Le Chesnay Cedex, France",158
7731,INRIA Roquencourt; E-mail: dana@rodin.inria.fr,158
8295,"INRIA-Futurs, Orsay, Orsay Cedex, France",211
2687,"INRIA-Orsay, France",211
1225,"INRIA-Rocquencourt, Le Chesnay Cedex, France",158
6607,"INRIA, BP 105, 78153 Le Chesnay, France",158
6856,"INRIA, Domaine de Voluceau BP 105, 78153 Le Chesnay Cedex, France",158
8025,"INRIA, France",158
5148,"INRIA, Nantes, France",158
8179,"INRIA, Orsay Cedex, France",211
7328,INRIA&Tel-Aviv U.,68
1143,"Institut förmatik, TU-München, Orleansstraße, München, Germany",212
1603,"Institut für Informatik, Ludwig-Maximilians-Universität München",213
7593,"Institut fur Informatik, Technical University of Munich, Orleanstr. 34, Munich, D-81667, Germany",212
2648,"Institut für Informatik, TU München, Germany",212
7655,"Institut für Informatik, Universität Freiburg, Freiburg, Germany",214
1965,"Institut für Informatik, University of Tübingen, Tübingen, Germany",215
9459,"Institut Télécom, Télécom ParisTech, CNRS LTCI, Paris, France",172
6459,"Institute AIFB, Universität Karlsruhe, Karlsruhe, Germany",171
6697,"Institute for Advanced Computer Studies and Department of Computer Science, University of Maryland, College Park",64
6839,"Institute for Computer Science, University of Munich, Oettingenstr. 67, D-80538 München, Germany",213
6494,"Institute for Computer Science, University of Munich, Oettingenstr. 67, D-80538 Munich, Germany",213
831,"Institute for Program Structures and Data Organisation, Universität Karlsruhe (TH), Karlsruhe, Germany",171
1135,"Institute of Communication and Computer Systems and Department of Electrical and Computer Engineering, National Technical University of Athens, Zographou, Athens, Hellas",7
8744,"Institute of Communication and Computer Systems and School of Electrical and Computer Engineering, National Technical University of Athens, Athens, Greece 15773",7
1485,"Institute of Communication and Computer Systems and School of Electrical and Computer Engineering, National Technical University of Athens, Zographou, Athens, Hellas",7
7783,"Institute of Computer Science and Information Engineering, National Chiayi University, Chiayi, Taiwan; E-mail: ychen@sun11.ncytc.edu.tw",141
6509,"Institute of Computer Science, Forth, P.O, Box 1385, Heraldion, Greece",216
1041,"Institute of Computer Science, University of Augsburg, Augsburg, Germany",217
8459,"Institute of Computing Technology, Chinese Academy of Sciences and Graduate School, Chinese Academy of Sciences, Zhongguancun, Beijing, P.R.China",40
7963,"Institute of Computing, University of Campinas, Caixa Postal 6176, SP, 13081-970, Campinas, Brazil",165
6531,"Institute of Industrial Science, University of Tokyo, JAPAN",116
1240,"Institute of Industrial Science, University of Tokyo, Komaba, Meguro-ku, Tokyo",116
7781,"Institute of Information Engineering, National Cheng Kung University, Tainan, Taiwan; E-mail: leec@dblab.iie.ncku.edu.tw",119
921,"Institute of Information Science, Academia Sinica, Taipei, Taiwan",218
923,"Institute of Information Science, Academia Sinica, Taipei, Taiwan and Department of Computer Science and Information Engineering, National Taiwan University of Science and Technology, Taipei, Taiwan",218
4416,"Institute of Information Systems, ETH Zurich, Switzerland",93
450,"Institute of Information Systems, ETH Zurich, Zurich, Switzerland",93
7735,"Institute of Information Systems, Faculty of Economics, Humboldt University Berlin, 10178 Berlin, Germany; e-mail: myra@wiwi.hu-berlin.de",187
167,"Institute of Information Systems, Switzerland",156
2154,"Institute of Parallel and Distributed Systems, University of Stuttgart, Stuttgart, Germany",74
7734,"Institute of Pedagogy and Informatics, Faculty of Philosophy IV, Humboldt University Berlin, 10117 Berlin, Germany; e-mail: berendt@educat.hu-berlin.de",187
4342,"Institute of Remote Sensing Applications, Chinese Academy of Sciences, Beijing",40
9461,"Institute of Technical Medicine, Faculty of Science and Technology, University of Twente, Enschede, The Netherlands 7500AE",75
1778,"Instituto de Informática, Universidade Federal do Rio Grande do Sul - UFRGS, Brazil",219
8887,"Integrated Data System Department, Siemens Corporate Research, Princeton, USA 08540",220
2183,"Integrated Media Systems Center & Computer Science Department, University of Southern California, Los Angeles, CA",73
2780,Intel Corporation,10
176,"Intel Corporation, Santa Clara, CA",10
548,Intel Research Berkeley,21
5486,"Intel Research Berkeley, Berkeley, CA",21
7509,"Intel Research Laboratory, Berkeley, CA",21
1698,Intel Research Pittsburgh,221
246,"Intel Research Pittsburgh, Pittsburgh, PA",221
6059,"Intel Research Pittsburgh, Pittsburgh, PA, USA",221
2,"Intel Research, Berkeley",222
8198,"Intel Research, Berkeley, CA",21
9794,"Intel Research, Berkeley, CA, USA",222
8000,"Intel Research, Pittsburgh, Pennsylvania, PA",221
7934,"International Institute of Information Technology, 5000019, Gachhilbowli, Hyderabad, India",201
8266,"ISLA, Universiteit van Amsterdam, The Netherlands",223
949,"ISLA, University of Amsterdam, The Netherlands",223
5273,"ISTI-CNR, Pisa, Italy",224
4350,itr-rescue.org,142
4349,itr-rescue.org (UC Irvine),142
6990,Japan Advanced Institute of Science and Technology,225
1713,"Japan Advanced Institute of Science and Technology, Asahidai, Tatsunokuchi, Ishikawa, Japan",225
7997,"Japan Advanced Institute of Science and Technology, Ishikawa, Japan",105
1704,Johns Hopkins University,150
2955,"Johns Hopkins University, Baltimore, MD",150
4838,KAIST,105
7024,"KAIST, Taejon, KOREA",105
1279,"Kelman GmbH Berlin, Berlin, Germany",188
170,"Kent State University, Kent, OH",226
5697,"Kent State University, Kent, OH, USA",226
9485,"Key Labs of Data Engineering and Knowledge Engineering, MOE, Renmin University of China, Beijing, People's Republic of China",207
6256,"Kickfire, Santa Clara, , CA, USA",227
6047,"King Abdullah University of Science and Technology, Jedah, Saudi Arabia",228
6186,"King Abdullah University of Science and Technology, Soudi Arabia, Saudi Arabia",228
3858,Korea Advanced Institute of Science and Technology,105
92,"Korea Advanced Institute of Science and Technology (KAIST), Daejeon, Korea",105
5625,"Korea Advanced Institute of Science and Technology (KAIST), Daejeon, South Korea",105
7094,"Korea Advanced Institute of Science and Technology (KAIST), Taejon, Korea",105
6587,"Korea Advanced Institute of Science and Technology and Advanced Information Technology Research Center at KAIST, Taejon, KOREA",105
7413,"Korea Advanced Institute of Science and Technology, 373-1, Gusong-dong, Yusong-gu, Daejeon 305-701, South Korea",105
742,"Korea Advanced Institute of Science and Technology, Daejeon-City, Korea",105
5256,"Korea Advanced Institute of Science and Technology, Daejeon, South Korea",105
7113,"Korea Advanced Institute of Science and Technology, Taejon, Korea",105
255,"Korea Advanced Institute of Science and Technology, Yusong-gu, Taejon, Korea",105
1194,"Kyoto University, School of Informatics, Yoshida-Honmachi, Sakyo-ku, Kyoto, Japan",229
7428,"Kyoto University, Yoshida-Honmachi, Sakyo-ku, Kyoto, Japan",229
5313,"Kyungpook National University, Daegu, South Korea",101
2319,"Kyungpook National University, Republic of Korea",101
462,"L3S Research Center, Hanover, Germany",230
4886,"L3S, University of Hannover",230
3315,"L3S/University of Hannover, Hannover, Germany",230
8258,"La Trobe University, Australia",107
8148,"Laboratoire de Recherche en Informatique, Université de Paris-Sud, France",36
2134,"Laboratoire LIMOS, ISIMA, Clermont-Ferrand, France",231
1853,"Laboratory for Foundations of Computer Science, School of Informatics, University of Edinburgh, UK",232
1350,"Laboratory for Foundations of Computer Science, University of Edinburgh, Edinburgh, UK",232
9414,"Lamsade, University of Paris-Dauphine, Paris, France",36
2123,"Large Scale Distributed Information Systems (LSDIS) Lab, Computer Science Department, University of Georgia, Athens, GA",233
7877,"Large Scale Distributed Information Systems Lab, Computer Science Department, University of Georgia, Athens, GA 30602-7404, USA; e-mail: amit@cs.uga.edu",233
1707,"Lawrence Berkeley National Laboratory, Berkeley, CA",21
3614,"Lawrence Berkeley National Laboratory, Berkeley, CA, USA",21
8550,"Lehrstuhl für Informationssysteme, Universität des Saarlandes, Saarbrücken, Germany",234
7940,"Lehrstuhl für Praktische Informatik III, Universität Mannheim, 68131, Mannheim, Germany",145
5242,"Leibniz University Hanover, Hanover, Germany",230
8341,"LG Datenbanksysteme für neue Anwendungen, FernUniversität Hagen, Germany",168
823,"LG Electronics, Inc., Gangnam-gu, Seoul, Korea",164
8142,"LIMOS, Université Blaise Pascal, France",231
6352,"Lincoln Labs, Massachusetts Institute of Technology, Cambridge , MA, USA",61
7041,lndian Institute of Science,94
2852,LORIA-INRIA,158
2221,"LRI - Univ. Paris-Sud, France",36
580,"LRI, Université Paris-Sud, Orsay, France",36
6475,"Lucent Bell Labs, 600 Mountain Avenue, Murray Hill, NJ, Computer Science and Engg., Tndian Institiue of Technology, Mumbai 400076,INDIA",20
1304,"Lucent Bell Labs, Murray Hill, NJ",18
983,"Lucent Technologies - Bell Laboratories, Murray Hill, NJ",18
4397,Lucent Technologies-Bell Laboratories,18
1020,"Lucent Technologies, Bell Laboratories",18
6783,"Lucent Technologies, Bell Laboratories, Murray Hill, NJ",18
7392,"Lucent Technologies, Bell Labs",18
6784,"Lucent Technologies, Murray Hill, NJ",20
5002,"Ludwig-Maximilians-University, Munich, Germany",213
1402,M.I.T,61
1013,M.I.T.,61
8768,"Management Information Systems Department, Haifa University, Haifa, Israel",177
1428,Martin-Luther-University of Halle,235
2295,Massachusetts Institute of Technology,61
8195,"Massachusetts Institute of Technology, Cambridge, MA",61
5807,"Massachusetts Institute of Technology, Cambridge, MA, USA",61
6140,"Massachusetts Institute of Technology, Canbridge, MA, USA",61
869,"Mathematics & Computing Technology, Boeing Phantom Works, Seattle, Washington",24
7784,"Mathematics and Computing Technology, Phantom Works, The Boeing Company, Bellevue, Washington, USA; E-mail: changzhou.wang@boeing.com",24
8417,"Max Planck Institut fur Informatik, Saarbrücken, Germany",236
3160,"Max Planck Institute for Informatics Campus, Saarbrücken, Germany",234
771,"Max Planck Institute for Informatics, Saarbrücken, Germany",236
4749,"Max Planck Institute, Saarbruecken, Germany",236
621,"Max-Planck Institute for Computer Science, Saarbrücken, Germany",236
2116,"Max-Planck Institute for Computer Science, Saarbruecken, Germany",236
192,"Max-Planck Institute for Informatics, Saarbrücken, Germany",236
189,"Max-Planck Institute for Informatics, Saarbruecken, Germany",236
1879,"Max-Planck Institute of Computer Science, Saarbruecken, Germany",236
5518,"Max-Planck-Institut fü Informatik, Saarbrücken, Germany",236
146,"Max-Planck-Institut für Informatik, Germany",236
401,"Max-Planck-Institut für Informatik, Saarbrücken, Germany",236
4484,McGill Univ. Montreal,237
9286,"McGill University, Canada",237
7909,"McGill University, Montreal, Quebec, Canada",237
8310,"Michigan State University, East Lansing, MI",109
2839,Micorsoft Research,85
8240,"Microarchitecture Research Lab, Intel Corp., USA",10
128,Microsoft,85
9677,Microsoft Audience Intelligence,85
9465,"Microsoft Corp, Redmond, USA",85
868,Microsoft Corp.,85
335,"Microsoft Corp., One Microsoft Way, Redmond, WA",85
171,"Microsoft Corp., Redmond, WA",85
5900,"Microsoft Corp., Redmond, WA, USA",85
2549,Microsoft Corporation,85
1977,"Microsoft Corporation, One Microsoft Way, Redmond, WA",85
7751,"Microsoft Corporation, One Microsoft Way, Redmond, WA 98052-6399, USA; E-mail: {philbe,shankarp,dshutt}@microsoft.com",85
352,"Microsoft Corporation, One Microsoft Way, Redmond, Washington",85
1222,"Microsoft Corporation, Redmond",85
6093,"Microsoft Corporation, Redmond, USA",85
1599,"Microsoft Corporation, Redmond, WA",85
5843,"Microsoft Corporation, Redmond, WA, USA",85
8162,"Microsoft Corporation, USA",85
11,Microsoft Research,85
2283,Microsoft Research Asia,206
5173,"Microsoft Research Asia, Beijing, China",206
5938,"Microsoft Research India, Bangalore, India",238
9210,"Microsoft Research One Microsoft Way Red mond, WA",85
9211,"Microsoft Research One Microsoft Way Redmond, WA",85
9138,"Microsoft Research Redmond, WA",85
9055,"Microsoft Research Silicon Valley, Mountain View, CA",239
6551,"Microsoft Research, 301 Howard St., Suite 830, San Francisco, CA",240
8652,"Microsoft Research, Cambridge, UK CB3 0FB",241
714,"Microsoft Research, Cambridge, United Kingdom",241
8289,"Microsoft Research, Mountain View, CA",239
6048,"Microsoft Research, Mountain View, CA, USA",239
6443,"Microsoft Research, Mountain View, USA",239
767,"Microsoft Research, One Microsoft Way, Redmond, WA",85
8021,"Microsoft Research, One Microsoft Way, WA 98052, Redmond, USA",85
6481,"Microsoft Research, One MicrosoftWay, Redmond, WA",85
1507,"Microsoft Research, Redmond",85
8843,"Microsoft Research, Redmond WA, USA",85
6042,"Microsoft Research, Redmond, USA",85
1255,"Microsoft Research, Redmond, WA",85
7876,"Microsoft Research, Redmond, WA 98052-6399, USA; (e-mail: philbe@microsoft.com)",85
3428,"Microsoft Research, Redmond, WA, USA",85
8031,"Microsoft Research, Redmond, Washington, WA",85
6593,"Microsoft Research, San Francisco, CA",240
8429,"Microsoft Research, USA",85
5107,"Microsoft Search Labs, Mountain View, CA",239
4863,"Microsoft Search Labs, Mountain View, California",239
9433,"Microsoft Search Labs, Mountain View, USA 94043",239
9659,Microsoft SQL Server,85
2765,"Microsoft SQL Server, One Microsoft Way, Redmond, WA",85
5138,"Microsoft, Redmond, WA",85
5820,"Microsoft, Redmond, WA, USA",85
3440,"Microsoft, USA",85
1128,Middle East Technical University,102
7131,"Middle East Technical University (METU), 06531 Ankara Turkiye",102
5936,"Mirosoft Research India, Bangalore, India",238
1834,MIT,61
4386,"MIT Computer Science and Artificial Intelligence Laboratory (CSAIL), Cambridge, MA",61
645,"MIT Computer Science and Artificial Intelligence Laboratory, Cambridge, MA",61
230,MIT CSAIL,61
153,"MIT CSAIL, Cambridge, MA",61
5757,"MIT CSAIL, Cambridge, MA, USA",61
5128,"MIT, Boston, MA",61
5005,"MIT, Cambridge, MA",61
5803,"MIT, Cambridge, MA, USA",61
9273,"MIT, Cambridge, USA",61
4591,Mitre Corporation,242
8214,"Monmouth University, West Long Branch, NJ",118
2647,"Motorola Labs, Schaumburg, IL",243
1955,"MPI Informatik, Saarbruecken, Germany",236
8376,"MSIS Department, Rutgers University, USA",44
9492,"N4 02A-07, Division of Information Systems, School of Computer Engineering, Nanyang Technological University, Singapore, Singapore 639798",53
3222,"Nanyang Technological University, Singapore",53
5516,"Nanyang Technological University, Singapore, Singapore",53
3636,Nara Institute of Science and Technology,225
7802,"Nara Institute of Science and Technology, 8916-5 Takayama, Ikoma, Nara 630-0101, Japan; e-mail: &rcub;yosikawa, uemura&rcub;&commat;is.aist-nara.ac.jp",225
3366,"Nara Institute of Science and Technology, Japan",225
4586,Nasa Ames,244
4593,"NASA Ames Research Center, Moffett Field, CA",244
3397,"NASA Goddard Space Flight Center Greenbelt, MD, USA",244
8997,Nat'l University of Singapore,98
1287,National Biomedical Computing Resource,2
1683,"National Center for Biomedical Research, University of California San Diego",2
8841,"National ICT Australia, Australian Technology Park, Eveleigh, Australia NSW 1430",245
9054,"National Taiwan University, Taipei, Taiwan",119
4431,"National Technical University of Athens, Athens, GR",7
9321,"National Technical University of Athens, Athens, Greece",7
8609,"National Technical University of Athens, Athens, Greece 15772 and IBM Almaden Research Center, San Jose, USA",7
6407,"National Tsing Hua University, Hsinchu, Taiwan Roc",120
2439,National U. of Singapore,98
687,National Univ. of Singapore,98
3172,"National Univ. of Singapore, Republic of Singapore",98
5126,"National Univeristy of Singapore, Singapore, Singapore",98
2418,National University of Singapor,98
52,National University of Singapore,98
738,"National University of Singapore, Department of Computer Science, Singapore",98
4574,"National University of Singapore, Kent Ridge, Singapore",98
8785,"National University of Singapore, Law Link, Singapore",98
200,"National University of Singapore, Singapore",98
5291,"National University of Singapore, Singapore, Singapore",98
4953,"Natl University of Singapore, S'pore, Singapore",98
4009,Natl. University of Singapore,98
1472,NCR Advance Development Lab,246
2057,"NCR Corporation, Teradata Research and Development, San Diego, California",246
3841,"NCR, El Segundo, CA, USA",246
3840,"NCR, San Diego, CA, USA",246
685,"NEC Laboratories America Inc., Princeton, NJ",247
505,"NEC Laboratories America, Cupertino, CA",247
5777,"NEC Laboratories America, Cupertino, CA, USA",247
1665,"NEC Laboratories America, Inc., Cupertino, California",247
9099,NEC Labs America,247
961,"NEC Research Institute, Princeton, NJ",247
3491,"NEC Research Institute, Princeton, NJ, USA",247
3673,"NEC, San Jose, CA, USA",29
4506,New Jersey Inst. of Technology,147
3405,New Jersey Institute of Technology,147
9319,"New Jersey Institute of Technology, Newark, USA",147
3412,New York University,82
1412,"New York University, New York",82
4751,"New York University, New York City, NY",82
1458,"New York University, New York, NY",82
6353,"New York University, New York, NY, USA",82
8500,"NICTA Victoria Laboratory, Department of Computer Science and Software Engineering, University of Melbourne, Australia",113
9354,"NICTA, University of Melbourne, Parkville, Australia",113
2354,North Carolina State University,157
5695,"North Carolina State University, Raleigh, NC, USA",157
8358,"North Carolina State University, USA",157
4449,Northeastern University,51
3608,Northeastern University Boston,51
277,"Northeastern University, Boston, MA",51
2281,"Northeastern University, Liaoning, China",114
5638,"Northeastern University, Shenyang, China",114
2966,"Northwestern University, Evanston, IL",139
3365,NTT Cyber Solutions Laboratories,248
3635,NTT Cyber Space Laboratories,248
7801,"NTT Cyber Space Laboratories, 1-1 Hikari-no-oka, Yokosuka, Kanagawa 239-0847, Japan; e-mail: sakurai.yasushi&commat;lab.ntt.co.jp, kojima&commat;aether.hil.ntt.co.jp",248
8122,"NTT Cyber Space Laboratories, NTT Corporation, Kanagawa, Japan",248
4238,"NTT Cyber Space Labs., Kanagawa, Japan",248
3430,NUS,98
5234,"NUS, Singapore, Singapore",98
3686,NYU,82
1962,"OGI School of Science & Engineering at, Oregon Health & Science University, Beaverton, Oregon",249
2101,OGI/OHSU,249
2990,Ohio State University,250
76,"Ohio State University, Columbus, OH",250
1831,OHSU/OGI,249
7122,"One Microsoft Way, Redmond WA",85
3734,Oracle,91
2218,Oracle,91
4208,"Oracle +Corp., Redwood Shores, CA",91
9528,Oracle Corp.,91
9532,Oracle Corp.,91
2808,"Oracle Corp., Redwood Shores, CA",91
3517,Oracle Corporation,91
6905,Oracle Corporation,91
7166,"Oracle Corporation, CA",91
7148,"Oracle Corporation, Nashua NH",91
1990,"Oracle Corporation, Nashua, NH",91
3550,"Oracle Corporation, Nashua, NH, USA",91
7146,"Oracle Corporation, NEDC, Nashua NH",91
6623,"Oracle Corporation, New England Development Center, One Oracle Driv e, Nashua, NH",91
7664,"Oracle Corporation, One Oracle Drive, Nashua, NH 03062, USA; e-mail: ning.an&commat;oracle.com",91
1219,"Oracle Corporation, Oracle Parway, Redwood Shores, CA",91
319,"Oracle Corporation, Redwood City, CA",91
6320,"Oracle Corporation, Redwood City, CA, USA",91
1592,"Oracle Corporation, Redwood Shores",91
311,"Oracle Corporation, Redwood Shores CA",91
806,"Oracle Corporation, Redwood Shores, CA",91
3391,"Oracle Corporation, Redwood Shores, CA, USA",91
8513,"Oracle Corporation, USA",91
2553,"Oracle USA 400, Oracle Parkway, Redwood Shores, CA",91
4976,"Oracle USA Inc, Redwood Shores, CA",91
6315,"Oracle USA, Nashua, NH, USA",91
9646,"Oracle USA, Redwood City, CA",91
5873,"Oracle USA, Redwood City, CA, USA",91
792,"Oracle USA, Redwood Shores, CA",91
2580,"Oracle, Nashua, NH",91
3896,"Oracle, Nashua, NH, USA",91
343,"Oracle, One Oracle Drive, Nashua, NH",91
370,"Oracle, Redwood Shores, CA",91
5614,"Oracle, Redwood Shores, CA, USA",91
6036,"Oracle, Redwood, CA, Switzerland",91
9270,"Oracle, St. Louis, USA",91
6652,"Oregon Graduate Institue of Science Technology, CSE, 20000 N.W. Walker Road, P.O.Box 91000, Portland",251
7592,Oregon Graduate Institute of Science and Technology,251
9089,Oxford University,252
3299,"Oxford University, Oxford, UK",252
6141,"Oxford University, Oxford, United Kingdom",252
5670,"Oxford University, Oxford, United Kngdm",252
5162,"Peking University, Beijing, China",253
3940,Pennsylvania State University,55
5079,"Pennsylvania State University, PA",55
2274,"Pennsylvania State University, University Park, PA",55
9422,"Pennsylvania State University, University Park, USA",55
6326,"Pennsylvania State, University Park, PA, USA",55
2051,"Persistent Systems Private Limited, Bhageerath, Pune, India",254
1312,"Persistent Systems Pvt. Ltd., Pune",254
1296,"Persistent Systems, Pune, India",254
8726,"Philipps Universität Marburg, Germany",146
4291,Philipps University Marburg,146
8186,"Philipps University, Marburg, Germany",146
7377,"Philipps-University Marburg, Marburg, Germany",146
4682,"Piazza Leonardo da Vinci, Milano, Italy",97
8741,"Pisa KDD Laboratory, Computer Science Department, University of Pisa, Pisa, Italy 56127",255
8739,"Pisa KDD Laboratory, ISTI---CNR, Pisa, Italy 56124",224
8738,"Pisa KDD Laboratory, ISTI---CNR, Pisa, Italy 56124 and Pisa KDD Laboratory, Computer Science Department, University of Pisa, Pisa, Italy 56127",224
6597,Ploytechnic Univ.,45
4854,Pohang University of Science and Technology,256
8493,"Pohang University of Science and Technology, Gyungbuk, Korea",256
3842,Politecnico di Milano,97
7776,"Politecnico di Milano, Dipartimento di Elettronica e Informazione, Piazza L. Da Vinci, 32, 20133 Milano, Italy; E-mail: pozzi@elet.polimi.it",97
7814,"Politecnico di Milano, Dipartimento di Elettronica e Informazione, Piazza Leonardo da Vinci 32, 20133 Milano, Italy; E-mail: barbara.pernici@polimi.it",97
6334,"Politecnico di Milano, Milan, Italy",97
4618,"Politecnico di Milano, Milano, Italy",97
7740,"Politecnico di Milano, Milano, Italy; e-mail: pernici@elet.polimi.it",97
9044,"Politecnico di Milano, Piazza Leonardo da Vinci, Milano, Italy",97
7583,"Politecnico di Torino, Torino, Italy",152
8111,"Politecnico di Torino, Turin, Italy",97
9382,"Polytechnic Institute of New York University, Brooklyn, USA 11201",82
4829,Polytechnic University,45
9445,Pontificia Universidad Católica de Chile,257
9404,"Pontificia Universidad Católica de Chile, Chile",257
2821,Portland State University,137
5445,"Portland State University, Portand, OR",137
3059,"Portland State University, Portland, OR",137
9796,"Portland State University, Portland, OR, USA",137
6555,"Praktische Informatik IV, FernUniversitäit Hagen, D-58084, Hagen, Germany",168
4985,Princeton University,258
2480,"Princeton University, Princeton, NJ",258
5997,"Princeton University, Princeton, NJ, USA",258
3961,"PRISM Laboratory, University of Versailles, France",259
988,"PRISM Laboratory, Versailles, France",259
8026,"Procom Technology Inc., Irvine, California, CA",260
3689,"Procom Technology, Irvine, CA, USA",260
6540,PSPL Ltd. Pune,254
9636,PSU,55
809,"PTU NetWeaver AS TREX, SAP AG, Walldorf, Germany",261
3279,PUC Chile,257
1394,Purdue University,37
7284,"Purdue University West Lafayette, IN",37
4748,"Purdue University, Lafayette, IN",37
8061,"Purdue University, USA",37
272,"Purdue University, West Lafayette",37
8,"Purdue University, West Lafayette, IN",37
5795,"Purdue University, West Lafayette, IN, USA",37
436,"Purdue University, West Lafayette, Indiana",37
8761,"Purdue University, West Lafayette, USA",37
8619,"Queen Mary, University of London, London, UK E1 4NS",262
9502,"R.A. Computer Technology Institute and Computer Engineering and Informatics Department, University of Patras, Rio, Greece",59
251,"RA Computer Technology Institute, Athens, Greece",79
2438,Renmin University of China,207
2425,"Renmin University of China, Beijing, China",207
4564,"Rensselaer Polytechnic Institute, Troy, New York",263
3196,"Rensselaer Polytechnic Institute, Troy, NY",263
6635,"Retail Solutions Group, NCR Corporation",246
5716,"RMIT University, Melbourne, Australia",264
8789,"RMIT University, Victoria, Australia",264
7792,"Robert H. Smith School of Business and UMIACS, University of Maryland, College Park, MD 20742, USA",64
8369,"Robotics Institute, Carnegie-Mellon University",28
9495,"Room 511B, William M.W. Mong Engineering Building, The Chinese University of Hong Kong, Shatin, Hong Kong",41
9493,"Room 609, William M.W. Mong Engineering Building, The Chinese University of Hong Kong, Shatin, Hong Kong",41
9494,"Room 707, Sir Run Run Shaw Building, Hong Kong Baptist University, Kowloon Tong, Hong Kong",185
4,Rutgers University,44
8204,"Rutgers University, Murray Hill, NJ",44
8759,"Rutgers University, Newark, USA",44
9434,"Rutgers University, Newark, USA 07102",44
4476,"Rutgers University, Piscataway, NJ",44
5866,"Rutgers University, Piscataway, NJ, USA",44
3402,RWTH Aachen,205
2626,"RWTH Aachen University, Aachen, Germany",205
114,"RWTH Aachen University, Germany",205
1459,"RWTH Aachen, Informatik V (Information Systems), Aachen, Germany",205
8914,"RWTH, Aachen, Germany",205
2681,"Saarland University Database Group, Saarbrücken, Germany",234
5098,"Saarland University, Saarbrücken, Germany",234
5840,"Samsung Electronics Co., Ltd., Hwang, South Korea",265
6276,"Samsung Electronics Co., Ltd., Hwasung-City, South Korea",265
824,"Samsung Electronics, Hwasung, Gyeonggi-Do, Korea",265
1288,San Diego Supercomputer Center,2
1684,"San Diego Supercomputer Center, University of California San Diego",2
7656,"San Diego Supercomputer Center, University of California San Diego, La Jolla, CA",2
1016,"San Diego Supercomputer Center, University of California, San Diego",2
882,"San Diego Supercomputer Center, University of California, San Diego, CA",2
2097,Santa Clara University,227
8257,"Santa Clara University, Santa Clara, CA",227
4592,SAP,261
3102,"SAP AG, Dietmar-Hopp-Allee, Walldorf, Germany",261
6324,"SAP AG, Hidelberg, Germany",261
810,"SAP AG, Walldorf, Germany",261
9368,"SAP AG, Walldorf, Germany 69190",261
4617,"SAP Labs, Palo Alto, CA",266
2039,"SAP Research Center Palo Alto, LLC, Palo Alto, CA",266
8717,"SAPIENZA Università di Roma, Roma, Italy",153
1954,"School of Comp. Sci., Florida Intl. University, Miami, FL",169
8872,"School of Computer and Communication Sciences EPFL, Lausanne, Switzerland 1010",156
8371,"School of Computer and Communication Sciences, École Polytechnique Fédérale de Lausanne, (EPFL), Switzerland",156
2637,"School of Computer and Communication Sciences, Switzerland",156
7939,"School of Computer Engineering, Nanyang Technological University",53
8689,"School of Computer Engineering, Nanyang Technological University, Singapore, Singapore",53
9327,"School of Computer Engineering, Nanyang Technological University, Singapore, Singapore 639798",53
6562,"School of Computer Engr, Seoul National University, Seoul, Korea",267
1261,"School of Computer Science & Engineering, The University of New South Wales, Sydney, NSW, Australia",83
8139,"School of Computer Science and Engineering University of New South Wales, Australia",83
8352,"School of Computer Science and Engineering, The Hebrew University of Jerusalem, Israel",179
1326,"School of Computer Science and Engineering, The Hebrew University of Jerusalem, Jerusalem, Israel",179
7771,"School of Computer Science and Engineering, The University of New South Wales, Sydney 2052 NSW, Australia; E-mail: anne@cse.unsw.edu.au",83
8842,"School of Computer Science and Engineering, University of New South Wales, NICTA, Sydney, Australia NSW 2052",245
7886,"School of Computer Science and Engineering, University of New South Wales, Sydney, NSW 2052 Australia; e-mail: boualem@cse.unsw.edu.au",83
1766,"School of Computer Science and Engineering, University of NSW, Australia and NICTA, Australia",83
8516,"School of Computer Science and Information Technology, RMIT University, Australia",264
9353,"School of Computer Science and Information Technology, RMIT University, Melbourne, Australia",264
7670,"School of Computer Science, Carnegie Mellon University, 5000 Forbes Avenue, Pittsburg, PA 15213-3891, USA; e-mail: natassa&commat;cmu.edu",28
6472,"School of Computer Science, Carnegie Mellon University, Pittsburgh, PA",28
1857,"School of Computer Science, Florida International University, Miami, FL",169
8819,"School of Computer Science, The University of Oklahoma, Norman, USA 73019",268
780,"School of Computer Science, University of Manchester, Manchester, UK",149
9335,"School of Computer Science, University of Manchester, Manchester, UK M13 9PL",149
1926,"School of Computer Science, University of Waterloo",96
8059,"School of Computer Science, University of Waterloo, Canada",96
1448,"School of Computer Science, University of Waterloo, Waterloo, Canada",96
8538,"School of Computer Science, University of Waterloo, Waterloo, Canada N2L 3G1",96
6468,"School of Computing Science, Simon Fraser University",269
6738,"School of Computing Science, Simon Fraser University, B.C., Canada",269
6690,"School of Computing Science, Simon Fraser University, Burnaby, BC, Canada",269
6979,"School of Computing Science, Simon Fraser University, Canada",269
1268,"School of Computing, National University of Singapore",98
6694,"School of Computing, National University of Singapore, Lower Kent Ridge Road, Singapore",98
1474,"School of Computing, National University of Singapore, Singapore",98
8095,"School of Computing, National University of Singapore, Singapore and School of Electronics Engineering and Computer Science, Peking University, P.R. China",253
5621,"School of Computing, National University of Singapore, Singapore, Singapore",98
6776,"School of Electrical Engineering and Computer Science, Seoul National University",267
8832,"School of Electrical Engineering and Computer Science, Seoul National University, Seoul, South Korea 151-742",267
843,"School of Informatics, Indiana University, Bloomington",66
7936,"School of Information and Computer Science, University of California, CA 92697-3425, Irvine, USA",142
1727,"School of Information and Computer Sciences University of California, Irvine, CA",142
514,"School of Information Systems, Singapore Management University, Singapore",270
8508,"School of Information Technology and Electrical Engineering, The University of Queensland, Australia",271
9305,"School of Information Technology and Electrical Engineering, The University of Queensland, Brisbane, Australia",271
9355,"School of Information Technology and Electrical Engineering, The University of Queensland, Brisbane, Australia 4072",271
8837,"School of Information Technology and Electrical Engineering, The University of Queensland, Brisbane, Australia QLD 4072",271
8834,"School of Information Technology and Engineering, University of Ottawa, Ottawa, Canada",272
6676,"School of Information Technology, IIT Bombay, India",1
733,"School of Mechanical Engineering, Purdue University, West Lafayette, Indiana",37
2255,Seoul National Univ.,267
1782,Seoul National University,267
1987,"Seoul National University, School of Electrical Eng. and Computer Science, Seoul, Korea",267
59,"Seoul National University, Seoul, Korea",267
5105,"Seoul National University, Seoul, South Korea",267
9206,"SERC/CSA, Indian Institute of Science, Bangalore, India",94
9333,"Server Manageability, Oracle, Redwood Shores, USA 94065",91
9726,"Shanghai Jiao Tong University, China",273
6451,"Shanghai Jiao Tong University, Shanghai, China",273
5894,"Shanghai JiaoTong University, Shang Hai, China",273
2711,"Shanghai JiaoTong University, Shanghai, China",273
3745,Shibaura Institute of Technology,274
7662,"Shibaura Institute of Technology, Saitama-City, Saitama, Japan",274
4609,"Siebel Systems, San Mateo CA",275
3864,"Siebel Systems, San Mateo, CA, USA",275
2611,Siemens Corporate Research,276
341,"Siemens Corporate Research, Princeton, NJ",220
6888,"Siemens Technology-to-Business Center, 1995 University Ave, Suite 375, Berkeley, California",276
1156,Simon Fraser U.,269
2440,Simon Fraser University,269
919,"Simon Fraser University, Burnaby, BC, Canada",269
9374,"Simon Fraser University, Burnaby, Canada",269
72,"Simon Fraser University, Canada",269
1807,"Simon Fraser University, School of Computing Science, Burnaby BC, Canada",269
6402,"Simon Fraser University, Vancouver, Canada",269
3219,Singapore Management University,270
2275,"Singapore Management University, Singapore",270
5556,"Singapore Management University, Singapore, Singapore",270
9626,SLAC,63
7324,"SoC, National University of Singapore",98
1601,"Software AG, Darmstadt, Germany",277
7703,Software AG; e-mail: Thorsten.Fiebig@softwareag.com,277
741,"Software Laboratories, Samsung Electronics Co., Ltd., Suwon-City, Gyeonggi-Do, Korea",265
7440,"Southwest Texas State University, San Marcos, Texas",121
1561,"Spatial Technologies, Oracle Corporation, Nashua, New Hampshire",91
542,Stanford,63
7579,"Stanford Univ., Stanford, CA",63
113,Stanford University,63
844,Stanford University InfoLab,63
1859,"Stanford University, Computer Science Department, Stanford, CA",63
1508,"Stanford University, Palo Alto",63
1591,"Stanford University, Palo Alto, CA",63
8645,"Stanford University, Palo Alto, USA",63
1872,"Stanford University, Stanford",63
144,"Stanford University, Stanford, CA",63
7673,"Stanford University, Stanford, CA 94305, USA; e-mail: rada&commat;cs.stanford.edu",63
5772,"Stanford University, Stanford, CA, USA",63
1182,"Stanford University, Stanford, California",63
6233,"Stanford University, Stanford, California, USA",63
6423,"Stanford University, Stanford, USA",63
8082,"Stanford University, USA",63
2054,"Stata Labs, Inc.",278
2053,"Stata Labs, Inc., UC Santa Cruz",278
1686,State University of New York at Buffalo,62
2382,State University of New York at Stony Brook,122
2061,"State University of New York, at Buffalo",62
8383,"Statistics Group, Rovira i Virgili University of Tarragona, Catalonia",100
6873,Steven Institute of Technology,279
1082,Stevens Institute of Technology,279
7711,"Stevens Institute of Technology, Castle Point on Hudson, Hoboken, NJ 07030, USA; e-mail: scho@puma.mt.att.com",279
1129,Stony Brook University,122
183,"Stony Brook University, Stony Brook, NY",122
9180,Sun Yat-Sen University,144
3089,SUNY at Binghamton,77
458,"SUNY at Binghamton, Binghamton, NY",77
4822,SUNY Buffalo,62
5488,"SUNY Buffalo, Buffalo, NY",62
6161,"SUNY Buffalo, Buffalo, NY, USA",62
3662,Surromed Inc,280
3451,"Surromed, Palo Alto, CA, USA",280
7865,"Swiss Federal Institute of Technology (ETH) Zurich, Institute of Information Systems, ETH Zentrum, 8092 Zurich, Switzerland; E-mail: tuerker@inf.ethz.ch",93
7632,"Swiss Federal Institute of Technology (ETH), Zürich, Switzerland",93
7908,"Swiss Federal Institute of Technology (ETHZ), Zürich, Switzerland",93
7585,"Swiss Federal Institute of Technology,  Zürich, Switzerland",93
1146,"Swiss Federal Institute of Technology, ETH Zentrum, Zurich, Switzerland",93
1148,"Swiss Federal Institute of Technology, ETH Zentrum, Zurich, SwitzerlandSwiss Federal Institute of Technology, ETH Zentrum, Zurich, Switzerland",93
3891,Sybase France,281
6302,"Sybase, Inc., Paris, France",281
4372,"Syracuse University, Syracuse, NY",282
5664,"Syracuse University, Syracuse, NY, USA",282
1336,T. J. Watson Resch. Ctr.,90
50,"T. J. Watson Research Center, IBM",90
3846,Tavant,283
7630,Tavant Technologies,283
1092,"TCS Lab for Internet Research, Department of Computer Science and Engineering, Indian Institute of Technology Bombay, Mumbai, India",1
1330,"TCS Lab for Internet Research, Dept of Comp Science and Engg, Indian Institute of Technology Bombay, Mumbai, India",1
3143,Technical University of Crete,284
9349,"Technical University of Crete, Chania, Greece",284
4301,"Technical University of Crete, Crete, Greece",284
6231,"Technical University of Dortmund, Dortmund, Germany",159
5599,"Technical University of Munich, Munich, Germany",212
3751,Technical University of Wien,92
4835,Technion,67
425,"Technion - IIT, Haifa, Israel",67
8131,"Technion - Israel Institute of Technology, Israel",67
8323,"Technion---Israel Institute of Technology, Haifa, Israel",67
2685,"Technion---Israel Institute of Technology, Technion City, Haifa, Israel",67
718,"Technion, Haifa, Israel",67
679,"Technische Universität Dresden, Dresden, Germany",160
8649,"Technische Universität Dresden, Dresden, Germany 01062",160
6280,"Technische Universität München, Garching, Germany",212
467,"Technische Universität München, Germany",212
7823,"Technische Universität München, Institut für Informatik, 81667 München, Germany; E-mail: kossmann@in.tum.de",212
397,"Technische Universität München, Munich, Germany",212
1762,"Technische Universität Wien, Vienna, Austria",92
7617,"Technische Universität Wien, Wien, Austria",92
394,Tel Aviv University,68
2688,"Tel Aviv University, Israel",68
3119,"Tel Aviv University, Tel Aviv, Israel",68
7397,Tel-Aviv University,68
8830,"Tel-Aviv University, Tel-Aviv, Israel",68
3632,Telcordia Technologies,285
6628,"Telcordia Technologies, Morristown, NJ",285
3526,"Telcordia, Morristown, NJ, USA",285
3071,Telecom ParisTech,172
3265,Teradata,246
6296,"Teradata Corporation, Elsegundo, CA, USA",286
8889,"Teradata Division, NCR Corporation, Los Angeles, USA 90245",246
9562,"Teradata, El Segundo, CA",246
6299,"Teradata, Elsegundo, CA, USA",286
4231,"Teradata, NCR, San Diego, CA",246
9561,"Teradata, San Diego, CA",246
5823,"Teradata, San Diego, CA, USA",246
5068,Texas State University,121
6123,"Texas State University-San Marcos, San Marcos, TX, USA",121
1239,"The Boeing Company, Seattle, WA",24
70,The Chinese University of Hong Kong,41
2461,"The Chinese University of Hong Kong, China",41
2363,"The Chinese University of Hong Kong, Hong Kong",41
48,"The Chinese University of Hong Kong, Hong Kong, China",41
9231,"The Chinese University of Hong Kong, New Territories, Hong Kong",41
195,"The Chinese University of Hong Kong, Shatin, Hong Kong",41
9376,"The Chinese University of Hong Kong, Shatin, Hong Kong, China",41
8435,"The College of William and Mary, USA",287
64,"The College of William and Mary, Williamsburg, VA",287
599,The Hebrew University,179
2203,"The Hebrew University of Jerusalem, Edmond J. Safra Campus Jerusalem, Israel",180
5729,"The Hebrew University of Jerusalem, Jerusalem, Israel",179
721,"The Hebrew University, Jerusalem, Israel",179
2228,The Hong Kong Polytechnic University,186
5709,"The Hong Kong Polytechnic University, Hong Kong, Hong Kong",186
6,"The Hong Kong Polytechnic University, Hung Hom, Kowloon, Hong Kong",186
9175,The Hong Kong University of Science and Technology,65
9232,"The Hong Kong University of Science and Technology, Clear Water Bay, Hong Kong",65
7623,"The Hong Kong University of Science and Technology, Clearwater Bay, Hong Kong",65
9276,"The Hong Kong University of Science and Technology, Hong Kong",65
51,"The Hong Kong University of Science and Technology, Hong Kong, China",65
5566,"The Hong Kong University of Science and Technology, Hong Kong, Hong Kong",65
8774,"The Hong Kong University of Science and Technology, Kowloon, Hong Kong",65
7153,The Johns Hopkins University,150
299,The MITRE Corporation,242
8314,"The MITRE Corporation, McLean, VA",288
6174,"The MITRE Corporation, McLean, VA, USA",242
1452,"The MITRE Corporation, McLean, Virginia",288
1450,"The MITRE Corporation, McLean, Virginia and Computer Science Department, Center for Automation Research and Institute for Advanced Computer Studies, University of Maryland at College Park",64
1936,"The MITRE Corporation, McLean, Virginia and Computer Science Department, Center for Automation Research, and Institute for Advanced Computer Studies, University of Maryland at College Park",64
8421,"The MITRE Corporation, USA",242
746,The Ohio State University,250
173,"The Ohio State University, Columbus, OH",250
5661,"The Ohio State University, Columbus, OH, USA",250
6178,"The Ohio State University, Columbus, USA",250
8350,"The Penn State University, USA",55
6070,"The Pennsylvania State University, University Park, PA, USA",55
9387,"The Selim and Rachel Benin School of Engineering and Computer Science, The Hebrew University of Jerusalem, Jerusalem, Israel 91094",180
1932,"The Selim and Rachel Benin School of Engineering and Computer Science, The Hebrew University, Jerusalem",180
3446,"The TimesTen Team, Mountain View, CA, USA",289
7628,The University of British Columbia,124
7967,"The University of British Columbia, Vancouver, BC, Canada",124
2226,The University of Hong Kong,42
7,"The University of Hong Kong, Hong Kong",42
5710,"The University of Hong Kong, Hong Kong, Hong Kong",42
8313,"The University of Maryland at College Park, College Park, MD",64
8312,"The University of Maryland at College Park/The MITRE Corporation, McLean, VA",64
5715,"The University of Melbourne, Melbourne, Australia",113
8788,"The University of Melbourne, Victoria, Australia",113
8309,"The University of Michigan---Dearborn, Dearborn, MI",99
66,The University of New South Wales,83
3310,"The University of New South Wales, Australia",83
2840,"The University of New South Wales, Sydney, Australia",83
7439,"The University of New South Wales, Sydney, NSW, Australia",83
2676,The University of Queensland,271
8465,"The University of Queensland, Australia",271
4573,"The University of Queensland, Brisbane, Australia",271
9191,"The University of Queensland, National ICT Australia (NICTA), Brisbane",271
7591,The University of Texas at Arlington,290
4041,"The University of Texas at Arlington, Arlington, TX",290
6649,"The University of Texas at Arlington, CSE, 416 Yates Street, P.O.Box 19015, Arlington, TX",290
4279,"The University of Texas at Dallas, Richardson, TX",130
3291,The University of Tokyo,116
9258,"Thomas J. Watson Center, IBM Research, Hawthorne, USA 10532",198
2302,"Thomas J. Watson Research Center, IBM Research, Hawthorne, NY",198
7165,"TimesTen Performance Software, Mountain View, CA",289
1138,"TransAction Software GmbH Gustav-Heinemann-Ring, München, Germany",291
3536,TransAction Software GmbH Munich,291
2603,"Tsinghua University, Beijing, China",292
2895,"Tsinghua University, Beijing, P.R. China",292
8534,"Tsinghua University, Beijing, PR China",292
5034,TU Dresden,160
4067,"TU Eindhoven, Eindhoven, The Netherlands",163
2939,"TU Ilmenau, Germany",106
7229,TU München,212
2529,"TU München, Garching, Germany",212
9017,"TU München, Munich, Germany",212
7230,"TU München, XQRL, Inc.",212
3469,TUM,212
1875,U of Pennsylvania,58
9603,U. C. Berkeley,21
4550,"U. C. Berkeley, Berkeley, CA",21
3067,U. C. Santa Cruz,126
4045,"U. di Roma """"La Sapienza""""",153
1155,U. of British Columbia,124
1157,U. of Illinois,71
4043,U. of Michigan,138
4866,U. of Texas at Arlington,290
5132,"U. of Torino, Torino, Italy",152
4198,U.C. Berkeley,21
752,U.C. Berkeley Department of Electrical Engineering and Computer Science,21
663,"U.C. Berkeley, EECS Dept., Berkeley, CA",21
4199,"U.C. Berkeley, Intel Research, Berkeley",21
9450,"U.C. San Diego, La Jolla, CA",2
6609,"U.Paris XI, LRI, 91405 Orsay, France",36
547,UC Berkeley,21
7173,"UC Berkeley, Berkeley, CA",21
5769,"UC Berkeley, Berkeley, CA, USA",21
8667,"UC Berkeley, Berkeley, USA",21
7458,"UC Berkeley, CS Division",21
1867,"UC Berkeley, EECS Dept. Berkeley, CA",21
4832,UC Davis,293
554,UC Riverside,39
2835,UC San Diego,2
2901,"UC San Diego, CA",2
5093,"UC San Diego, La Jolla, CA",2
528,UC Santa Cruz,126
9658,"UC Santa Cruz, Santa Cruz, CA",126
5766,"UC Santa Cruz, Santa Cruz, USA",126
1816,"UC, Berkeley",21
1360,"UC, San Diego",2
234,UCLA,70
4335,"UCLA Anderson School, Los Angeles, CA",70
4524,UCLA Computer Science,70
1090,"UCLA Computer Science Department, Los Angeles, CA",70
8027,"UCLA Computer Science Department, Los Angeles, California, CA",70
5394,"UCLA, Los Angeles, CA",70
6333,"UCLA, Los Angeles, CA, USA",70
2223,UCSD,2
5635,"UCSD, San Diego, CA, USA",2
625,UIUC,71
5521,"UIUC, Urbana, IL",71
3567,UM Ann Arbor,138
4871,UMass Amherst,129
156,"UMass Boston, Boston, MA",294
6750,"UMass/Boston, Dept. of CS, UMass/Boston, Boston, MA",294
4843,UNC Chapel Hill,157
6745,"Univ British Columbia, 2366 Main Mall, UBC, Vancouver, BC",124
1293,"Univ. California, Berkeley",21
7587,"Univ. degli Studi di Torino, Torino, Italy",154
7614,"Univ. di Milano, Milan, Italy",155
7615,"Univ. di Torino, Torino, Italy",152
122,Univ. of British Columbia,124
7582,"Univ. of British Columbia, Vancouver, B.C., Canada",124
7606,"Univ. of Buffalo, Buffalo, NY",62
4848,"Univ. of California Riverside, Riverside, CA",39
4810,Univ. of California Santa Cruz,126
8983,"Univ. of California, Berkeley EECS",21
7603,"Univ. of California, Berkeley, IBM Almaden Research Center, San Jose, CA",21
2467,"Univ. of California, Riverside",39
7565,"Univ. of California, San Diego La Jolla, CA",2
460,"Univ. of Illinois at Chicago, Chicago, IL",33
4792,"Univ. of Illinois, Urbana-Champaign",71
461,"Univ. of Louisiana at Lafayette, Lafayette, LA",32
3343,Univ. of Maryland,64
7600,"Univ. of Maryland, College Park",64
7577,"Univ. of Massachusetts, Amherst",129
688,Univ. of Melbourne,113
300,Univ. of Michigan,138
7578,"Univ. of Munich, Munich, Germany",213
7575,"Univ. of Passau, Passau, Germany",295
6512,Univ. of Pennsylvania,58
4175,"Univ. of Rome, """"La Sapienza""""",153
3205,Univ. of Texas at Arlington,290
2468,"Univ. of Texas, Arlington",290
7611,"Univ. of Tokyo, Tokyo, Japan",116
689,Univ. of Toronto,104
1022,"Univ. of Washington, Seattle",104
4406,"Univ. of Washington, Seattle, WA",104
7732,Univ. of Washington; E-mail: alon@cs.washington.edu,104
7607,"Univ. of Waterloo, Waterloo, Ont. Canada",96
7090,Univ. of Wisconsin-Madison,69
7180,"Univ. of Wisconsin-Madison, Madison, WI",69
1019,"Univ. of Wisconsin, Madison",69
2256,Univ. Paris Dauphine,296
476,Univ. Paris XI,36
2862,"Univ. Paris-Sud, France",36
4486,Univ. Politecnica de Madrid,297
2259,Univ. Santa Clara,227
2863,"Univ. Versailles-Saint-Quentin, France",298
9074,Univ. Wisconsin Madison,69
2899,"Univ. Wisconsin, Madison",69
5158,"Univerisity of California, Santa Barbara, CA",125
5066,"Univeristy of New South Wales, Australia",83
1761,"Universidad de Buenos Aires, Departamento de Computación",299
9406,"Universidad de Chile, Chile",127
8261,"Universidad de Chile, Chile, C. P",127
7906,"Universidad Politécnica de Madrid (UPM), Madrid, Spain",297
9288,"Universidad Politécnica de Madrid, Spain",297
8396,"Universidade Federal do Rio de Janeiro, Rio de Janeiro-RJ, Brazil",219
8398,"Universidade Federal do Rio Grande do Sul, Brazil",219
4705,"Università """"La Sapienza"""", Roma, Italy",153
9708,"Università della Basilicata -- Potenza, Italy",88
7226,"Università della Basilicata, c.da Macchia Romana, 85100 Potenza, Italy",88
2128,"Università della Basilicata, Potenza, Italy",88
4696,"Università della Calabria, Rende, Italy",86
2231,"Università di Milano, Crema - Italy",155
5634,"Universita di Pisa, Pisa, Italy",255
184,"Università di Roma """"La Sapienza""""",153
622,"Universita di Roma """"La Sapienza"""", Roma, Italy",153
7813,"Università di Roma “La Sapienza”, Dipartimento di Informatica e Sistemistica, Via Salaria 113, 00198 Roma, Italy; E-mail: mecella@dis.uniromA1.it",153
7597,Universita di Roma Tre,87
5535,"Università di Torino, Torino, Italy",152
8961,Università Roma Tre,87
9709,"Università Roma Tre -- Roma, Italy",87
2127,"Università Roma Tre, Roma, Italy",87
8879,"Università Roma Tre, Rome, Italy",87
7225,"Università Roma Tre, Via della Vasca Navale, 79 00149 Roma, Italy",87
6206,"Universitàà della Basilicata, Potenza, Italy",88
8489,"Universität des Saarlandes, Saarbrücken, Germany",234
3035,"Universität Karlsruhe (TH), Germany",171
7875,"Universität Leipzig, Institut für Informatik, 04109 Leipzig, Germany; (e-mail: rahm@informatik.uni-leipzig.de)",300
8583,"Universität Magdeburg, Germany",128
4576,"Universität Mannheim, Mannheim, Germany",145
7704,"Universität Mannheim; e-mail: [mildenbe|rschiele]@uni-mannheim.de, [helmer|moerkotte]@informatik.uni-mannheim.de",145
7869,"Universität Münster, Institut für Wirtschaftsinformatik, Leonardo-Campus 3, 48149 Münster, Germany; e-mail: {lechten,vossen}@helios.uni-muenster.de",301
1257,"Universität Passau, Fakultät für Mathematik und Informatik, Passau, Germany",295
7754,"Universität Passau, Lehrstuhl für Informatik, 94030 Passau, Germany; E-mail: {claussen,kemper,kossmann,wiesner}@db.fmi.uni-passau.de",295
7820,"Universität Passau, Lehrstuhl für Informatik, 94030 Passau, Germany; E-mail: <lastname>@db.fmi.uni-passau.de",295
1190,"Universität Passau, Passau, Germany",295
2157,"Universitat Politècnica de Catalunya, Barcelona, Caalonia, Spain",302
2156,"Universitat Politècnica de Catalunya, Barcelona, Catalonia, Spain",302
6378,"Universität Tübingen, Tübingen, Germany",215
8254,"Université de Mons-Hainaut, Mons, Belgium",303
2491,Université de Nantes,304
7870,"Université de Paris-Sud, LRI, CNRS-UMR 8623, Bât. 490, 91405 Orsay, France; e-mail: spyratos@lri.fr",36
6535,"Université Paris 9 (Dauphine), Pl. du Mal de Lattre, Paris 75016, France",36
8255,"Université Paris Dauphine, Paris, France",296
9785,"Université Paris-Sud, France",36
8607,"University at Albany, State University of New York, Albany, NY",305
4680,"University at Albany, SUNY, Albany, NY",305
7972,"University at Buffalo, Buffalo, New York",62
3168,"University at Buffalo, Buffalo, NY",62
8593,"University at Buffalo, State University of New York, Buffalo, NY",62
3935,University Freiburg,214
3928,University Marburg,146
5531,"University of Aberdeen, United Kingdom",80
9148,University of Alberta,135
1434,"University of Alberta, Department of Computing Science, Edmonton, Alberta, Canada",135
273,"University of Alberta, Edmonton, Alberta, Canada",135
7596,University of Antwerp,306
8451,"University of Antwerp, Antwerp, Belgium",306
7646,"University of Antwerp, Wilrijk, Belgium",306
7038,University of Arizona,123
3659,University of Arizona at Tucson,123
8301,"University of Arizona, AZ",123
1839,"University of Arizona, Department of Computer Science, Tucson, AZ",123
60,"University of Arizona, Tucson, AZ",123
5839,"University of Arizona, Tucson, AZ, USA",123
5645,"University of Athens, Athens, Greece",7
9384,"University of Athens, Athens, Greece 15771",7
8611,"University of Athens, Athens, Greece 15784",7
4050,"University of Athens, Hellas",7
3546,University of Augsburg,217
3926,University of Basilicata,88
3641,University of Bologna,8
1080,University of British Columbia,124
7712,"University of British Columbia, 201-2366 Main Mall, Vancouver, BC V6T 1Z4, Canada; e-mail: laks@cs.ubc.ca",124
407,"University of British Columbia, Canada",124
7240,"University of British Columbia, Vancouver, B. C., Canada",124
8449,"University of British Columbia, Vancouver, B.C., Canada",124
7695,"University of British Columbia, Vancouver, BC, Canada; e-mail: laks@cs.ubc.ca",124
3993,"University of British Columbia, Vancouver, CA",124
4136,"University of British Columbia, Vancouver, Canda",124
7760,University of British Columbia; E-mail: rng@cs.ubc.ca,124
3564,University of Buenos Aires,299
29,University of Calgary,307
4422,"University of Calgary, Calgary, AB, Canada",307
1518,University of California,39
1061,"University of California - Riverside, Computer Science & Engineering Department, Riverside, CA",39
1005,University of California at Berkeley,21
5224,"University of California at Berkeley, Berkeley, CA",21
6064,"University of California at Berkeley, Berkeley, CA, USA",21
3695,University of California at Davis,293
6389,"University of California at Davis, Davis, CA, USA",293
7621,University of California at Irvine,142
3937,University of California at Los Angeles,70
3856,University of California at Riverside,39
8117,"University of California at San Diego, La Jolla, CA",2
3202,University of California at Santa Barbara,125
1492,"University of California at Santa Barbara, Computer Science Department, Santa Barbara",125
2732,"University of California at Santa Barbara, Santa Barbara, CA",125
7663,"University of California at Santa Cruz, Santa Cruz, CA",126
3486,University of California Irvine,142
6436,"University of California Irvine, Irvine, CA, USA",142
3323,"University of California Los Angeles, Los Angeles",70
2305,"University of California Los Angeles, Los Angeles, CA",70
633,University of California Riverside,39
1365,University of California San Diego,2
6435,"University of California San Diego, La Jolla, CA, USA",2
5542,"University of California San Diego, San Diego, CA",2
4490,"University of California Santa Barbara, Santa Barbara, CA",125
5779,"University of California Santa Barbara, Santa Barbara, CA, USA",125
4048,University of California Santa Cruz,126
6144,"University of California Santa Cruz, Santa Cruz, CA, USA",126
1385,"University of California, Berkeley",21
6486,"University of California, Berkeley CA",21
7594,"University of California, Berkeley, Berkeley, CA",21
6278,"University of California, Berkeley, Berkeley, CA, USA",21
7973,"University of California, Berkeley, Berkeley, California",21
3016,"University of California, Berkeley, CA",21
7689,"University of California, Berkeley, California",21
7765,"University of California, Berkeley, Computer Science Division, Berkeley, CA 94720-1776, USA; E-mail: {rshankar,bhaskar,jmh}@cs.berkeley.edu",21
2360,"University of California, Davis",293
7866,"University of California, Davis, Department of Computer Science, One Shields Avenue, Davis, CA 95616, USA; E-mail: gertz@cs.ucdavis.edu",125
117,"University of California, Irvine",142
2280,"University of California, Irvine, CA",142
1905,"University of California, Irvine, Irvine, CA",142
5640,"University of California, Irvine, Irvine, CA, USA",142
6220,"University of California, Irvine, Irvine, California, USA",142
8814,"University of California, Irvine, USA",39
8554,"University of California, Los Angeles, CA",70
7970,"University of California, Los Angeles, California",70
196,"University of California, Riverside",39
56,"University of California, Riverside, CA",39
5366,"University of California, Riverside, Riverside, CA",39
8728,"University of California, Riverside, USA",39
1124,"University of California, San Diego",2
3531,"University of California, San Diego La Jolla, CA",2
9779,"University of California, San Diego, CA",125
135,"University of California, San Diego, La Jolla, CA",2
1982,"University of California, Santa Barbara",125
45,"University of California, Santa Barbara, CA",125
8411,"University of California, Santa Barbara, Santa Barbara, CA",125
5651,"University of California, Santa Barbara, Santa Barbara, CA, USA",125
9310,"University of California, Santa Barbara, USA",125
1956,"University of California, Santa Cruz",126
8482,"University of California, Santa Cruz, CA",125
8273,"University of California, Santa Cruz, Santa Cruz, CA",126
5977,"University of California, Santa Cruz, Santa Cruz, CA, USA",126
7998,"University of California, Santa Cruz, Santa Cruz, California",126
8359,"University of California, USA",21
5311,"University of California: Irvine, Irvine, CA",142
5501,"University of California: Santa Barbara, Santa Barbara, CA",125
7361,"University of Cambridge, Cambridge, UK",60
8134,"University of Camerino, Italy",308
1130,University of Central Florida,78
4911,"University of Central Florida, Orlando, FL",78
8308,"University of Central Oklahoma, Edmond, OK",268
3445,University of Crete,216
8392,"University of Dortmund, Dortmund, Germany",159
563,University of Edinburgh,232
5232,"University of Edinburgh & Bell Laboratories, Edinburgh, Scotland UK",232
5172,"University of Edinburgh & Bell Laboratories, Edinburgh, United Kingdom",232
7995,"University of Edinburgh, Edinburgh, Scotland",232
5233,"University of Edinburgh, Edinburgh, Scotland UK",232
429,"University of Edinburgh, Edinburgh, UK",232
5993,"University of Edinburgh, Edinburgh, United Kngdm",232
8705,"University of Edinburgh, Scotland",232
8208,"University of Edinburgh, Scotland, UK",232
438,University of Florida,46
4527,"University of Florida, Gainesville",46
222,"University of Florida, Gainesville, FL",46
5723,"University of Florida, Gainesville, FL, USA",46
8779,"University of Florida, Gainesville, Gainesville, FL",46
3524,"University of Florida, Gainesville, USA",46
3661,University of Freiburg,214
3266,"University of Freiburg, Georges-Köhler-Allee, Freiburg, Germany",214
491,"University of Genoa, Genoa, Italy",308
4513,"University of Genova, Italy",308
3650,University of Glasgow,136
3362,University of Halle,235
7242,"University of Halle, Germany",235
472,University of Hannover,230
5010,"University of Heidelberg, Germany",309
6390,"University of Heidelberg, Heidelberg, Germany",309
8072,"University of Heidelberg, Institut für Informatik, Germany",309
4865,University of Helsinki,15
8286,"University of Helsinki, Finland",64
2419,University of Hong Kong,42
120,"University of Hong Kong, Hong Kong",42
5554,"University of Hong Kong, Hong Kong, Hong Kong",42
7083,"University of Hong Kong, Pokfulam Road, Hong Kong",42
5382,"University of Houston, Houston, TX",310
6403,"University of Houston, Houston, TX, USA",310
5703,"University of Ilinois at Urbana Champaign, Urbana, IL, USA",71
296,University of Illinois,71
3078,University of Illinois at Chicago,33
787,"University of Illinois at Chicago, Chicago, IL",33
5659,"University of Illinois at Chicago, Chicago, IL, USA",33
8663,"University of Illinois at Urbana Champaign, Champaign, USA",71
5704,"University of Illinois at Urbana Champaign, Urbana, IL, USA",71
26,University of Illinois at Urbana-Champaign,71
743,"University of Illinois at Urbana-Champaign, IL",71
212,"University of Illinois at Urbana-Champaign, Urbana, IL",71
5657,"University of Illinois at Urbana-Champaign, Urbana, IL, USA",71
6039,"University of Illinois at Urbana-Champaign, Urbana, USA",71
3485,University of Illinois Urbana,71
7860,"University of Illinois, 1304 W. Springfield Ave., Urbana, IL 61801, USA; e-mail: kaushikc@cs.uiuc.edu",71
7278,"University of Illinois, Chicago",33
4013,"University of Illinois, Urbana Champaign",71
1078,"University of Illinois, Urbana-Champaign",71
4075,"University of Illinois, Urbana-Champaign, IL",71
5571,"University of Illinois, Urbana-Champaign, Urbana, IL, USA",71
8418,"University of Illinois, USA",71
8133,"University of Insubria, Italy",308
3126,"University of Ioannina, Greece",311
5632,"University of Ioannina, Ioannina, Greece",311
4889,University of Kaiserslautern,312
811,"University of Kaiserslautern, Kaiserslautern, Germany",312
8754,"University of Kaiserslautern, Kaiserslautern, Germany 67653",312
7023,"University of Konstanz, D-78457 Konstanz, Germany",313
1453,"University of Konstanz, Department of Computer and Information Science, Konstanz, Germany",313
7244,"University of Konstanz, Germany",313
1180,"University of Konstanz, Konstanz, Germany",313
1113,University of Leipzig,300
1805,"University of Leipzig, Germany",300
4686,"University of Leipzig, Leipzig, Germany",300
2503,"University of London, London, United Kingdom",262
8405,"University of London, U.K.",262
8058,"University of Louisiana at Lafayette, USA",32
5528,"University of Manchester, Manchester, United Kingdom",149
2613,"University of Mannheim, Germany",145
770,"University of Mannheim, Mannheim, Germany",145
3775,University of Marburg,146
9235,"University of Marburg, Germany",146
2278,"University of Marburg, Marburg, Germany",146
3452,University of Maryland,64
3136,University of Maryland at College Park,64
9101,University of Maryland Baltimore County,209
5266,"University of Maryland, Baltimore County, Baltimore, MD",209
2838,"University of Maryland, College Park",64
7364,"University of Maryland, College Park, College Park, Maryland",64
7904,"University of Maryland, College Park, Maryland",64
1096,"University of Maryland, College Park, MD",64
9791,"University of Maryland, College Park, MD 20",64
7727,"University of Maryland, College Park, MD 20742, USA; E-mail: {louiqa,vladimir,taozhan}@umiacs.umd.edu",64
5562,"University of Maryland, College Park, MD, USA",64
8682,"University of Maryland, College park, USA",64
426,"University of Maryland, MD",64
8576,"University of Maryland, USA",64
3032,University of Massachusetts,129
3090,University of Massachusetts Amherst,129
5587,"University of Massachusetts Amherst, Amherst, MA, USA",129
4252,University of Massachusetts Boston,294
3145,"University of Massachusetts, Amherst",129
8854,"University of Massachusetts, Amherst, Amherst, MA",129
2932,"University of Massachusetts, Amherst, MA",129
9141,"University of Melbourne Melbourne, Australia",113
8253,"University of Melbourne, Australia",113
9201,"University of Melbourne, Victoria, Australia",113
2501,University of Michigan,138
3717,University of Michigan at Ann Arbor,138
1081,"University of Michigan, Ann Arbor",138
101,"University of Michigan, Ann Arbor, MI",138
5692,"University of Michigan, Ann Arbor, MI, USA",138
7692,"University of Michigan, Ann Arbor, Mich., USA; e-mail: {jag, shurug, apchapma, andrewdn, spapariz, jignesh, nuwee, yuwu, congy}@umich.edu",138
2271,"University of Michigan, Ann Arbor, Michigan",138
7758,"University of Michigan, Ann Arbor; E-mail: jag@umich.edu",138
199,"University of Michigan, MI",138
8238,"University of Michigan, USA",138
5537,"University of Michigan: Ann Arbor, Ann Arbor, MI",138
3582,"University of Milano, Italy",155
1943,"University of Minnesota at Twin-Cities, Minneapolis, MN",110
3065,"University of Minnesota, Minneapolis, MN",110
6003,"University of Minnesota, Minneapolis, MN, USA",110
3580,"University of Modena, Italy",151
7648,"University of Mons-Hainaut, Mons, Belgium",303
3923,University of Munchen,213
3460,University of Munich,213
4163,"University of Munich, Germany",213
6963,"University of Munich, Institute for Computer Science",213
1808,"University of Munich, Institute for Computer Science, Munich, Germany",213
4095,"University of Munich, Munich, Germany",213
7898,"University of Münster, Münster, Germany",301
5146,"University of Nantes - LINA, Nantes, France",142
2338,"University of Nantes, France",304
3631,University of New South Wales,83
37,"University of New South Wales, Australia",83
5117,"University of New South Wales, Sydney, Australia",83
2138,"University of New South Wales, Sydney, NSW, Australia",83
4030,University of North Carolina at Chapel Hill,157
4723,"University of North Carolina at Chapel Hill, Chapel Hill, NC",157
5594,"University of North Carolina at Chapel Hill, Chapel Hill, NC, USA",157
7629,"University of North Carolina, Greensboro",157
1529,"University of NSW, Sydney, Australia",83
3654,University of Oklahoma,268
431,"University of Ottawa, Ottawa, Canada",272
2959,"University of Ottawa, Ottawa, Ontario, Canada",272
3007,University of Oxford,252
6385,"University of Oxford, Oxford, United Kingdom",252
3892,University of Paris 6,36
3965,"University of Paris 6, France",36
3819,University of Passau,295
193,"University of Patras, Rio, Greece",59
933,University of Pennsylvania,58
2663,"University of Pennsylvania, Philadelphia",58
119,"University of Pennsylvania, Philadelphia, PA",58
5569,"University of Pennsylvania, Philadelphia, PA, USA",58
7996,"University of Pennsylvania, Philadelphia, Pennsylvania, PA",58
8671,"University of Pennsylvania, Philadelphia, USA",58
424,"University of Pittsburgh, Pittsburgh, PA",6
6245,"University of Pittsburgh, Pittsburgh, PA, USA",6
8320,"University of Queensland, Australia",271
1532,"University of Queensland, Brisbane, Australia",271
3925,University of Roma Tre,87
5268,"University of Roma, Roma, Italy",153
1253,"University of Saarland, Saarbruecken, Germany",234
9135,University of South Australia,314
1577,"University of South Australia, Adelaide, Australia",314
8042,"University of South Australia, Adelaide, SA, Australia",314
3444,University of South Florida,46
3302,"University of Southern California, Los Angeles, CA",73
3740,"University of Southern California, Los Angeles, CA, USA",73
4675,"University of Southern California, Los Angeles, California",73
5580,"University of Southern California, Los Angeles, USA",73
3739,"University of Southern California, Marina del Rey, CA, USA",208
4430,"University of Southern, California, Los Angeles, CA",73
1444,"University of Stuttgart, Department of Computer Science, Electrical Engineering and Information Technology, Stuttgart, Germany",74
1647,"University of Stuttgart, Institute of Parallel and Distributed Systems, Stuttgart, Germany",74
2374,"University of Stuttgart, Stuttgart, Germany",74
2597,University of Sydney,315
3128,"University of Sydney, Australia",315
369,"University of Sydney, NSW, Australia",315
5737,"University of Sydney, University of Sydney, NSW 2006, Australia",315
632,University of Texas,316
2249,University of Texas at Arlington,290
4570,"University of Texas at Arlington, Arlington, TX",290
5610,"University of Texas at Arlington, Arlington, TX, USA",290
2485,University of Texas at Austin,316
4875,"University of Texas at Austin, Austin, TX",316
8579,"University of Texas at Dallas, Dallas, USA",130
9517,"University of Texas at Dallas, Richardson, TX",130
749,University of Texas at San Antonio,317
253,"University of Texas at San Antonio, San Antonio, TX",317
5541,"University of Texas Austin, Austin, TX",316
7176,"University of Texas-Austin, Austin, TX",316
9248,"University of Texas, Arlington, USA",130
3429,University of the Saarland,234
7194,"University of the Saarland, D-66041 Saarbrücken, Germany",234
7837,"University of the Saarland, Department of Computer Science, P.O.Box 151150, 66041 Saarbruecken, Germany; E-mail: {shegalov,gillmann,weikum}@cs.uni-sb.de; http://www-dbs.cs.uni-sb.de",234
1662,"University of the Saarland, Department of Computer Science, Saarbruecken, Germany",234
6704,"University of the Saarland, Germany",234
5627,"University of Tokyo, Tokyo, Japan",116
2343,"University of Torino, Torino, Italy",152
31,University of Toronto,103
240,"University of Toronto, Canada",103
1759,"University of Toronto, Department of Computer Science",103
8306,"University of Toronto, Ont, Canada",103
8950,"University of Toronto, Toronto ON, Canada",103
428,"University of Toronto, Toronto, Canada",103
1109,"University of Toronto, Toronto, ON",103
9056,"University of Toronto, Toronto, ON Canada",103
34,"University of Toronto, Toronto, ON, Canada",103
8479,"University of Toronto, Toronto, Ont., Canada",103
8532,"University of Toronto, Toronto, Ontario",103
20,"University of Toronto, Toronto, Ontario, Canada",103
2917,University of Trento,140
2088,"University of Trento, DIT, Italy",140
430,"University of Trento, Trento, Italy",140
3545,University of Tübingen,215
6196,"University of Twente, Enschede, Netherlands",75
3718,"University of Twente, Enschede, The Netherlands",75
1454,"University of Twente, Faculty of EEMCS, AE Enschede, The Netherlands",75
172,"University of Twente, The Netherlands",75
30,University of Utah,318
9083,"University of Utah Salt Lake City, UT",318
5945,"University of Utah, Salt Lake City, UT, USA",318
265,University of Vermont,319
8259,"University of Vermont, Burlington VT",319
6377,"University of Vermont, Burlington, VT, USA",319
7845,"University of Versailles, PRiSM Laboratory, Versailles, France; E-mail: {philippe.pucheral;luc.bouganim;christophe.bobineau}@prism.uvsq.fr",298
1465,University of Washington,104
7858,"University of Washington, Department of Computer Science and Engineering, Box 352350 Seattle, WA 98195, USA E-mail: {rap,alon}@cs.washington.edu",104
130,"University of Washington, Seattle",104
8584,"University of Washington, Seattle, USA",104
242,"University of Washington, Seattle, WA",104
7674,"University of Washington, Seattle, WA 98195, USA; e-mail: alon&commat;cs.washington.edu",104
7675,"University of Washington, Seattle, WA 98195, USA; e-mail: suciu&commat;cs.washington.edu",104
5732,"University of Washington, Seattle, WA, USA",104
107,University of Waterloo,96
2851,"University of Waterloo, Canada",96
8274,"University of Waterloo, Ontario, Canada",96
3243,"University of Waterloo, Waterloo, Canada",96
81,"University of Waterloo, Waterloo, ON, Canada",96
2149,"University of Waterloo, Waterloo, Ontario, Canada",96
2416,"University of Wisconsi, Madison, WI",69
127,University of Wisconsin,69
2205,University of Wisconsin - Madison,69
4088,"University of Wisconsin - Madison, Madison, WI",69
2422,University of Wisconsin -- Madison,69
3200,University of Wisconsin at Madison,69
567,"University of Wisconsin at Madison, Madison, WI",69
1076,University of Wisconsin-Madison,69
1391,"University of Wisconsin-Madison, Department of Computer Sciences, Madison, WI",69
1369,"University of Wisconsin-Madison, Madison, WI",69
6060,"University of Wisconsin-Madison, Madison, WI, USA",69
287,"University of Wisconsin, Madison",69
4018,"University of Wisconsin, Madison, Madison, WI",69
89,"University of Wisconsin, Madison, WI",69
5818,"University of Wisconsin, Madison, WI, USA",69
5026,University of Zurich,320
9169,"University of Zurich, Zurich, Switzerland",320
6371,"University of Zürich, Zürich, UNK, Switzerland",320
7847,"University Paris 6, LIP6 Laboratory, Paris, France; E-mail: patrick.valduriez@lip6.fr",36
4002,"USC Information Sciences Institute, Marina del Rey, CA",208
6307,"USC, Los Angeles, CA, USA",70
3566,UW Madison,69
2289,UW-Madison,69
2347,UWash,104
9638,UWisc,69
3882,Verity Inc,321
1874,"Verity Inc., Sunnyvale",321
6941,"Verizon Communication, 40 Sylvan Road, Waltham, MA",243
545,Virginia,76
3805,Virginia Tech,76
8047,"Westfälische Wilhelms-Universität Mänster, 48149 Mänster, Germany",301
7078,"Wichita State University, Wichita, KS",132
5811,"Wichita State University, Wichita, KS, USA",132
8443,wisc.edu,69
4850,Worcester Polytechnic Institut,133
3238,Worcester Polytechnic Institute,133
78,"Worcester Polytechnic Institute, Worcester, MA",133
6346,"Worcester Polytechnic Institute, Worcester, MA, USA",133
4852,WPI,133
1043,Wright State University,111
8252,"Wright State University, Dayton, Ohio",111
7724,"Xerox Research Center Europe, Grenoble Laboratory. 6, chemin de Maupertuis, 38240 Meylan, France; e-mail: chidlovskii@xrce.xerox.com",322
4967,"Xerox Research Centre, France",322
3761,Xyleme,323
6859,"Xyleme S.A., 6 rue Émile Verhaeren, 92210 St.Cloud, France",323
5499,"Yahoo! Inc, Santa Clara, CA",324
629,"Yahoo! Inc., Sunnyvale, CA",325
9261,"Yahoo! Inc., Sunnyvale, USA 94089",325
3204,Yahoo! Labs,325
5654,"Yahoo! Labs, Bangalore, India",326
614,Yahoo! Research,325
6104,"Yahoo! Research, Bangalore, India",326
5225,"Yahoo! Research, Berkeley, CA",325
5174,"Yahoo! Research, CA",325
6024,"Yahoo! Research, New York, NY, USA",327
9266,"Yahoo! Research, New York, USA 10018",327
2519,"Yahoo! Research, Santa Clara, CA",324
5746,"Yahoo! Research, Santa Clara, CA, USA",324
9257,"Yahoo! Research, Santa Clara, USA 95054",324
9077,"Yahoo! Research, Sunnyvale, CA",325
9316,"Yahoo! Research, Sunnyvale, USA",325
5592,"Yahoo!, Bangalore, India",326
9566,"Yahoo!, Inc.",325
5392,"Yahoo!, Sunnyvale, CA",325
6272,"Yahoo!, Sunnyvale, CA, USA",325
8639,Yahoo&excl; Research,325
8856,"Yahoo&excl; Research, Sunnyvale, CA",325
2954,Yale University,328
8484,"Yale University, New Haven, CT",328
5802,"Yale University, New Haven, CT, USA",328
9272,"Yale University, New Haven, USA",328
4201,York University,329
6902,"York University, 4700 Keele Street, Toronto, Ontario M3J 1P3, Canada",329
8434,"York University, Canada",329
8949,"York University, Toronto ON, Canada",329
63,"York University, Toronto, ON, Canada",329
5677,"Zhejiang University, China, China",134
9735,"Zhejiang University, Hangzhou, China",134
