id,title,booktitle,authors,address,date,year,editor,journal,volume,pages,publisher,institution,type,tech,note,truth
1,Inganas and M.R.,,"M. Ahlskog, J. Paloheimo, H. Stubb, P. Dyreklev, M. Fahlman, O.",,(1994).,,,"Andersson, J Appl. Phys.,","76,","893,",,,,,,0
2,,,"M. Ahlskog, J. Paloheimo, H. Stubb, P. Dyreklev, M. Fahlman, O. Inganas and M.R.   Andersson,",,(1994).,,,"J Appl. Phys.,","76,","893,",,,,,,0
3,,,"M. Ahlskog, J. Paloheimo, H. Stubb, P. Dyreklev, M. Fahlman, O.  Inganas and M.R.  Andersson,",,(1994).,,,"J Appl. Phys.,","76,","893,",,,,,,0
4,,,"M. Ahlskog, J. Paloheimo, H. Stubb, P. Dyreklev, M. Fahlman, O. Inganas and M.R. Andersson,",,(1994).,,,"J Appl. Phys.,","76,","893,",,,,,,0
5,,,"M. Ahlskog, J. Paloheimo, H. Stubb, P. Dyreklev, M. Fahlman, O.  Inganas and M.R. Andersson,",,(1994).,,,"J Appl. Phys.,","76,","893,",,,,,,0
6,,,"M. Ahlskog, J. Paloheimo, H. Stubb, P. Dyreklev, M. Fahlman, O. Inganas and M.R. Andersson,",,(1994).,,,"J Appl. Phys.,","76,","893,",,,,,,0
7,,,"M. Ahlskog, J. Paloheimo, H. Stubb, P. Dyreklev, M. Fahlman, O. Inganas and M.R. Andersson,",,(1994).,,,"J Appl. Phys.,","76,","893,",,,,,,0
8,,,"M. Ahlskog, J. Paloheimo, H. Stubb, P. Dyreklev, M. Fahlman, O. Inganas and M.R. Andersson,",,(1994).,,,"Journal of Applied Physics,","76,","893,",,,,,,0
9,Robots and Manufacturing Automation.,,C. Ray Asfahl.,"New York,",1992.,,,,,,"John Wiley and Sons,",,,,"second edition,",1
10,A spatial model of interaction in large virtual environments.,"In Proceedings of ECSCW&apos;93,",Steve Benford and Lennart E. Fahlen.,"Milan,",September,,,,,,,,,,,2
11,"Viewpoints, Actionpoints and Spatial Frames for Collaborative User Interfaces,","6th ERCIM workshop,","Benford, S., and Fahln, L.",Stockholm.,"(1994),",,,,,,,,,,,3
12,"User Embodiment in Collaborative Virtual Environments,","in Proc. ACM Conference on Human Factors in Computing Systems (CHI95),","Benford, S., Bowers, J., Fahln, L., Greenhalgh, C., and Snowdon, D.,","Denver, Colorado, USA.","May 7-11, 1995,",,,,,,,,,,,4
13,User Embodiment in Collaborative Virtual Environments.,"In Proceedings of CHI95,","Benford, S., Bowers, J., Fahlen, L.E., Greenhalgh, C., Snowdon, D.",,(1995).,,,,,242-249.,,,,,,4
14,User Embodiment in Collaborative Virtual Environments.,"In Proceedings of CHI95,","Benford, S., Bowers, J., Fahlen, L.E., Greenhalgh, C., Snowdon, D.",,,,,,242 249.,,,,,,,4
15,Networked Virtual realitty and Cooperative Work.,,"Steve Benford, John Bowers, Lennart Fahlen, Chris Greenhalg, John Mariani, and Tom Rodden.",,1995.,,,"Presence,",4(4),"364-386,",,,,,,5
16,"Actress: an action semantics directed compiler generator,","`Proceedings of the International Workshop on Compiler Construction (CC-92)&apos;,","Brown, D. F., Moura, H. &amp; Watt, D. A.","Paderborn, Germany,","(1992b),",,"in U. Kas-tens &amp; P. Pfahler, eds,",,,pp. 95-109.,"Springer-Verlag,",,,,"Vol. 641 of Lecture Notes in Computer Science,",6
17,"Actress: an action semantics directed compiler generator,","`Proceedings of the International Workshop on Compiler Construction (CC-92)&apos;,","Brown, D. F., Moura, H. &amp; Watt, D. A.","Paderborn, Germany,","(1992b),",,"in U. Kas-tens &amp; P. Pfahler, eds,",,,pp. 95-109.,"Springer-Verlag,",,,,"Vol. 641 of Lecture Notes in Computer Science,",6
18,an action semantics directed compiler generator.,"Proceedings of the 4th International Conference on Compiler Construction (CC&apos;92),","D. F. Brown, H. Moura, and D. A. Watt. Actress:","Paderborn, FRG,",October 1992.,,"In U. Kastens and P. Pfahler, editors,",,,"pages 95-109,",Springer-Verlag.,,,,"volume 641 of Lecture Notes in Computer Science,",6
19,Provably correct compiler development and implementation.,"Compiler Construction,","B. Buth, K.-H. Buth, M. Franzle, B. v. Karger, Y. Lakhneche, H. Langmaack, and M. Muller-Olm.",,1992.,,"In U. Kastens and P. Pfahler, editors,",,,,"Springer-Verlag,",,,,volume 641 of Lecture Notes in Computer Science.,7
20,"Provably Correct Compiler Implementation,","Compiler Construction,","B. Buth et. al.,",,"1992,",,in U. Karstens and P. Pfahler (eds.),,,pp. 141-155.,"Springer Verlag, LNCS 641,",,,,,7
21,"Provably Correct Compiler Implementation,","Compiler Construction,","B. Buth et. al.,",,"1992,",,in U. Karstens and P. Pfahler (eds.),,,pp. 141-155.,"Springer Verlag, LNCS 641,",,,,,7
22,"Provably Correct Compiler Implementation,","Compiler Construction,","B. Buth et. al.,",,"1992,",,in U. Karstens and P. Pfahler (eds.),,,pp. 141-155.,"Springer Verlag, LNCS 641,",,,,,7
23,Provably correct compiler development and implementation.,"Compiler Construction, number 641 in Lecture Notes in Computer Science,","Bettina Buth, Karl-Heinz Buth, Martin Franzle, Burghard von Karger, Yassine Lakhneche, Hans Langmaack, and Markus Muller-Olm.",,1992.,,"In U. Kastens and P. Pfahler, editors,",,,pages 141-155.,"Springer-Verlag,",,,,,7
24,Integrated CSCW Tools Within a Shared 3D Virtual Environment.,In Computer Supported Cooperative Work: A Book of Readings.,"Carlson, C.; L.E.Fahln.",NY:,1993.,,Ed. Irene Greit:,,,513,Morgan Kaufmann.,,,,,8
25,A representation for the adaptive generation of simple sequential programs.,"Proceedings of an International Conference on Genetic Algorithms and Their Applications,","Cramer, N. L.","Hillsdale, NJ.",(1985).,,"In Grefenstette, J., editor,",,,"pages 183-187,",Lawrence Erlbaum Associates.,,,,,9
26,"IG-tree: A variant of IBL. submitted. Available from request to antal@cs.rulimburg.nl Fahlman,",,"Daelemans, W., Van den Bosch, A., and Weijters, T.","Pittsburgh, PA.",(1995).,,"S. E. and Lebiere, C.",,,,,"School of Computer Science, Carnegie-Mellon University,",,"Technical Report CMU-CS-90-100,",,10
27,An investigation of niche and species formation in genetic function op-timization.,"Proceedings of the Third International Conference on Genetic Algorithms,",,,,,"Deb, K. and D. Goldberg (1989).",,,pp. 42-50.,Morgan Kaufmann.,,,,,11
28,An investigation of niche and species formation in genetic function optimization.,"Proceedings of the Third International Conference on Genetic Algorithms,",,,(1989).,,"Deb, K. and D. Goldberg<date> (1989).</date>",,,pp. 42-50.,Morgan Kaufmann.,,,,,11
29,An investigation of niche and species formation in genetic function optimization.,"Proceedings of the Third International Conference on Genetic Algorithms,",,,(1989).,,"Deb, K. and D. Goldberg",,,pp. 42-50.,Morgan Kaufmann.,,,,,11
30,Maximum likelihood from incomplete data via the EM algorithm.,,"Dempster, A., Laird, N., and Rubin, D.",,(1977).,,,"Journal of the Royal Statistical Society B,",39,1-38.,,,,,,12
31,Maximum likelihood from incomplete data via the EM algorithm.,,"Dempster, A., Laird, N., and Rubin, D.",,(1977).,,,"Journal of the Royal Statistical Society B,",39,1-38.,,,,,,12
32,Fahle <date>(1997a)</date> Limited Translation Invari-ance of Human Visual Pattern Recognition.,,M. Dill and M.,,(1997a),,,Perception &amp; Psychophysics (in press).,,,,,,,,13
33,Fahle <date>(1997a)</date> Limited Translation Invari-ance of Human Visual Pattern Recognition.,,M. Dill and M.,,(1997a),,,Perception &amp; Psychophysics (in press).,,,,,,,,13
34,Fahle<date> (1997b)</date> The Role of Visual Field Position in Pattern-Discrimination Learning.,Proceedings of the Royal Society London B (in press).,M. Dill and M.,,(1997b),,,,,,,,,,,14
35,Fahle <date>(1997b)</date> The Role of Visual Field Position in Pattern-Discrimination Learning.,Proceedings of the Royal Society London B (in press).,M. Dill and M.,,(1997b),,,,,,,,,,,14
36,Bond rating: A non-conservative application of neural networks.,"In International Joint Conference on Neural Networks,","Dutta, S. and Shekhar, S.",,1988.,,,,"volume 2,",pages 443-450.,,"Computer and Information Sciences, University of Florida",,TR91-008,,15
37,Visual hyperacuity: spatiotemporal interpolation in human vision.,"Proceedings of the Royal Society of London, B,",M. Fahle and T. Poggio.,,1981.,,,,213,"451-477,",,,,,,16
38,"(1991) Parallel perception of vernier offsets, curvature, and chevrons in humans.",,"Fahle, M.",,,,,"Vis. Res.,",31:,2149-2184.,,,,,,17
39,Learning in hyperacuity: influence of stimulus range and of feedback.,,"Fahle, M. W. and Edelman, S.",,(1992).,,,Vision Research.,,,in press.,,,,,18
40,"Long-term learning in Vernier acuity: effects of stimulus orientation, range and of feedback.",,M Fahle and S Edelman.,,1993.,,,"Vision Research,",33(3),"397-412,",,,,,,19
41,"Long-term learning in vernier acuity: Effects of stimulus orientation, range and of feedback.",,"Fahle, M. &amp; Edelman, S.",,(1993).,,,"Vision Research,","33,",397-412.,,,,,,19
42,"<date> (1993)</date> Long-term learning in vernier acuity: Effects of stimulus orientation, range and of feedback.",,"Fahle, M. &amp; Edelman, S.",,(1993),,,"Vision Research,","33,",397-412.,,,,,,19
43,Fast perceptual learning in hyperacuity.,,"Fahle, M., Edelman, S., and Poggio, T.",,(1995).,,,"Vision Research,",35,3003-3013.,,,,,,20
44,Fast perceptual learning in hyperacuity.,,"Fahle, M., Edelman, S., and Poggio, T.",,(1995).,,,"Vision Research,",35,3003-3013.,,,,,,20
45,Fast perceptual learning in hyperacuity.,,"Fahle, M., Edelman, S., and Poggio, T.",,(1995).,,,"Vision Research,",35,3003-3013.,,,,,,20
46,<date>(1995)</date> Fast perceptual learning in hyperacuity.,,"Fahle, M., Edelman, S., &amp; Poggio, T.",,(1995),,,"Vision Research,","35,",3003-3013.,,,,,,20
47,"Specificity of learning curvature, orientation, and vernier discriminations.",,"Fahle, M.",,(1997).,,,"Vision Research,","37(14),",1885-1895. 66,,,,,,21
48,"<date> (1997) </date>Specificity of learning curvature, orientation, and vernier discriminations.",,"Fahle, M.",,(1997),,,"Vision Research,","37(14),",1885-1895.,,,,,,21
49,A space based model for user interaction in shared synthetic environments.,"In Proceedings of Interchi &apos;93,","Lennart E. Fahlen, Charles Grant Brown, Olov Stahl, and Christer Carlsson.",,April,,,,,"pages 4348,",,,,,,22
50,A space based model for user interaction in shared synthetic environments.,"In Proceedings of Interchi &apos;93,","Lennart E. Fahlen, Charles Grant Brown, Olov Stahl, and Christer Carlsson.",,April,,,,,"pages 43-48,",,,,,,22
51,A space based model for user interaction in shared synthetic environments.,"In Proceedings of Interchi &apos;93,","Lennart E. Fahlen, Charles Grant Brown, Olov Stahl, and Christer Carlsson.",,April,,,,,"pages 43-48,",,,,,,22
52,A space based model for user interaction in shared synthetic environments.,"In Proceedings of Interchi &apos;93,","Lennart E. Fahlen, Charles Grant Brown, Olov Stahl, and Christer Carlsson.",,April,,,,,"pages 43-48,",,,,,,22
53,A space based model for user interaction in shared synthetic environments.,"In Proceedings of Interchi &apos;93,","Lennart E. Fahlen, Charles Grant Brown, Olov Stahl, and Christer Carlsson.",,April,,,,,"pages 43-48,",,,,,,22
54,"&quot;A planning system for robot construction tasks,&quot;",,"S. Fahlman,",,1974.,,,"Artificial Intelligence,","vol. 5,","pp. 1-49,",,,,,,23
55,"&quot;A planning system for robot construction tasks,&quot;",,"S. Fahlman,",,1974.,,,"Artificial Intelligence,","vol. 5,","pp. 1-49,",,,,,,23
56,A planning system for robot construction tasks.,,Scott Elliott Fahlman.,,1974.,,,"Artificial Intelligence,",5(1),"1-49,",,,,,,23
57,A planning system for robot construction tasks.,,Scott Elliott Fahlman.,,1974.,,,"Artificial Intelligence,",5(1),"1-49,",,,,,,23
58,A Planning System for Robot Construction Tasks.,,"Fahlman, S. E.",,(1974).,,,"Artificial Intelligence,","5 (1),",1-49.,,,,,,23
59,A Planning System for Robot Construction Tasks.,,"Fahlman, S.E.",,1974.,,,"Artificial Intelligence,",5(1),1-49.,,,,,,23
60,A planning system for robot construction tasks.,,S. E. Fahlman.,,1974.,,,"Artificial Intelligence,",5,"1-49,",,,,,,23
61,A planning system for robot construction tasks.,,S. E. Fahlman.,,1974.,,,"Artificial Intelligence,",5,"1-49,",,,,,,23
62,A planning system for robot construction tasks.,,S.E. Fahlman.,,1974.,,,"Artificial Intelligence,",5,"1-49,",,,,,,23
63,A planning system for robot construction tasks.,,S Fahlman.,,1974.,,,"Artificial Intelligence,",5,"1-49,",,,,,,23
64,A planning system for robot construction tasks.,"Artifical Intel-lignece, 5:pp.",S. F. Fahlman.,,1974.,,,,,"1-49,",,,,,,23
65,A planning system for robot construction tasks.,,S. E. Fahlman.,,1974.,,,"Artificial Intelligence,",5,"1-49,",,,,,,23
66,A planning system for robot construction tasks.,,Scott Elliott Fahlman.,,1974.,,,"Artificial Intelligence,",5(1),"1-49,",,,,,,23
67,"NETL: A system for representing and using real world knowledge,",,"Fahlman, S. E.,",,1979.,,,,,,Cambridge: MIT Press.,,,,,24
68,NETL: A System for Representing and Using Real World Knowledge.,,S. E. Fahlman.,"Cambridge MA,",1979.,,,,,,"MIT Press,",,,,,24
69,NETL: A system for representing and using real world knowledge.,,"Fahlman, S.",,(1979).,,,,,,MIT Press.,,,,,24
70,NETL: A System for Representing and Using Real World Knowledge.,,"Fahlman, S. E.",Cambridge MA.,(1979).,,,,,,"MIT Press,",,,,,24
71,NETL: A System for Representing and Using Real World Knowledge.,,"Fahlman, S. E.","Cambridge, MA.",(1979).,,,,,,"MIT Press,",,,,,24
72,NETL: A System for Representing and Using Real-World Knowledge.,,"Fahlman, S. E.",,(1979).,,,,,,MIT Press.,,,,,24
73,NETL: A System for Representing and Using Real-World Knowledge.,,"Fahlman, S. E.","Cambridge, MA.",(1979).,,,,,,"The MIT Press,",,,,,24
74,NETL: A System for Representing and Using Real-World Knowledge.,,"Fahlman, S. E.","Cambridge, MA.",(1979).,,,,,,"The MIT Press,",,,,,24
75,"NETL: A System for Representing and Using Real World Knowledge,",,"Fahlman, S. E.,",,1979.,,,,,,Cambridge: MIT Press.,,,,,24
76,"NETL: A System for Representing and Using Real World Knowledge,",,"Fahlman, S. E.,",,1979.,,,,,,Cambridge: MIT Press.,,,,,24
77,"NETL: A System for Representing and Using Real World Knowledge,",,"Fahlman, S. E.,",,1979.,,,,,,Cambridge: MIT Press.,,,,,24
78,"NETL: A System for Representing and Using Real World Knowledge, Cam-bridge:",,"Fahlman, S. E.,",,1979.,,,,,,MIT Press.,,,,,24
79,"NETL: A system for representing and using real world knowledge,",,"Fahlman, S. E.,",,1979.,,,,,,Cambridge: MIT Press.,,,,,24
80,NETL: A System for Representing and Using Real-World Knowledge.,,"Fahlman, S.E.","Cambridge, MA.",(1979).,,,,,,"MIT Press,",,,,,24
81,NETL: A System for Representing and Using Real-World Knowledge.,,Scott E. Fahlman.,"Cambridge, MA,",1979.,,,,,,"MIT Press,",,,,,24
82,NETL : a System for Representing and Using Real-World Knowledge.,,S. E. Fahlman.,"Cambridge, Mass.,",1979.,,,,,,"MIT Press,",,,,,24
83,"NETL: A system for representing real-world knowledge,",,S.E. Fahlman.,,,,,,,,MIT Press.,,,,,24
84,A System for Representing and Using Real-World Knowledge.,,Scott E. Fahlman.,"Cambridge, MA,",1979.,,,,,,"MIT Press,",,,,,24
85,A System for Representing and Using Real-World Knowledge.,,Scott E. Fahlman.,"Cambridge, MA,",1979.,,,,,,"MIT Press,",,,,,24
86,NETL: A System for Representing and Using Real-World Knowledge.,,Scott E. Fahlman.,"Cambridge, MA,",1979.,,,,,,"MIT Press,",,,,,24
87,NETL: A System for Representing and Using Real-World Knowledge.,,"S. Fahlman,","Cambridge, Massachusetts,",1979.,,,,,,"The MIT Press,",,,,,24
88,NETL: A System for Representing Real World Knowledge.,,Scott E. Fahlman.,,1979.,,,,,,"MIT Press,",,,,,24
89,NETL: A System for Representing and Using Real-World Knowledge.,,Scott E. Fahlman.,"Cambridge, MA,",1979.,,,,,,"MIT Press,",,,,,24
90,NETL: A System for Representing and Using Real-World Knowledge.,,S. Fahlman.,"Cambridge, Mas-sachusetts,",1979.,,,,,,"The MIT Press,",,,,,24
91,"NETL, A System For Representing And Using Real-World Knowledge.",,Scott E Fahlman.,,1979.,,,,,,"The MIT Press,",,,,,24
92,"&quot;NETL: A System for Representing and Using Real World Knowledge&quot;,",,"Fahlman, S.E.,","Cambridge, MA,",1979.,,,,,,"MIT Press,",,,,,24
93,NETL: A System for Representing and Using Real-World Knowledge.,,S. Fahlman.,"Massachusetts,",1979.,,,,,,"MIT Press,",,,,,24
94,NETL: A System for Representing and Using Real-World Knowledge.,,S. E. Fahlman.,"Cambridge, Ma,",1977.,,,,,,"MIT Press,",,,,,24
95,"NETL: A System for Representing and Using Real World Knowledge,",,S.E. Fahlman.,"Cambridge, MA,",1979.,,,,,,"MIT Press,",,,,,24
96,NETL: A system for representing and using real-world knowledge.,,S.E. Fahlman.,"Cambridge, MA, U.S.A.,",1979.,,,,,,"MIT Press,",,,,,24
97,"NETL: A System for Representing and Using Real World Knowledge,",,"S. Fahlman,","Cambridge, MA,",1979.,,,,,,"MIT Press,",,,,,24
98,NETL: A System for Representing and Using Real-World Knowledge.,,S. Fahlman.,"Cambridge, Massachusetts,",1979.,,,,,,"The MIT Press,",,,,,24
99,Netl: A System For Representing And Using Real-World Knowledge.,,Scott E. Fahlman.,,1979.,,,,,,"MIT Press,",,,,,24
100,Design sketch for a million-element netl machine.,"In The First Annual Conference on Artificial Intelligence. AAAI,",Scott E. Fahlman.,,August,,,,,,,,,,,25
101,&quot;Representing Implicit Knowledge.&quot;,Parallel Models of Associative Memory.,"Fahlman, S.","Hillsdale, NJ:",(1981).,,"In G. Hinton and J. Anderson (Eds.),",,,,Lawrence Erlbaum Associates.,,,,,26
102,"Cancellation in a Parallel Semantic Network,","In Proc IJCAI-81,","Fahlman S, Touretzky D and van Roggen W,",Menlo Park:,,,,,,"257-263,",,,,,International Joint Conferences on AI.,27
103,Extended abstract:,"Parallel processing in artificial intelligence. Parallel Computing,",Scott E. Fahlman.,,1985.,,,,2,"283-286,",,,,,,28
104,Connectionist architectures for artificial intelligence.,,"Fahlman, S. &amp; Hinton, G.",,(1987).,,,"Computer,","20,",100-109.,,,,,,29
105,Connectionist Architectures for Artificial Intelligence.,,Scott E Fahlman and Geoffrey E Hinton.,,January,,,"Computer,","20(1),",,,,,,,29
106,Connectionist Architectures for Artificial Intelligence.,,"Fahlman, S. and Hinton, G.",,(1987).,,,"Computer,",20,100-118.,,,,,,29
107,"&quot;Faster-Learning Variations on Back-Propagation: An Empirical Study,&quot;","Proc. of the 1988 Connectionist Models Summer School,","S. E. Fahlman,","San Mateo, CA:",1989.,,"D. Touretzky, G. Hinton and T. Sejnowski, eds.,",,,"pp. 38-51,","Morgan Kauffman,",,,,,30
108,Faster-learning variations on backpropagation: An empirical study.,Proc. of the Connectionist Model Summer School.,"Fahlman, S.","San Mateo, CA.",(1988).,,"In Touretzky, D. , Hinton, G. , and Sejnowski, T. , (eds.),",,,,"Morgan Kaufmann,",,,,,30
109,Faster-learning variations on back-propagation.,T.,"Fahlman, S. E.",,(1988).,,"In G. E. Hinton,",,,,,,,,,30
110,Faster-learning variations on back-propagation: an empirical study.,"Proceedings of the 1988 Connectionist Models Summer School,","Fahlman, S. E.","San Mateo, California.",(1989).,,"In Touretzky, D. S., Hinton, G., &amp; Sejnowski, T. (Eds.),",,,pp. 38-51.,"Morgan Kaufmann,",,,,,30
111,Faster learning variations on backpropagation: An empirical study.,In Proc. 1988 Connectionist Models Summer School.,"Fahlman, S.E.","San Mateo, CA:",(1988),,,,,,Morgan Kauffman,,,,,30
112,"`Fast-learning variations on back-propagation: An empirical study&apos;,","Proc. 1988 Connectionist Models Summer School,","Fahlman, S.E.","San Mateo, CA:",(1989),,"Touretzky, D., Hinton, G., Sejnowski, T. (eds.),",,,38-51.,"Morgan Kaufmann,",,,,,30
113,Fast-Learning Variations on BackPropagation: An Empirical Study.,Proceedings of the 1988 Connectionist Models Summer School.,"Fahlman, S.E.",,(1988).,,,,,pp. 38-51.,Morgan Kaufmann.,,,,,30
114,Fast-learning variations on back-propagation: an empirical study.,"Proceedings of the 1988 Connectionist Models Summer School,","Fahlman, S.E.","Pittsburgh, PA,",1989.,,"In D. Touretzky, G. Hinton &amp; T. Sejnowski, eds.",,,38-51,"(Morgan Kaufman,",,,,,30
115,Fast-learning variations on back-propagation: an empirical study.,"Proceedings of the 1988 Connectionist Models Summer School,","Fahlman, S.E.","Pittsburgh, PA,",1989.,,"In D. Touretzky, G. Hinton &amp; T. Sejnowski, eds.",,,38-51,"(Morgan Kaufman,",,,,,30
116,Fast-learning variations on back-propagation: an empirical study.,"Proceedings of the 1988 Connectionist Models Summer School,","Fahlman, S.E.","Pittsburgh, PA,",1989.,,"In D. Touretzky, G. Hinton &amp; T. Sejnowski, eds.",,,38-51,"(Morgan Kaufman, San Mateo).",,,,,30
117,Fast-learning variations on back-propagation: an empirical study.,"Proceedings of the 1988 Connectionist Models Summer School,","Fahlman, S.E.","Pittsburgh, PA,",1989.,,"In D. Touretzky, G. Hinton &amp; T. Sejnowski, eds.",,,38-1,"(Morgan Kaufman,  San Mateo).",,,,,30
118,Faster learning variations on back-propagation: An empirical study.,"In Procs.  of the 1988 Connectionist Models Summer School,",S. Fahlman.,"Pittsburgh, PA,",1988.,,,,,"pages 38-51,",,,,,,30
119,Fast-learning variations on back-propagation: An empirical study.,"Proceedings of the 1988 Connectionist Models Summer School,",S.E. Fahlman.,"San Mateo, 1989.",,,"In D. Touret-zky, G. Hinton, and T. Sejnowski, editors,",,,"pages 38-51,",Morgan Kaufmann.,,,,,30
120,Faster-learning variations on back-propagation: An empirical study.,In Proceedings of the 1988 Connectionists Models Summer School.,S. E. Fahlman.,,1988.,,,,,,"Morgan Kauffman Inc.,",,,,,30
121,Faster learning variations on back-propagation: An empirical study.,,Scott E. Fahlman.,,September,,,,,,,"Carnegie Mellon University, School of Computer Science,",,"Technical Report CMU-CS-88-162,",120 Bibliography,31
122,E . Faster-learning variations of backpropagation : An empirical study.,"Proceedings of the 1988 Connectionist Models Summer School,","Fahlman, S.","San Mateo, CA:",1988.,,"In D. Touretzky, G. E. Hinton, and T. J Sejnowski (Eds),",,,"38-51,",Morgan Kaufmann,,,,,30
123,E . Faster-learning variations of backpropagation : An empirical study.,"Proceedings of the 1988 Connectionist Models Summer School,","Fahlman, S.","San Mateo, CA:",1988.,,"In D. Touretzky, G. E. Hinton, and T. J Sejnowski (Eds),",,,"38-51,",Morgan Kaufmann,,,,,30
124,E . Faster-learning variations of backpropagation : An empirical study.,"Proceedings of the 1988 Connectionist Models Summer School,","Fahlman, S.","San Mateo, CA:",1988.,,"In D. Touretzky, G. E. Hinton, and T. J Sejnowski (Eds),",,,"38-51,",Morgan Kaufmann,,,,,30
125,Fast-learning variations on back-propagation: An empirical study.,"Proceedings of the 1988 Connectionist Models Summer School,","Fahlman, S. E.","Pittsburgh, PA,",1989.,,"In Touretzky, D., Hinton, G., and Sejnowski, T., editors,",,,"pages 38-51,","Mor-gan Kaufmann,",,,,,30
126,(1988) Faster-Learning Variations on Back-Propagation: An Empiri cal Study.,"Proceedings of 1988 Connectionist Models Summer School,","Fahlman, S. E.","San Mateo, CA,",,,"Touretzky, D., Hinton, G and Sejnowski T. (Eds.)",,,pp. 38-51.,"Morgan Kaufmann,",,,,,30
127,Faster-learning variations on back-propagation: An empirical study.,"Proceedings of the 1988 Connectionist Models Summer School,",S E Fahlman.,,1988.,,"In D Touretzky, G E Hinton, and T J Sejnowski, editors,",,,pages 38-51.,"Morgan Kaufman,",,,,,30
128,Faster-learning Variations on Backpropagation : An Empirical Study. In T.J.,in 1988 Connectionist Models Summer School.,S.E. Fahlman.,,1988.,,"Sejnowski, G.E. Hinton, and D.S. Touretzky, editors,",,,,"Morgan Kauf-mann,",,,,,30
129,Faster-learning variations of backpropagation : An empirical study.,"Proceedings of the 1988 Connectionist Models Summer School,","Fahlman, S. E.","San Mateo, CA:",1988.,,"In D. Touretzky, G. E. Hinton, and T. J Sejnowski (Eds),",,,,"Morgan Kaufmann Publishers , 38-51,",,,,,30
130,"Faster-Learning Variations on BackPropagation: An Empirical Study,","Proceedings of the 1988 Connectionist Models Summer School,","S. Fahlmann,",,1988.,,,,,"pp 38-51,",,,,,,30
131,"Faster-Learning Variations on BackPropagation: An Empirical Study,","Proceedings of the 1988 Connectionist Models Summer School,","S. Fahlmann,",,1988.,,,,,"pp 38-51,",,,,,,30
132,"&quot;Faster-learning Variations on Backpropagation : An Empirical Study,&quot;","in  1988 Connectionist Models Summer School,","S.E. Fahlman,",,1988.,,"T.J. Sejnowski, G.E. Hinton, and D.S. Touretzky, Eds.",,,,"Mor-gan Kaufmann,",,,,,30
133,&quot;Faster-Learning Variations on Back-Propagation: An Empirical Study&quot;. In:,"Proc. of the 1988 Connectionist Models Summer School,","Fahlman, S.",,1988,,,,,,"Morgan Kaufmann,",,,,,30
134,Faster-learning variations on back-propagation: An empirical study.,"In Proceedings of the 1988 Connectionist Models Summer School,",S.E. Fahlman.,,1988.,,,,,,,,,,,30
135,"&quot;Faster-Learning Variations on Back-Propagation: An Empirical Study&quot;,","in Proceedings of the 1988 Connectionist Models Summer School, Pitts-burg (1988),","Scott E. Fahlman,",,,,,,,"38-51,",Morgan Kaufmann.,,,,,30
136,Faster-learning variations on backpropagation: an empirical study.,"Proceedings of the 1988 Connectionist Models Summer School,",S. Fahlman.,,1988.,,"In D. Touretzky, G. Hinton, and T. Sejnowsky, editors,",,,pages 38-51.,"Morgan-Kauffman,",,,,,30
137,Faster-learning variations on backpropagation: an empirical study.,"Proceedings of the 1988 Connectionist Models Summer School,",S. Fahlman.,,1988.,,"In D. Touretzky, G. Hinton, and T. Sejnowsky, editors,",,,pages 38-51.,"Morgan-Kauffman,",,,,,30
138,Faster-learning variations on back-propagation: An empirical study.,"In Connectionist Models Summer School,",S. Fahlman.,,1988.,,,,,,,"Carnegie Mellon,",,,,30
139,"Faster-learning variations on back-propagation: An empirical study,","in Proceedings of the 1988 Connectionist Models Summer School,","S. E. Fahlman,",,1988.,,,,,,"Morgan Kaufmann,",,,,,30
140,"Faster-learning variations on backpropagation: An empirical study,","in Proceedings of the 1988 Connectionist Models Summer School,","S. E. Fahlman,","San Mateo, CA:","1988,",,"D. S. Touretzky, G. E. Hinton, and T. J. Sejnowski,Eds.",,,pp. 38-51.,"Morgan Kaufmann,",,,,,30
141,Fast-learning variations on back-propagation: An empirical study.,"Connectionist Models Summer School: 1988 Proceedings,",S. E. Fahlman.,"San Mateo, CA,<date> 1988.</date>",1988.,,"In D. S. Touretzky, G. E. Hinton, and Sejnowski, editors,",,,"pages 38-51,",Morgan Kaufmann.,,,,,30
142,"Fahlman (1988): Faster-Learning Variations on Back-Propagation: An Empirical Study,","in Proceedings of the 1988 Connectionist Summer School,",S. E.,,,,,,,,Morgan Kauf-mann.,,,,,30
143,"Fahlman (1988): Faster-Learning Variations on BackPropagation: An Empirical Study,","in Proceedings of the 1988 Connectionist Models Summer School,",S. E.,,,,,,,,Morgan Kauf-mann.,,,,,30
144,"Fast Learning Variations on Backpropagation: An Empirical Study,","In proceedings of the 1988 Connectionist Models Summer School,","Fahlman, S.E.",San Mateo:,"(1989),",,"Eds. D.S. Touretzky, G. Hinton and T.",,,"pp. 38-51,","Sejnowski,",,,,,30
145,"&quot;Faster-Learning Variations on Back Propagation: An Empirical Study,&quot;",In Proceedings of the 1988 Connectionist Models Summer School.,"Scott Fahlman,",,1988.,,,,,,"Morgan Kaufmann,",,,,,30
146,"An empirical study of learning speed in backpropagation networks,",,"S.E. Fahlman,",,(1988).,,,,,,,Carnegie Mellon University<date> (1988).</date>,,"Technical Report CMU-CS-88-162,",,31
147,An empirical study of learning speed in back-propagation networks.,,Scott E. Fahlman.,"Pittsburgh, PA,",September,,,,,,,"School of Computer Science, Carnegie Mellon University,",,"Technical Report CMU-CS-88-162,",,31
148,"An empirical study of learning speed in backpropagation networks,",,Fahlman S. E.,"Pittsburgh, PA.",(1988):,,,,,,,"Computer Science Dept.,",,"Technical Report CMU-CS-88-162 , Carnegie-Mellon University,",,31
149,An empirical study of learning speed in backpropagation networks.,,"Fahlman, S. E.","Pittsburg, PA.",(1988),,,,,,,"Department of Computer Science, Carnegie-Mellon University,",,Technical Report CMU-CS-88-182.,,31
150,"An empirical study of learning speed in back-propagation networks,",,"Fahlman, S. E.",,"(1988),",,,,,,,Carnegie Mel-lon University.,,"Technical Report CMU-CS-88-162,",,31
151,An empirical study of learning speed in back-propagation networks.,,"Fahlman, S. E.","Pittsburgh, PA.",(1988).,,,,,,,"School of Computer Science, Carnegie Mellon University,",,"Technical Report CMU-CS-88-162,",,31
152,An empirical study of learning speed in backpropagation networks.,,"Fahlman, S. E.","Pittsburgh, PA.",(1988).,,,,,,,"Computer Science Department, Carnegie Mellon University,",,"Technical Report CMU-CS-88-162,",,31
153,An empirical study of learning speed in backpropagation networks.,,"Fahlman, S. E.","Pittsburgh, PA.",(1988).,,,,,,,"Computer Science Department, Carnegie Mellon University,",,"Technical Report CMU-CS-88-162,",,31
154,An empirical study of learning speed in backpropagation networks.,,"Fahlman, S. E.","Pittsburgh, PA.",(1988).,,,,,,,"Computer Science Department, Carnegie Mellon University,",,"Technical Report CMU-CS-88-162,",,31
155,An empirical study of learning speed in backpropagation networks.,,"Fahlman, S. E.","Pittsburgh, PA 15213.",(1988).,,,,,,,"School of Computer Science, Carnegie Mellon University,",,"Technical Report CMU-CS-88-162,",,31
156,An Empirical Study of Learning Speed in Backpropagation Networks.,,"Fahlman, S. E.","Pittsburgh, PA.",1988.,,,,,,,"School of Computer Science, Carnegie Mellon University,",,"Technical Report CMU-CS-88-162,",,31
157,"(1988) An Empirical Study of Learning Speed in BackPropagation Networks (CMU-CS-88-162),",,"Fahlman, S.E.","Pittsburgh, PA.",,,,,,,,"Department of Computer Science, Carnegie Mellon University,",,"Technical Report,",,31
158,"An empirical study of learning speed in back-propagation networks,",,"Fahlman, S.E.",,(1988),,,,,,,"School of Computer Science, Carnegie Mellon University.",,"CMU-CS-88-162,",,31
159,An empirical study of learning speed in back-propagation networks.,,"Fahlman, Scott.",,1988.,,,,,,,"Department of Computer Science, Carnegie Mellon University.",,"Technical Report CMU-CS-88-162,",,31
160,An empirical study of learning speed in back-propagation networks.,,"Fahlman, Scott.",,1988.,,,,,,,"Department of Computer Science, Carnegie Mellon University.",,"Technical Report CMU-CS-88-162,",,31
161,An empirical study of learning speed in back-propagation networks.,,"Fahlman, Scott.",,1988.,,,,,,,"Department of Computer Science, Carnegie Mellon University.",,"Technical Report CMU-CS-88-162,",,31
162,An empirical study of learning speed in back-propagation networks.,,"Fahlman, Scott.",,1988.,,,,,,,"Department of Computer Science, Carnegie Mellon University.",,"Technical Report CMU-CS-88-162,",,31
163,An empirical study of learning speed in back-propagation networks.,,S. E. Fahlman.,"Pittsburgh, PA - USA,",1988.,,,,,,,"Computer Science Department - Carnegie-Mellon,",,"Technical Report CMU-CS-88-162,",,31
164,An Empirical Study of Learning Speed in Back-Propagation Networks.,In Proceedings of the 1988 Connectionist Models Summer School.,"Fahlman, S.E.",,1988.,,,,,,Morgan-Kaufmann.,,,,,31
165,An Empirical Study of Learning Speed in Back-Propagation Networks.,In Proceedings of the 1988 Connectionist Models Summer School.,"Fahlman, S.E.",,1988.,,,,,,Morgan-Kaufmann.,,,,,31
166,An empirical strudy of learning speed in back-propagation networks.,,Scott E. Fahlman.,,September,,,,,,,"CMU Department of Computer Science,",,"Technical Report CMU-CS-88-162,",,31
167,An empirical study of learning speed in back-propagation networks.,,S. Fahlman.,,1988.,,,,,,,"Carnegie Mellon University,",,"Technical report,",,31
168,"&quot;An Empirical Study of Learning Speed in Backpropagation Networks,&quot;",,"S. E. Fahlman,","PA,",(1988).,,,,,,,"School of Computer Science, Carnegie Mellon University, Pitts-burgh,",,"Tech--nical Report CMU-CS-88-162,",,31
169,"&quot;An empirical study of learning speed in back-propagation networks,&quot;",,"S. E. Fahlman,",,June,,,,,,,"CMU-CS-88-162, Computer Science Department, Carnegie Mellon University, Pitts-burgh,",,Tech. Rep.,,31
170,An empirical study of learning speed in back-propagation networks.,,S.E. Fahlman.,,1988.,,,,,,,"Carnegie Mellon University,",,"Technical Report CMU-CS-88-162,",,31
171,"&quot;An Empirical Study of Learning Speed in Backpropagation Networks,&quot;",,"S. E. Fahlman,","Pittsburgh, USA",(1998),,,,,,,"School of Computer Science, Carnegie Mellon University,",,"Technical Report CMU-CS-88-162,",,31
172,An empirical study of learning speed in back-propagation networks.,,Scott E. Fahlman.,"Pittsburgh, PA,",September,,,,,,,"School of Computer Science, Carnegie Mellon University,",,"Technical Report CMU-CS-88-162,",,31
173,"An Empirical Study of Learning Speed in Back-Propagation Networks,",,"S. E. Fahlman,",,1988.,,,,,,,"CMU-CS-TR-88-162, Carnegie Mellon University,",,"Technical Report,",,31
174,"An Empirical Study of Learning Speed in Back-Propagation Networks,",,"S. E. Fahlman,",,1988.,,,,,,,"CMU-CS-TR-88-162, Carnegie Mellon University,",,"Technical Report,",,31
175,An empirical study of learning speed in back-propagation networks.,,Scott E. Fahlman.,"Pittsburgh, PA 15213,",September,,,,,,,"School of Computer Science, Carnegie Mellon University,",,"Technical Report CMU-CS-88-162,",,31
176,An empirical study of learning speed in back-propagation networks.,,Scott E. Fahlman.,"Pittsburgh, PA,",September,,,,,,,"School of Computer Science, Carnegie Mellon University,",,"Technical Report CMU-CS-88-162,",,31
177,"An Empirical Study of Learning Speed in Back-Propagation Networks,",,"Fahlman, S.:","Pittsburgh, PA,",September,,,,,,,"Carnegie Mellon University,",,"CMU-CS-88-162,",,31
178,An empirical study of learning speed in back propagation networks.,,S. E. Fahlman.,,1988.,,,,,,,,,"Technical Report CMU-CS-88-162, Carnegie-Mellon Universtity Technical Report,",,31
179,An empirical study of learning speed in back-propagation networks.,,S.E. Fahlman.,,June,,,,,,,,,"Tech Report CMU-CS-88-162,",,31
180,"An empirical study of learning speed in backpropagation networks,",,"Fahlman, S.E.","Pittsburgh, PA,",1988.,,,,,,,"Carnegie Mellon University,",,"Technical Report CMU-CS-88-162,",,31
181,"&quot;An Empirical Study of Learning Speed in Back-Propagation Networks,&quot;",,"S. Fahlman,",,June,,,,,,,,,"CMU Tech Report CMU-CS-88-162,",,31
182,"&quot;An Empirical Study of Learning Speed in Back-propagation Networks&quot;,",,"S. E. Fahlman,",,(1988).,,,,,,,Carnegie-Mellon Computer Science Rpt.,,CMU-CS-88-162,,31
183,"&quot;An empirical study of learning speed in back-propagation networks&quot;,",,"Fahlman, S.E.,","Pittsburgh, PA,",1988.,,,,,,,"Carnegie-Mellon University,",,"Report CMU-CS-88-182,",,31
184,An empirical study of learning speed in backpropagation networks.,,S. E. Fahlman.,"Pittsburgh, PA,",1988.,,,,,,,"Carnegie-Mellon University,",,"Technical Report CMU-CS-88-162,",,31
185,An empirical study of learning speed in back-propagation networks.,,Scott E. Fahlman.,"Pittsburgh, PA,",September,,,,,,,"School of Computer Science, Carnegie Mellon University,",,"Technical Report CMU-CS-88-162,",,31
186,"of Learning Speed in Back-Propagation Networks,",,"S. E. Fahlman,",,"1988,",,,,,,,,,CMU-CS-88-162.,,31
187,&quot;An Empirical Study of Learning Speed in Back-Propagation Networks.&quot;,,"Fahlman, Scott E.","Pittsburgh, PA.",1988.,,,,,,,"Computer Science Department, Carnegie Mellon University,",,Technical Report CMU-CS-88-162.,,31
188,"&quot;An Empirical Study of Learnin g Speed in BackPropagation Networks&quot;,Technical Report CMU-CS-88-162,",,"Fahlman, Scott E.,","Pittsburgh, PA,",1988.,,,,,,,"Carnegie Mellon University, Computer Science Department",,,,31
189,"&quot;An Empirical Study of Learning Speed in BackPropagation Networks,&quot;",,"Scott Fahlman,",,June,,,,,,,"Department of Computer Science, Carnegie Mellon University,",,"Technical Report CMU-CS-88-162,",,31
190,"&quot;An Empirical Study of Learning Speed in BackPropagation Networks,&quot;",,"Scott Fahlman,",,June,,,,,,,"Department of Computer Science, Carnegie Mellon University,",,"Technical Report CMU-CS-88-162,",,31
191,"&quot;An Empirical Study of Learning Speed in BackPropagation Networks,&quot;",,"Scott Fahlman,",,June,,,,,,,"Department of Computer Science, Carnegie Mellon University,",,"Technical Report CMU-CS-88-162,",,31
192,"The Cascade-Correlation Learning Architecture,",,"Fahlman, S.E. and Lebiere, C.,","Pittsburgh, PA:",1991.,,,,,,,"Carnegie-Mellon University,",,"(technical report), CMU-CS-90-100,",,32
193,"The Cascade-Correlation Learning Architecture,",,S.E. Fahlman and C. Lebiere:,"Pittsburgh, PA:",1991.,,,,,,,"Carnegie-Mellon University,",,"(technical report), CMU-CS-90-100,",,32
194,"The Cascade-Correlation Learning Architecture,",,S.E. Fahlman and C. Lebiere:,"Pittsburgh, PA:",1991.,,,,,,,"Carnegie-Mellon University,",,"(technical report),  CMU-CS-90-100,",,32
195,"The Cascade-Correlation learning architec ture,",,"Fahlman, S. E. &amp; Lebiere, C.","Pittsburgh, PA 15213.","(1990),",,,,,,,"School of Computer Science, Carnegie Mellon University,",,"Technical Report CMU-CS-90-100,",,32
196,"The Cascade-Correlation learning architecture,",,"Fahlman, S. E. &amp; Lebiere, C.","Pittsburgh, PA 15213.","(1990),",,,,,,,"School of Computer Science, Carnegie Mellon University,",,"Technical Report CMU-CS-90-100,",,32
197,The cascade-correlation learning architecture.,,"Fahlman, S. E. and Lebiere,C.",,(1990).,,,,,,,Carnegie-Mellon Universtity.,,Technical Report CMU-CS-90-100.,,32
198,The Cascade-Correlation learning architecture.,,"Fahlman, S. E. and Lebiere, C.","Pittsburgh, PA 15213.",(1990).,,,,,,,"School of Computer Science, Carnegie Mellon University,",,"Technical Report CMU-CS-90-100,",,32
199,The Cascade-Correlation learning architecture.,,"Fahlman, S. E. and Lebiere, C.","Pittsburgh, PA.",(1990).,,,,,,,"School of Computer Science, Carnegie Mellon University,",,"Technical Report CMU-CS-90-100,",,32
200,The Cascade-correlation Learning Architecture.,,"Fahlman, S. E. and Lebiere, C.","Pittsburgh, PA.",(1990).,,,,,,,"School of Computer Science, Carnegie-Mellon University,",,"Technical Report CMU-CS-90-100,",,32
201,The Cascade-correlation Learning Architecture.,,"Fahlman, S. E. and Lebiere, C.","Pittsburgh, PA.",(1990).,,,,,,,"School of Computer Science, Carnegie-Mellon University,",,"Technical Report CMU-CS-90-100,",,32
202,Cascade-correlation learning architecture,,"Fahlman, S. E., &amp; Lebiere, C.","Pittsburgh, PA:",(1989).,,,,,,,"Carnegie Mellon University, Computer Science Department.",,Technical rep. CMU-CS-90-100).,,32
203,Cascade-correlation learning architecture,,"Fahlman, S. E., &amp; Lebiere, C.","Pittsburgh, PA:",(1989).,,,,,,,"Carnegie Mellon University, Computer Science Department.",,Technical rep. CMU-CS-90-100).,,32
204,Cascade-correlation learning architecture,,"Fahlman, S. E., &amp; Lebiere, C.","Pittsburgh, PA:",(1989).,,,,,,,"Carnegie Mellon University, Computer Science Department.",,Tech. rep.  CMU-CS-90-100).,,32
205,The cascade-correlation learning architecture.,,"Fahlman, S., and Lebiere, C.",Pittsburgh.,(1990).,,,,,,,"Carnegie Mellon University,",,"Technical Report CMU CS-90-100,",,32
206,The cascade-correlation learning architecture.,,"Fahlman, S., and Lebiere, C.",Pittsburgh.,(1990).,,,,,,,"Carnegie Mellon University,",,"Technical Report CMU CS-90-100,",,32
207,The cascade-correlation learning architecture.,,S. E. Fahlman and C. Lebiere.,"Pitts-burgh,PA",1990.,,,,,,,"School of Computer Science, Carnegie-Mellon University,",,"Technical Report CMU-CS-90-100,",,32
208,"The cascade-correlation learning architecture,",,"Fahlman S. E., Lebiere C.,",,1990.,,,,,,,"Carnegie Mellon University,",,"Technical Report CMU-CS-90-100,",,32
209,The Cascade-Correlation Learning Architecture.,,"Fahlman, S. and Lebiere, C.","Pittsburgh, PA 15213.",(1990).,,,,,,,"School of Computer Science, Carnegie-Mellon University,",,"CMU-CS-90-100,",,32
210,"The Cascade-Correlation learning architecture,",,"S. E. Fahlman and C. Lebiere,","Pittsburgh, PA 15213,",1990.,,,,,,,"School of Computer Science, Carnegie Mellon University,",,"Tech. Rep.  CMU-CS-90-100,",,32
211,The cascade-correlation learning architecture.,,S. E. Fahlman and C. Lebiere.,,1990.,,,,,,,"Carnegie Mellon University,",,"Technical Report CMU-CS-90-100,",,32
212,"&quot;The Cascade-Correlation Learning Architecture&quot;,",,"S. E. Fahlman and C. Lebiere,",,1990,,,,,,,,,"Technical Report:  CMU-CS-90-100,",,32
213,The Cascade-Correlation Learning Architecture.,,"Fahlman, S. and Lebiere, C.","Pittsburgh, PA 15213.",(1990).,,,,,,,"School of Computer Science, Carnegie-Mellon University,",,"CMU-CS-90-100,",,32
214,The Cascade-Correlation learning architecture.,,Scott E. Fahlman and Christian Lebiere.,,February,,,,,,,"Carnegie Mellon University, School of Computer Science,",,"Technical Report CMU-CS-90-100,",,32
215,The Cascade-Correlation learning architecture.,,"Fahlman, S. E., and Lebiere, C.","Pittsburgh, PA,",Feb.,,,,,,,"School of Computer Science, Carnegie Mellon University,",,"Tech. Rep.  CMU-CS-90-100,",,32
216,The Cascade-Correlation learning architecture.,,"Fahlman, S. E., and Lebiere, C.","Pittsburgh, PA,",Feb.,,,,,,,"School of Computer Science, Carnegie Mellon University,",,"Tech. Rep.  CMU-CS-90-100,",,32
217,The Cascade-Correlation learning architecture.,,"Fahlman, S. E., and Lebiere, C.","Pittsburgh, PA,",Feb.,,,,,,,"School of Computer Science, Carnegie Mellon University,",,"Tech. Rep.  CMU-CS-90-100,",,32
218,The Cascade-Correlation learning architecture.,,"Fahlman, S. E., and Lebiere, C.","Pittsburgh, PA,",Feb.,,,,,,,"School of Computer Science, Carnegie Mellon University,",,"Tech. Rep.  CMU-CS-90-100,",,32
219,The Cascade-Correlation learning architecture.,,"Fahlman, S. E., and Lebiere, C.","Pittsburgh, PA,",Feb.,,,,,,,"School of Computer Science, Carnegie Mellon University,",,"Tech. Rep.  CMU-CS-90-100,",,32
220,The cascade-correlation learning architecture.,,S.E. Fahlman and C. Lebiere.,,1990.,,,,,,,"Carnegie Mellon University,",,"Technical Report CMU-CS-90-100,",,32
221,"The Cascade-Correlation Learning Architecture,",,"S. E. Fahlman and C. Lebiere,",,1991.,,,,,,,"Carnegie Mellon University,",,"Technical Report,  CMU-CS-TR-91-100,",,32
222,"The Cascade-Correlation Learning Architecture,",,"S. E. Fahlman and C. Lebiere,",,1991.,,,,,,,"Carnegie Mellon University,",,"Technical Report, CMU-CS-TR-91-100,",,32
223,"The Cascade-Correlation Learning Architecture,",,"Fahlman, S., Lebiere, C.:","Pittsburgh, PA,",August,,,,,,,"Carnegie Mellon University,",,"Technical Report CMU-CS-90-100,",,32
224,"The casade-correlation learning architecture,",,"S. Fahlman and C. Lebiere,",,Feb,,,,,,,"Carnegie Mellon University, School of Computer Science,",,"Tech. Report CMU-CS-90-100,",,32
225,"&quot;The Cascade Correlation Learning Architecture&quot;,",,"S. E. Fahlman and C. Lebiere,",,(1990).,,,,,,,Carnegie Mellon Computer Science,,Rpt. CMU-CS-90-100,,32
226,The Cascade-Correlation Learning Architecture.,,"Fahlman, S. E. and Lebiere, C.","Pittsburgh, PA.",(1990),,,,,,,"School of Computer Science, Carnegie Mellon University,",,"Technical Report #CMU-CS-90-100,",,32
227,&quot;The Cascade-Correlation Learning Architecture&quot;.,,"Fahlman, S. and Lebiere, C.",,1990,,,,,,,,,"Carnegie-Mellon Report CMU-CS-90-100,",,32
228,The Cascade-Correlation Learning Architecture.,,"Fahlman, S. and Lebiere, C.","Pittsburgh, PA 15213.",(1990).,,,,,,,"School of Computer Science, Carnegie-Mellon University,",,"CMU-CS-90-100,",,32
229,The cascade-correlation learning architecture.,,Scott E. Fahlman and Christian Lebiere.,"Pittsburgh, PA 15213,",February,,,,,,,"School of Computer Science, Carnegie Mellon University,",,"Technical Report CMU-CS-90-100,",,32
230,The cascade-correlation learning architecture.,,S. E. Fahlman and Christian Lebiere.,"Pittsburgh, PA 15213,","February,",,,,,,,"School of Computer Science, Carnegie Mellon University,",,"Technical Report CMU-CS-90-100,",,32
231,"&quot;The Cascade-Correlation Learning Architecture,&quot;",,"S. Fahlman and C. Lebiere,",,February,,,,,,,,,"CMU Tech Report CMU-CS-90-100,",,32
232,The Cascade-Correlation Learning Architecture.,,"Fahlman, S. and Lebiere, C.","Pittsburgh, PA 15213.",(1990).,,,,,,,"School of Computer Science, Carnegie-Mellon University,",,"CMU-CS-90-100,",,32
233,The Cascade-Correlation Learning Architecture.,,"Fahlman, S. and Lebiere, C.","Pittsburgh, PA 15213.",(1990).,,,,,,,"School of Computer Science, Carnegie-Mellon University,",,"CMU-CS-90-100,",,32
234,The Cascade-Correlation Learning Architecture.,,"Fahlman, S. and Lebiere, C.","Pittsburgh, PA 15213.",(1990).,,,,,,,"School of Computer Science, Carnegie-Mellon University,",,"CMU-CS-90-100,",,32
235,"&quot;The cascade-correlation learning architecture,&quot;",,"S. Fahlman and C. Lebiere,","Pittsburgh, PA,",February,,,,,,,"School of Computer Science, Carnegie-Mellon University,",,"Tech. Rep.  CMU-CS-90-100,",,32
236,The cascade-correlation learning architecture.,,S.E. Fahlman and C. Lebiere.,"Pittsburgh, PA 15213,",August,,,,,,,"School of Computer Science Carnegie Mellon University,",,"Technical report,",,32
237,The Cascade-Correlation Learning Architecture.,,"Fahlman, S. and Lebiere, C.","Pittsburgh, PA 15213.",(1990).,,,,,,,"School of Computer Science, Carnegie-Mellon University,",,"CMU-CS-90-100,",,32
238,The cascade-correlation learning architecture.,,S. E. Fahlman and C. Lebiere.,,1990.,,,,,,,"Carnegie Mellon University,",,"Cmu-cs-90-100,",,32
239,The cascade-correlation learning architecture.,,S. E. Fahlman and C. Lebiere.,"Pittsburgh, PA,",1990.,,,,,,,"School of Computer Science, Carnegie-Mellon University,",,"Technical Report CMU-CS-90-100,",,32
240,The cascade-correlation learning architecture.,,S. E. Fahlman and C. Lebiere.,"Pittsburgh, PA,",1990.,,,,,,,"School of Computer Science, Carnegie-Mellon University,",,"Technical Report CMU-CS-90-100,",,32
241,The Cascade-Correlation learning architecture.,,Scott E. Fahlman and Christian Lebiere.,"Pittsburgh, PA,",February,,,,,,,"School of Computer Science, Carnegie Mellon University,",,"Technical Report CMU-CS-90-100,",,32
242,The Cascade-correlation Learning Architecture.,,"Fahlman, S. E. &amp; Lebiere, C.","Pittsburgh, PA.",(1990).,,,,,,,"School of Computer Science, Carnegie-Mellon University,",,"Technical Report CMU-CS-90-100,",,32
243,"Christi an, &quot;The Cascade--Correlation Learning Architecture&quot;,",,"Fahlman, Scott E., and Lebiere,","Pittsburgh, PA,",1991.,,,,,,,"Carnegie Mellon University, Computer Science Department,",,"Technical Report CMU-CS-90-100,",,32
244,"The Cascade-Correlation Learning Architecture,",,"Fahlman, S. E. and Lebiere, C.,",,,,,,,,,,,Technical Report CMU-CS-90-100.,,32
245,"The Cascade-Correlation Learning Architecture,",,"Fahlman, S. E. and Lebiere, C.,",,,,,,,,,,,Technical Report CMU-CS-90-100.,,32
246,"&quot;The cascade-correlation learning algorithm&quot;,",,"S.E. Fahlman, C. Lebiere,",,1990.,,,,,,,"Carnegie Mel-lon University,",,"Technical Report CMU-CS-90-100,",,32
247,"The cascade-correlation learning architecture,","Advances in Neural Information Processing 2,","S.E. Fahlman and C. Lebiere,","San Mateo, CA:",(1990).,,"D.S. Touretzky,Ed.",,,524-532,"Morgan Kauffman,",,,,,33
248,The Cascade-Correlation learning architecture.,"In ,",Scott E. Fahlman and Christian Lebiere.,,1990.,,,,,"pages 524-532,",,,,,,33
249,The cascade-correlation learning architecture.,"Advances in Neural Information Processing Systems (volume 2),","Fahlman, S. &amp; Lebiere, C.","San Mateo, CA.",(1989).,,"In Touretzky, D., editor,",,,"(pp. 524-532),",Morgan Kaufmann.,,,,,33
250,The cascade-correlation learning architecture.,"Advances in Neural Information Processing Systems (volume 2),","Fahlman, S. &amp; Lebiere, C.","San Mateo, CA.",(1989).,,"In Touretzky, D., editor,",,,"(pp. 524-532),",Morgan Kaufmann.,,,,,33
251,The cascade-correlation learning architecture.,"Advances in Neural Information Processing Systems (volume 2),","Fahlman, S. &amp; Lebiere, C.","San Mateo, CA.",(1989).,,"In Touretzky, D., editor,",,,"(pp. 524-532),",Morgan Kaufmann.,,,,,33
252,The cascade-correlation learning architecture.,"Advances in Neural Information Processing Systems (volume 2),","Fahlman, S. &amp; Lebiere, C.","San Mateo, CA.",(1989).,,"In Touretzky, D., editor,",,,"(pp. 524-532),",Morgan Kaufmann.,,,,,33
253,The cascade-correlation learning architecture.,"Advances in Neural Information Processing Systems (volume 2),","Fahlman, S. &amp; Lebiere, C.","San Mateo, CA.",(1989).,,"In Touretzky, D., editor,",,,"(pp. 524-532),",Morgan Kaufmann.,,,,,33
254,The cascade-correlation learning architecture.,"Advances in Neural Information Processing Systems (volume 2),","Fahlman, S. &amp; Lebiere, C.","San Mateo, CA.",(1989).,,"In Touretzky, D., editor,",,,"(pp. 524-532),",Morgan Kaufmann.,,,,,33
255,The cascade-correlation learning architecture.,"Advances in Neural Information Processing Systems (volume 2),","Fahlman, S. &amp; Lebiere, C.","San Mateo, CA.",(1989).,,"In Touretzky, D., editor,",,,"(pp. 524-532),",Morgan Kaufmann.,,,,,33
256,The cascade-correlation learning architecture.,"Advances in Neural Information Processing Systems (volume 2),","Fahlman, S. &amp; Lebiere, C.","San Mateo, CA.",(1989).,,"In Touretzky, D., editor,",,,"(pp. 524-532),",Morgan Kaufmann.,,,,,33
257,The cascade-correlation learning architecture.,"Advances in Neural Information Processing Systems (volume 2),","Fahlman, S. &amp; Lebiere, C.","San Mateo, CA.",(1989).,,"In Touretzky, D., editor,",,,"(pp. 524-532),",Morgan Kaufmann.,,,,,33
258,The cascade-correlation learning architecture.,Advances in Neural Information Processing Systems (volume 2).,"Fahlman, S. &amp; Lebiere, C.","San Ma-teo, CA.",(1989).,,"In Touretzky, D., editor,",,,,"Morgan Kaufmann,",,,,,33
259,The cascade-correlation learning architecture.,Advances in Neural Information Processing Systems (volume 2).,"Fahlman, S. &amp; Lebiere, C.","San Ma-teo, CA.",(1989).,,"In Touretzky, D., editor,",,,,"Morgan Kaufmann,",,,,,33
260,The cascade-correlation learning architecture.,Advances in Neural Information Processing Systems (volume 2).,"Fahlman, S. &amp; Lebiere, C.","Palo Alto, CA.",(1990).,,"In Touretzky, D., editor,",,,,"Morgan Kaufmann,",,,,,33
261,"Lebiere (1990), The Cascade-Correlation Learning Architecture,","in Advances in Neural Information Processing Systems 2,","Fahlman, S. E. &amp; C.","San Mateo,",,,"D.S. Touretzky, ed.,",,,pp. 524-532.,"Morgan Kaufmann,",,,,,33
262,The cascade-correlation learning architecture.,Advances in Neural Information Processing Systems (Vol.,"Fahlman, S. E. &amp; Lebiere, C.","Denver, CO:",(1989).,,,,,2) (pp. 524-532).,Morgan Kaufmann.,,,,,33
263,The cascade-correlation learning architecture.,"Advances in Neural Information Processing Systems (volume 2),","Fahlman, S. E. &amp; Lebiere, C.","San Mateo, CA.",(1989).,,"In Touretzky, D., editor,",,,"(pp. 524-532),",Morgan Kaufmann.,,,,,33
264,"The cascade-correlation learning architecture,","&quot;Advances in Neural Information Processing Systems&quot;,","Fahlman, S. E. &amp; Lebiere, C.",,"(1990),",,"in D. Touret-zky, ed.,",,"Vol. 2,",,Morgan Kaufmann.,,,,,33
265,"The cascade-correlation learning architecture,","`Advances in Neural Information Processing Systems&apos;,","Fahlman, S. E. &amp; Lebiere, C.",,"(1990),",,"in D. Touretsky, ed.,",,"Vol. 2,",,Morgan Kaufmann.,,,,,33
266,"The cascade-correlation learning architecture,","&quot;Advances in Neural Information Processing Systems&quot;,","Fahlman, S. E. &amp; Lebiere, C.",,"(1990),",,"in D. Touretzky, ed.,",,"Vol. 2,",,Morgan Kaufmann.,,,,,33
267,The cascade correlation architecture.,"In Advances in Neural Information Processing Systems,","Fahlman, S. E. &amp; Lebiere, C.",,(1990).,,,,Volume 2,(pp.  524532).,,,,,,33
268,The cascade correlation architecture.,"In Advances in Neural Information Processing Systems,","Fahlman, S. E. &amp; Lebiere, C.",,(1990).,,,,Volume 2,(pp.  524532).,,,,,,33
269,The cascade-correlation learning architecture.,"In Advances in Neural Information Processing Systems,","Fahlman, S. E. &amp; Lebiere, C.","Denver,",1989.,,,,"volume 2,","pages 524-532,",CO. Morgan Kaufmann.,,,,,33
270,The cascade-correlation learning architecture.,"In Advances in Neural Information Processing Systems,","Fahlman, S. E. and Lebiere, C.",,(1990),,"Touretzky, D. S. ed.",,"vol. 2,",pp. 524-532.,Morgan Kaufmann.,,,,,33
271,The Cascade Correlation Learning Architecture.,In Neural Information Processing Systems,"Fahlman, S. E. and Lebiere, C.",,(1990).,,"Touretzky, D. S. (ed).",,2.,pp 524-532.,"Morgan-Kauffman,",,,,,33
272,The Cascade Correlation Learning Architecture.,In Neural Information Processing Systems,"Fahlman, S. E. and Lebiere, C.",,(1990).,,"Touretzky, D. S. (ed).",,2.,pp 524-532.,"Morgan-Kauffman,",,,,,33
273,The cascade-correlation architecture.,Advances in Neural Information Processing Structures,"Fahlman, S. E. and Lebiere, C.",,(1990).,,"In Touretzky, D. S., editor,",,"2,",pages 524 532.,Morgan Kaufmann.,,,,,33
274,The cascade-correlation architecture.,Advances in Neural Information Processing Structures,"Fahlman, S. E. and Lebiere, C.",,(1990).,,"In Touretzky, D. S., editor,",,"2,",pages 524 532.,Morgan Kaufmann.,,,,,33
275,The cascade-correlation learning algorithm.,Advances in Neural Information Processing Systems,"Fahlman, S. E. and Lebiere, C.","San Mateo, CA:",(1990).,,"In Touretzky, D. S., editor,",,"2,",pages 525-532.,Morgan Kaufmann.,,,,,33
276,The cascade-correlation learning architecture.,Advances in Neural Information Processing Systems,"Fahlman, S. E. and Lebiere, C.",,(1990).,,"In Touretzky (Ed.),",,2.,,Morgan Kauffman.,,,,,33
277,The Cascade Correlaion Learning Architecture.,NIPS.,"Fahlman, S. E., &amp; Lebiere, C.",,(1990).,,"Touretzky, D. S. (ed),",,,Pages 524-532,,,,,,33
278,The Cascade-Correlation Architecture.,In Advances in Neural Information Processing Systems,"Fahlman, S. E., &amp; Lebiere, C.","San Mateo, CA:",(1990).,,"Touretzky, D. S. (Ed).",,Vol. 2.,,Morgan Kaufmann.,,,,,33
279,The Cascade-Correlation Architecture.,In Advances in Neural Information Processing Systems,"Fahlman, S. E., &amp; Lebiere, C.","San Mateo, CA:",(1990).,,"Touretzky, D. S. (Ed).",,Vol. 2.,,Morgan Kaufmann.,,,,,33
280,The cascade correlation architecture.,"Advances in 43 Neural Information Processing Systems,","Fahlman, S. E., &amp; Lebiere, C.",,(1990).,,,,"2,",524-532.,,,,,,33
281,The cascade correlation architecture.,"Advances in Neural Information Processing Systems,","Fahlman, S. E., &amp; Lebiere, C.",,(1990).,,,,"2,",524-532.,,,,,,33
282,The cascade-correlation learning architecture.,In Advances in Neural Information Processing Systems,"Fahlman, S. E., &amp; Lebiere, C.","San Mateo, CA:",(1990).,,D. S. Touretzky (Ed.),,Vol. 2).,,Morgan Kaufmann.,,,,,33
283,The cascade-correlation learning architecture.,In Advances in Neural Information Processing Systems,"Fahlman, S. E., &amp; Lebiere, C.","San Mateo, CA:",(1990).,,D. S. Touretzky (Ed.),,Vol. 2).,,Morgan Kaufmann.,,,,,33
284,The cascade-correlation learning architecture.,In Advances in Neural Information Processing Systems,"Fahlman, S. E., &amp; Lebiere, C.",,(1990).,,,,2.,,Morgan Kaufmann.,,,,,33
285,The cascade-correlation learning architecture.,Advances in Neural Information Processing Systems,"Fahlman, S. E., &amp; Lebiere, C.","San Mateo, CA.",(1990).,,"In Touretzky, D. S. (Ed.),",,"2,",pp. 524-532.,"Morgan Kaufmann,",,,,,33
286,The cascade-correlation learning architecture.,Advances in Neural Information Processing Systems,"Fahlman, S. E., &amp; Lebiere, C.","San Mateo, CA.",(1990).,,"In Touretzky, D. S. (Ed.),",,"2,",pp. 524-532.,"Morgan Kaufmann,",,,,,33
287,The cascade-correlation learning architecture.,Advances in Neural Information Processing Systems,"Fahlman, S. E., and Lebiere, C.","San Mateo, CA:",(1990).,,"In Touretzky, D. S., editor,",,"2,",524-532.,Morgan Kaufmann.,,,,,33
288,The cascade-correlation learning architecture.,Advances in Neural Information Processing Systems,"Fahlman, S. E., and Lebiere, C.","San Mateo, CA:",(1990).,,"In Touretzky, D. S., editor,",,"2,",524-532.,Morgan Kaufmann.,,,,,33
289,The cascade-correlation learning architecture.,Advances in Neural Information Processing Systems,"Fahlman, S. E., and Lebiere, C.","San Mateo, CA:",(1990).,,"In Touretzky, D. S., editor,",,"2,",524-532.,Morgan Kaufmann.,,,,,33
290,The cascade-correlation learning architecture.,Advances in Neural Information Processing Systems,"Fahlman, S. E., and Lebiere, C.","San Mateo, CA:",(1990).,,"In Touretzky, D. S., editor,",,"2,",524-532.,Morgan Kaufmann.,,,,,33
291,The cascade-correlation learning architecture.,Advances in Neural Information Processing Systems,"Fahlman, S. E., and Lebiere, C.","San Mateo, CA:",(1990).,,"In Touretzky, D. S., editor,",,"2,",524-532.,Morgan Kaufmann.,,,,,33
292,The cascade-correlation learning architecture.,Advances in Neural Information Processing Systems,"Fahlman, S. E., and Lebiere, C.","San Mateo, CA:",(1990).,,"In Touretzky, D. S., editor,",,"2,",524-532.,Morgan Kaufmann.,,,,,33
293,The cascade-correlation learning architecture.,Advances in Neural Information Processing Systems,"Fahlman, S. E., and Lebiere, C.","San Mateo, CA:",(1990).,,"In Touretzky, D. S., editor,",,"2,",524-532.,Morgan Kaufmann.,,,,,33
294,The Cascade Correlation Learning Architecture.,,"Fahlman, S. and Lebiere C.",,(1991).,,,,,,,,,,,33
295,The Cascade Correlation Learning Architecture.,,"Fahlman, S. and Lebiere C.",,(1991).,,,,,,,,,,,33
296,The Cascade Correlation Learning Architecture.,,"Fahlman, S. and Lebiere C.",,(1991).,,,,,,,,,,,33
297,The Cascade-Correlation learning architecture.,"Advances in Neural Information Processing Systems: Proceedings of the 1989 Conference,","Fahlman, S. and C. Lebiere.",,1990.,,"In Touretzky, D. S., editor,",,,524-532.,"Morgan Kauffmann,",,,,,33
298,The cascade-correlation architecture.,Advances in Neural Information Processing Structures,"Fahlman, S. and Lebiere, C.",,(1990).,,"In Touretzky, D. S., editor,",,"2,",pages 524-532.,Mor-gan Kaufmann.,,,,,33
299,The cascade-correlation architecture.,Advances in Neural Information Processing Structures,"Fahlman, S. and Lebiere, C.",,(1990).,,"In Touretzky, D. S., editor,",,"2,",pages 524-532.,Mor-gan Kaufmann.,,,,,33
300,The cascade-correlation learning architecture.,"In Advances in Neural Information Processing Systems,","Fahlman, S., &amp; Lebiere, C.","524-532 San Mateo, CA.",(1989).,,,,"Vol. 2,",pp.,Morgan Kaufmann.,,,,,33
301,"The cascade-correlation learning architecture. In Touret-zky,","Advances in Neural Information Processing Systems,","Fahlman, S., &amp; Lebiere, C.","San Mateo, CA.",(1989).,,"D. (Ed.),",,"Vol. 2,","pp. 524-532,",Morgan Kaufmann.,,,,,33
302,The cascade-correlation learning architecture.,"Advances in Neural Information Processing Systems,","Fahlman, S., &amp; Lebiere, C.","San Mateo, CA.",(1989).,,"In Touret-zky,  D. (Ed.),",,"Vol. 2,","pp. 524-532,",Morgan Kaufmann.,,,,,33
303,The cascade-correlation learning architecture.,"Advances in Neural Information Processing Systems,","Fahlman, S., &amp; Lebiere, C.","San Mateo, CA.",(1989).,,"In Touret-zky, D. (Ed.),",,"Vol. 2,","pp. 524-532,",Morgan Kaufmann.,,,,,33
304,The cascade-correlation learning architecture.,"Advances in Neural Information Processing Systems,","Fahlman, S., &amp; Lebiere, C.","San Mateo, CA.",(1989).,,"In Touret-zky,  D. (Ed.),",,"Vol. 2,","pp. 524-532,",Morgan Kaufmann.,,,,,33
305,The cascade-correlation learning architecture.,In Advances in Neural Information Processing Systems,"Fahlman, S., and Lebiere, C.","Denver, CO.",(1989).,,,,"2,",524-532.,,,,,,33
306,The cascade-correlation learning architecture.,In Advances in Neural Information Processing Systems,"Fahlman, S., and Lebiere, C.","Denver, CO.",(1989).,,,,"2,",524-532.,,,,,,33
307,The cascade-correlation learning architecture.,In Advances in Neural Information Processing Systems,"Fahlman, S., and Lebiere, C.","Denver,",(1989).,,,,"2,",524-532.,CO.,,,,,33
308,The cascade-correlation architecture.,"In:Advances in Neural Information Processing Systems,","Fahlman, S.E. &amp; Lebiere, C.",,(1990),,ed. D.S. Touretzky.,,,,Morgan Kaufmann.,,,,,33
309,The Cascade-Correlation Learning Architecture.,Advances in Neural Information Processing Systems,"Fahlman, S.E. and Lebiere, C.",,(1990).,,,,"II,",pp. 524-532.,Morgan Kaufmann.,,,,,33
310,"&quot;The Cascade Correlation Learning Architecture,&quot;","NIPS,","Fahlman, S.E. and Lebiere, C.,",,1990.,,,,"Vol. 2,","pp. 524-532,","Morgan Kaufmann,",,,,,33
311,The cascade-correlation learning architecture.,"In Advances in Neural Information Processing Systems 2 (NIPS-2),","Fahlmann, S. E. and Lebiere, C.","Denver, Colorado.",(1989).,,,,,,,,,,,33
312,The cascade-correlation learning architecture.,Advances in Neural Information Processing Systems,S. E. Fahlman &amp; C. Lebiere.,"San Mateo, CA:",(1990),,"In D. S. Touretzky (ed.),",,"volume2,",524-532.,Morgan Kaufmann.,,,,,33
313,The cascade-correlation learning architecture.,Advances in Neural Information Processing Systems,S. E. Fahlman and C. Lebiere.,,(1990),,"In D. S. Touretzky, (ed.),",,"volume2,",pages 524-532.,Morgan Kaufmann.,,,,,33
314,The Cascade Correlation Learning Architecture.,Advances in Neural Information Processing Systems,Fahlman S. and Lebiere C.,,(1990).,,"In D. Touretzky (Ed),",,"volume2,",,Morgan Kaufmann.,,,,,33
315,The cascade-correlation learning architecture.,In Adv. in Neural Info. Processing Systems,S. Fahlman and C. Lebiere.,"Denver, CO,",1989.,,,,volume2,"pages 524-532,",Morgan Kaufmann.,,,,,33
316,The cascade-correlation learning architecture.,In Advances in Neural Information Processing Systems,S.E. Fahlman and C. Lebiere.,"Den-ver, CO,",November,,,,"volume2,","pages 524-532,",,,,,,33
317,The Cascade-Correlation learning architecture.,Advances in Neural Information Processing Systems,S. Fahlman and C. Lebiere.,,1990.,,"In D. Touretzky, editor,",,volume2.,,"Morgan Kaufmann,",,,,,33
318,The Cascade-Correlation learning architecture.,Advances in Neural Information Processing Systems,S. Fahlman and C. Lebiere.,,1990.,,"In D. Touretzky, editor,",,volume2.,,"Morgan Kaufmann,",,,,,33
319,The cascade-correlation learning architecture.,"Advances in Neural Information Processing Systems,",S. Fahlman and C. Lebiere.,,1990.,,"In D. Touretzky, editor,",,"volume 2,",pages 524-532.,"Morgan Kaufmann,",,,,,33
320,The cascade-correlation learn-ing architecture. In D.S.,"Advances in Neural Information Processing Systems,",S.E. Fahlman and C. Lebiere.,"San Mateo, 1990.",,,"Touretzky, editor,",,"volume 2,","pages 524-532,",Morgan Kaufmann.,,,,,33
321,The cascade-correlation learning architecture. In D.S.,"Advances in Neural Information Processing Systems,",S.E. Fahlman and C. Lebiere.,"San Mateo, 1990.",,,"Touretzky, editor,",,"volume 2,","pages 524-532,",Morgan Kaufmann.,,,,,33
322,"The Cascade-Correlation Learning Architecture,","In Advances in Neural Information Processing Systems,","S. E. Fahlman and C. Lebiere,","Denver, CO","(1989),",,,,"volume 2,",524-532.,,,,,,33
323,"The cascade-correlation learning architec ture,",in &quot;Advances in Neural Information Processing Systems,"S. E. Fahlman AND C. Lebiere,","San Mateo, CA,",1990.,,"(D.  S. Touretzky, Ed.),",,2&quot;,"pp. 524-532,","Morgan Kaufmann,",,,,,33
324,"&quot;The Cascade-Correlation Learning Architecture&quot;,",Advances in Neural Information Processing Systems,"S. E. Fahlmann, C. Lebiere:","San Mateo,",1990,,,,"2,",,"Morgan Kaufmann,",,,,,33
325,The cascade-correlation architecture.,Advances in Neural Information Processing Systems,S. E. Fahlman and C. Lebiere.,,1990.,,"In D. S. Touretzky, editor,",,2.,,"Morgan Kaufmann,",,,,,33
326,"&quot;The cascade-correlation learning architecture,&quot;",in Advances in Neural Information Processing Systems,"S. Fahlman and C. Lebiere,",,1990.,,"(D. Touretzky, ed.),",,"vol.  2,","pp. 524-532,","Morgan Kaufmann,",,,,"(San Mateo),",33
327,"&quot;The cascade-correlation learning architecture,&quot;",in Advances in Neural Information Processing Systems,"S. Fahlman and C. Lebiere,",,1990.,,"(D. Touretzky, ed.),",,"vol.2,","pp. 524-532,","Morgan Kaufmann,",,,,"(San Mateo),",33
328,"&quot;The cascade-correlation learning architecture,&quot;",in Advances in Neural Information Processing Systems,"S. Fahlman and C. Lebiere,",,1990.,,"(D. Touretzky, ed.),",,"vol. 2,","pp. 524-532,","Morgan Kaufmann,",,,,"(San Mateo),",33
329,The cascade correlation learning algorithm.,Neural Information Systems,S. Fahlman and C. Lebiere.,,1990.,,"In D. Touretzky, editor,",,"volume2,",pages 524-532.,"Morgan-Kauffman,",,,,,33
330,"&quot;The cascade-correlation architecture,&quot;","in Advances in neural information processing systems,","Fahlman, S.E., Lebiere, C.",,(1990),,"D.S. Touretzky (ed.),",,"2,","524-532,",Morgan Kaufman.,,,,,33
331,"The cascade-correlation learning algorithm,",Advances in Neural Information Processing Systems,"S. E. Fahlman and C. Lebiere,","Los Altos, Ca.:",1990.,,"in D. S. Touretzky, ed.,",,"2,","pp. 524-532,","Morgan Kauffman,",,,,,33
332,The cascade-correlation learning architecture.,Advances in Neural Information Processing Systems,S.E. Fahlman and C. Lebiere.,,1990.,,ed. D.S. Touretsky.,,"2,","524-532,",,,,,,33
333,The Cascade-Correlation learning architecture.,Advances in Neural Information Processing Systems,S. E. Fahlman and C. Lebiere.,,1990.,,"In D. S. Touretzky, editor,",,"2,",pages 524-532.,"Morgan Kaufmann Publishers, Inc.,",,,,,33
334,The cascade-correlation learning architecture.,"Advances in Neural Information Processing Systems,",S. E. Fahlman and C. Lebiere.,"San Mateo, CA,",1990.,,"In D. S. Touretsky, editor,",,,"pages 524-532,",Morgan Kaufmann.,,,,,33
335,The cascade-correlation learning architecture.,"Neural Information Processing Systems,",S. E. Fahlman and C. Lebiere.,,1990.,,"In D. Touretzky, editor,",,volume 2.,,"Morgan Kauffman Inc.,",,,,,33
336,The Cascade-Correlation Learning Architechture.,in Advances in Neural Information Processing,"Fahlmann, Scott, C. Lebiere.","Los Altos, CA.",,,,,2 .,pp. 524-532.,Morgan Kaufmann Publishers:,,,,,33
337,"&quot;The Cascade Correlation Architecture&quot;,",Advances in Neural Information Processing Systems,"S. Fahlman and C. Libiere,","San Mateo, CA)",,,"in D. Touretzky (ed.),",,2,P.524-532.,"(Morgan Kaufman,",,,,,33
338,The cascade-correlation learning architecture.,"Advances in Neural Information Processing Systems,",S.E. Fahlman and C. Lebiere.,"San Mateo,",1990.,,"In D. Touretzky, editor,",,"volume 2,","pages 524-532,",Morgan Kaufmann.,,,,,33
339,The cascade-correlation learning architecture.,"Advances in Neural Information Processing Systems,",S.E. Fahlman and C. Lebiere.,"San Mateo,",1990.,,"In D.S. Touretzky, editor,",,"volume 2,","pages 524-532,",Morgan Kaufmann.,,,,,33
340,The cascade-correlation learning architecture.,"Advances in Neural Information Processing Systems,",S. E. Fahlman and C. Lebiere.,"San Mateo, CA,",1990.,,"In D. S. Touretzky, editor,",,"volume 2,","pages 524-532,",Morgan Kaufmann.,,,,,33
341,The cascade-correlation learning architecture.,"Advances in Neural Information Processing Systems,",S. E. Fahlman and C. Lebiere.,"San Mateo, CA,",1990.,,"In D. S. Touretzky, editor,",,"volume 2,","pages 524-532,",Morgan Kaufmann.,,,,,33
342,The Cascade-Correlation Learning Architecture.,"In Advances in Neural Information Processing Systems II (Denver 1989),","Fahlman, S.E. and Lebiere C.",San Mateo:,"(1990),",,"ed. D.S. Touretzky,",,,524-532.,Morgan Kaufmann.,,,,,33
343,"The cascade-correlation learning architecture,","Advances in Neural Information Processing,","Fahlman, S.E. and Lebiere, C.","San Mateo, CA:",1990.,,"D.S. Touretzky, (Ed.)",,"vol. 2,","pp. 524-532,","Morgan Kauffman,",,,,,33
344,"&quot;The cascade-correlation learning architecture,&quot;","in Ad vances in Neural Information Processing Systems II,","S.E. Fahlman and C. Lebiere,","San Mateo, CA.,",1989.,,"edited by D. Touretzky,",,,"pp. 524-532,","Morgan Kaufmann,",,,,,33
345,The cascade-correlation learning architecture.,"Advances in Neural Information Processing Systems,","Fahlman, S. E. and Lebiere, C.","San Mateo, CA,",1990.,,"In Touretzky, D., editor,",,"volume 2,",pages 524-532.,"Morgan Kaufmann,",,,,,33
346,The Cascade-Correlation Learning Architechture.,in Advances in Neural Information Processing,"Fahlmann, Scott, C. Lebiere.","Los Altos, CA.",,,,,2.,pp. 524-532.,Morgan Kaufmann Publishers:,,,,,33
347,The Cascade-Correlation Learning Architecture.,in Advances in Neural Information Processing,"Fahlmann, Scott, C. Lebiere.","Los Altos, CA.",,,,,2.,pp. 524-532.,Morgan Kaufmann Publishers:,,,,,33
348,"The Cascade-Correlation Learning Architecture,","in NIPS 2,",S. E. Fahlman and C. Lebiere,"Denver, Colorado,","(1990),",,"Editors D. Touretzky, M.",,,pp. 524-532.,"Kaufmann Publishers, Inc.,",,,,,33
349,The Cascade-Correlation learning architec-ture.,"In [13],",Scott E. Fahlman and Christian Lebiere.,,1990.,,,,,"pages 524-532,",,,,,,33
350,The Cascade-Correlation learning architec-ture.,"In [13],",Scott E. Fahlman and Christian Lebiere.,,1990.,,,,,"pages 524-532,",,,,,,33
351,The Cascade-Correlation learning architecture.,"In [9],",Scott E. Fahlman and Christian Lebiere.,,1990.,,,,,"pages 524-532,",,,,,,33
352,The cascade-correlation learning architecture.,Advances in Neural Information Processing Systems,S.E. Fahlman and C. Lebiere.,"San Mateo, CA,",1990.,,"In D. S. Touretzky, editor,",,"2,","pages 524-532,","IEEE, Morgan Kaufmann.",,,,,33
353,The cascade-correlation learning architecture.,Advances in Neural Information Processing Systems,S.E. Fahlman and C. Lebiere.,"San Mateo, CA,",1990.,,"In D. S. Touretzky, editor,",,"2,","pages 524-532,","IEEE, Morgan Kaufmann.",,,,,33
354,"&quot;The cascade correlation learning algorithm,&quot;",in Neural Information Systems,"S. Fahlman and C. Lebiere,",,1990.,,"D. Touretzky, Ed,",,"2,",pp. 524-532.,"Morgan-Kauffman,",,,,,33
355,"&quot;The cascade correlation learning algorithm,&quot;",in Neural Information Systems,"S. Fahlman and C. Lebiere,",,1990.,,"Ed.,  D. Touretzky,",,"2,",pp. 524-532.,"Morgan-Kauffman,",,,,,33
356,"The cascade-correlation learning architecture,","Advances in Neural Information Processing,","Fahlman, S.E. and Lebiere, C.","San Mateo, CA:","1990,",,"D.S. Touretzky, (Ed.)",,"vol. 2,",pp. 524-532.,"Morgan Kauffman,",,,,,33
357,The cascade-correlation learning architecture.,"Advances in Neural Information Processing Systems,",S. E. Fahlman and C. Lebiere.,,1990.,,"In D. Touretzky, editor,",,"volume 2,",pages 524-532.,"Morgan Kaufmann,",,,,,33
358,The cascade-correlation learning architecture.,Advances in Neural Information Processing Systems,S.E. Fahlman and C. Lebiere.,,1990.,,"In D. S. Touretzky, editor,",,2.,,"Morgen Kaufmann,",,,,,33
359,The Cascade-Correlation learning architecture.,"In [16],",Scott E. Fahlman and Christian Lebiere.,,1990.,,,,,"pages 524-532,",,,,,,33
360,The Cascade-Correlation Learning Architecture.,Advance in Neural Information Processing Systems,"Fahlman, S. E., and Lebiere, C.","San Mateo, CA:",1990.,,"(Ed) In Touretzky, D.",,"Vol 2,","524-532,","Morgan Kaufmann Publishers,",,,,,33
361,The cascade-correlation learning architecture.,Advances in Neural Information Processing Systems,"Fahlman, S. and Lebiere, C.",Los Altos CA.,(1990).,,"In D.S. Touretzky (Ed.),",,2,(pp. 524-532.).,"Morgan Kaufmann Publishers,",,,,,33
362,The cascade-correlation architecture.,Advances in Neural Information Processing Structures,S. E. Fahlman and C. Lebiere.,"San Mateo, CA,",1990.,,"In D. S. Touretsky, editor,",,"2,",pages 524532.,"Morgan Kauf mann,",,,,,33
363,The cascade-correlation architecture.,Advances in Neural Information Processing Structures,S. E. Fahlman and C. Lebiere.,"San Mateo, CA,",1990.,,"In D. S. Touretsky, editor,",,"2,",pages 524532.,"Morgan Kauf mann,",,,,,33
364,The cascade-correlation learning architecture.,"Advances in Neural Information Processing Systems,",S. Fahlman and C. Lebiere.,Denver,"1989, 1990.",,"In D. Touretzky, editor,",,"volume 2,","pages 524-532,","Morgan Kaufmann,",,,,,33
365,"The Cascade-Correlation Learning Architecture,",Advances in Neural Information Processing,"S. Fahlmann, C. Lebiere,","Los Altos, CA.",,,,,"2,","pp 524-532,",Morgan Kaufmann Publishers:,,,,,33
366,"The Cascade-Correlation Learning Architecture,",Advances in Neural Information Processing,"S. Fahlmann, C. Lebiere,","Los Altos, CA.",,,,,"2,","pp 524-532,",Morgan Kaufmann Publishers:,,,,,33
367,The Cascade-Correlation learning architecture.,"In [22],",Scott E. Fahlman and Christian Lebiere.,,1990.,,,,,"pages 524-532,",,,,,38 REFERENCES,33
368,The cascade correlation learning algorithm.,Neural Information Systems,S. Fahlman and C. Lebiere.,,1990.,,"In D. Touretzky, editor,",,"2,",pages 524-532.,"Morgan-Kauffman,",,,,,33
369,The cascade correlation learning algorithm.,Neural Information Systems,S. Fahlman and C. Lebiere.,,1990.,,"In D. Touretzky, editor,",,"2,",pages 524-532.,"Morgan-Kauffman,",,,,,33
370,"&quot;The Cascade-Correlation Learning Architecture&quot;,",in Advances in Neural Information Processing Systems,"Fahlman, Scott E.,",,(1990).,,,,"2,",,Morgan Kaufman,,,,,33
371,"&quot;The cascade-correlation learning architecture,&quot;",in Advances in Neural Information Processing Systems,"S. Fahlman,","(San Mateo, CA),",1990.,,"D. Touretzky, ed.",,2,"pp. 524- ed.532,","Morgan Kaufmann Publishers,",,,,,33
372,The cascade-correlation learning architecture.,Advances in Neural Information Processing Systems,S.E. Fahlman and C. Lebiere.,,1990.,,"In D. S. Touretzky, editor,",,2.,,"Morgen Kaufmann,",,,,,33
373,; The Cascaded-Correlation Learning Architecture.,"In: Advances in Neural Information Processing Systems,",S.E. Fahlman and Lebiere C.,,1990.,,,,"2,","524-532,",,,,,,33
374,The Cascade-Correlation Learning Architecture.,In Advances in Neural Information Processing Systems,Scott E. Fahlman and Christian Lebiere.,,1990.,,"Touretzky, Ed.",,"2,",,"Morgan Kauffman,",,,,,33
375,The Cascade-Correlation Learning Architecture.,In Advances in Neural Information Processing Systems,Scott E. Fahlman and Christian Lebiere.,,1990.,,"Touretzky, Ed.",,"2,",,"Morgan Kauffman,",,,,,33
376,The cascade-correlation learning architecture.,"Advances in Neural Information Processing Systems,",S.E. Fahlman and C. Lebiere.,"San Mateo,",1990.,,"In D.S. Touretzky, editor,",,"volume 2,","pages 524-532,",Morgan Kaufmann.,,,,,33
377,The cascade-correlation learning architecture.,"Advances in Neural Information Processing Systems,",S.E. Fahlman and C. Lebiere.,"San Mateo,",1990.,,"In D.S. Touretzky, editor,",,"volume 2,","pages 524-532,",Morgan Kaufmann.,,,,,33
378,The cascade-correlation learning architecture.,"In Advances in Neural Information Processing Systems II,",Scott E. Fahlman and Christian Lebiere.,,1990.,,,,,pages 524-532.,"Morgan Kauf-man,",,,,,33
379,The cascade correlation learning algorithm.,Neural Information Processing Systems,S. E. Fahlman and C. Lebiere.,"San Mateo, CA,",1990.,,"In D.S. Touretzky, editor,",,"2,",pages 524-532.,"Morgan-Kauffman,",,,,,33
380,The cascade-correlation learning architecture.,"Advances in Neural Information Processing Systems,",S. Fahlman and C. Lebiere.,"San Mateo, CA,",1990.,,"In D. Touretzky, editor,",,,"pages 524-532,","IEEE, Morgan Kaufmann,",,,,,33
381,The cascade-correlation learning architecture.,"Advances in Neural Information Processing Systems,",S. Fahlman and C. Lebiere.,"San Mateo, CA,",1990.,,"In D. Touretzky, editor,",,,"pages 524-532,","IEEE, Morgan Kaufmann,",,,,,33
382,"&quot;The cascade-correlation learning architecture&quot;,",Advances in Neural Information Processing Systems,"S.E. Fahlman and C. Lebiere,","San Mateo, CA,",1990.,,,,"Vol.2,","2, pp. 524-532,","Morgan Kaufmann,",,,,,33
383,"&quot;The cascade-correlation learning architecture&quot;,",Advances in Neural Information Processing Systems,"S.E. Fahlman and C. Lebiere,","San Mateo, CA,",1990.,,,,"Vol.2,","2, pp. 524-532,","Morgan Kaufmann,",,,,,33
384,"The cascade-correlation learning architecture,",Advances in Neural Information Processing Systems,"S.E. Fahlman and C. Lebiere,","San Mateo, CA,",1990.,,,,"Vol.2,","2, pp. 524-532,","Morgan Kaufmann,",,,,,33
385,"The cascade-correlation learning architecture,",Advances in Neural Information Processing Systems,"S.E. Fahlman and C. Lebiere,","San Mateo, CA,",1990.,,,,"Vol.2,","2, pp. 524-532,","Morgan Kaufmann,",,,,,33
386,The cascade-correlation learning architecture.,Advances in Neural Information Processing Systems,"Fahlman, S. E. &amp; Lebiere, C.",,(1990).,,"In Touretzky (Ed.),",,2.,,Morgan Kauffman.,,,,,33
387,The cascade-correlation learning architecture.,Advances in Neural Information Processing Systems,"Fahlman, S. E. &amp; Lebiere, C.",,(1990).,,"In Touretzky (Ed.),",,2.,,Morgan Kauffman.,,,,,33
388,"&quot;The Cascade-Correlation Learning Architecture,&quot;","Advances in Neural Information Processing Systems,","Fahlman, S., and Lebiere, C.,",San Francisco:,1990.,,"in Touretzky, D., (ed.),",,"2,","pp. 524-532,","Morgan Kaufmann,",,,,,33
389,The Cascade Correlation Learning Architecture.,In Neural Information Systems,"Fahlman, S. E. and Lebiere, C.",,(1990).,,"Touretzky, D. S. (ed).",,2.,pp 524-532.,"Morgan-Kauffman,",,,,,33
390,The Cascade Correlation Learning Architecture.,In Neural Information Systems,"Fahlman, S. E. and Lebiere, C.",,(1990).,,"Touretzky, D. S. (ed).",,2.,pp 524-532.,"Morgan-Kauffman,",,,,,33
391,The Cascade-Correlation Learning Architecture.,"In Advances in Neural Information Processing Systems II (Denver 1989),","Fahlman, S.E. and Lebiere C.",San Mateo:,"(1990),",,"ed. D.S. Touretzky,",,,524-532.,Morgan Kaufmann.,,,,,33
392,"The Cascade-Correlation Learning Architecture,",in Neural Information Processing Systems,S. E. Fahlman and Lebiere C.,"Denver, Colorado,","(1990),",,"Editors D. Touretzky,",,"2,",pp. 524-532.,"Morgan Kauf-mann Publishers, Inc.,",,,,,33
393,"The Cascade-Correlation Learning Architecture,",in Neural Information Processing Systems,"S. E. Fahlman and C. Lebiere,","Denver, Colorado,","1990,",,"Editors D. Touretzky,",,"2,",pp. 524-532.,"Morgan Kaufmann Publishers, Inc.,",,,,,33
394,"The Cascade-Correlation Learning Architecture,","in Advances in Neural Information Systems II,",S. E. Fahlman and C. Lebiere,,(1991):,,"D. E. Touretzky, ed.",,,pp. 524-532,Morgan Kaufmann.,,,,,33
395,The Cascade-Correlation Learning Architecture.,"Advances in Neural Information Processing Systems (NIPS89),",S. E. Fahlman and C. Lebiere.,"San Mateo CA,",1990.,,,,"vol.2,","pp. 524-532,","Morgan Kaufmann,",,,,,33
396,The recurrent cascade-correlation architecture.,Advances in Neural Information Processing Systems,"Fahlman, S. E.","San Mateo, CA:",(1991).,,"In Lippmann, R. P., Moody, J. E., and Touretzky, D. S., editors,",,"3,",190-205.,Morgan Kaufmann.,,,,,34
397,The recurrent cascade-correlation architecture.,Advances in Neural Information Processing Systems,"Fahlman, S. E.","San Mateo, CA:",(1991).,,"In Lippmann, R. P., Moody, J. E., and Touretzky, D. S., editors,",,"3,",190-205.,Morgan Kaufmann.,,,,,34
398,The recurrent cascade-correlation architecture.,Advances in Neural Information Processing Systems,"Fahlman, S. E.","San Mateo, CA:",(1991).,,"In Lippmann, R. P., Moody, J. E., and Touretzky, D. S., editors,",,"3,",190-205.,Morgan Kaufmann.,,,,,34
399,The recurrent cascade-correlation architecture.,Advances in Neural Information Processing Systems,"Fahlman, S. E.","San Mateo, CA:",(1991).,,"In Lippmann, R. P., Moody, J. E., and Touretzky, D. S., editors,",,"3,",190-205.,Morgan Kaufmann.,,,,,34
400,The recurrent cascade-correlation architecture.,Advances in Neural Information Processing Systems,"Fahlman, S. E.","San Mateo, California:",(1991).,,"In Lippmann, R. P., Moody, J. E., and Touretzky, D. S., editors,",,"3,",pages 190-196.,Morgan Kaufmann Publishers.,,,,,34
401,The recurrent cascade-correlation learning algorithm.,Advances in Neural Information Processing Systems,"Fahlman, S. E.","San Mateo, CA:",(1991).,,"In Lippmann, R. P., Moody, J. E., and Touretzky, D. S., editors,",,"3,",pages 190-196.,Morgan Kaufmann.,,,,,34
402,The recurrent cascade-correlation learning algorithm.,Advances in Neural Information Processing Systems,"Fahlman, S. E.","San Mateo, CA:",(1991).,,"In Lippmann, R. P., Moody, J. E., and Touretzky, D. S., editors,",,"3,",pages 190-196.,Morgan Kaufmann.,,,,,34
403,The recurrent cascade-correlation learning algorithm.,"NIPS 3,","Fahlman, S. E.","San Mateo, CA:",(1991).,,"In Lippmann, R. P., Moody, J. E., and Touretzky, D. S., editors,",,,pages 190-196.,Morgan Kaufmann.,,,,,34
404,The recurrent cascade-correlation architecture.,"InAdvances in Neural Information Processing Systgems,","Fahlmann, S.E.(1990).",,,,,,,pp.380-387.,,,,,,34
405,The recurrent cascade-correlation architecture.,Advances in Neural Information Processing Systems,Scott E. Fahlman.,"San Mateo, California,",1991.,,"In R. P. Lipp-mann, J. E. Moody, and D. S. Touretzky, editors,",,"3,","pages 190-196,",Morgan Kaufmann Publishers.,,,,,34
406,The recurrent cascade-correlation architecture.,Advances in Neural Information Processing Systems,S. Fahlman.,"San Mateo, California,",1991.,,"In R. Lippmann, J. Moody, and D. Touretzky, editors,",,"3,",pages 190-196.,"Morgan Kaufmann Publishers, Inc.,",,,,,34
407,The recurrent cascade-correlation architecture.,Advances in Neural Information Processing Systems,Scott E. Fahlman.,"San Mateo, California,",1991.,,"In R. P. Lippmann, J. E. Moody, and D. S. Touretzky, editors,",,"3,","pages 190-196,",Morgan Kaufmann Publishers.,,,,,34
408,"&quot;The recurrent cascade-correlation architecture,&quot;",in Advances in Neural Information Processing Systems,"S. Fahlman,","(San Mateo, CA),",1991.,,"R.P.Lippmann, J. Moody, and D. Touretzky, eds.),",,3,"pp. 190-196,","Morgan Kaufmann Publishers,",,,,,34
409,The recurrent cascade-correlation architecture.,Advances in Neural Information Processing Systems,Scott E. Fahlman.,"San Mateo, California,",1991.,,"In R. P. Lippmann, J. E. Moody, and D. S. Touretzky, editors,",,"3,","pages 190-196,",Morgan Kaufmann Publishers.,,,,,34
410,The recurrent cascade-correlation architecture.,Advances in Neural Information Processing Systems,Scott E. Fahlman.,"San Mateo, California,",1991.,,"In R. P. Lippmann, J. E. Moody, and D. S. Touretzky, editors,",,"3,","pages 190-196,",Morgan Kaufmann Publishers.,,,,,34
411,The recurrent cascade-correlation architecture.,Advances in Neural Information Processing Systems,S. Fahlman.,"San Mateo, CA,",1991.,,"In R. Lippmann, J. Moody, and D. Touretzky, editors,",,"3,",pages 190 196.,"Morgan Kaufmann,",,,,,34
412,The recurrent cascade-correlation architecture.,Advances in Neural Information Processing Systems,S. Fahlman.,"San Mateo, CA,",1991.,,"In R. Lippmann, J. Moody, and D. Touretzky, editors,",,"3,",pages 190 196.,"Morgan Kaufmann,",,,,,34
413,"&quot;The Recurrent Cascade-Correlation Architecture&quot;,",in Advances in Neural Information Processing Systems,"Fahlman, Scott E.,",,(1991).,,,,"3,",,Morgan Kaufman,,,,,34
414,"&quot;The recurrent cascade-correlation architecture,&quot;",in Advances in Neural Information Pro--cessing Systems,"S. Fahlman,","(San Mateo, CA),",1991.,,"R. Lippmann, J. Moody, and D. Touretzky, eds.",,3,"pp. 190-196,","Morgan Kaufmann Publishers,",,,,,34
415,Design considerations for CMU common lisp.,"Advanced Language Implementation,",Scott E. Fahlman and David B. McDonald.,,1991.,,"In Peter Lee, editor,",,"chapter 6,",pages 137-156.,"The MIT Press,",,,,,35
416,Design considerations for CMU common lisp.,"Advanced Language Implementation,",Scott E. Fahlman and David B. McDonald.,,1991.,,"In Peter Lee, editor,",,"chapter 6,",pages 137-156.,"The MIT Press,",,,,,35
417,The Recurrent Cascade-Correlation Architecture.,,"Fahlman, S.E.",Pittsburgh.,(1991).,,,,,,,"School of Computer Science, Carneige Mellon University,",,"CMU-CS-91-100,",,36
418,"&quot;The Recurrent Cascade-Correlation Architecture,&quot;",,"Scott E. Fahlman,",,May,,,,,,,"Dept. of Computer Science, Carnegie Mellon University,",,"Technical Report CMU-CS-91-100,",,36
419,"&quot;The Recurrent Cascade-Correlation Architecture,&quot;",,"Scott E. Fahlman,",,May,,,,,,,"Dept. of Computer Science, Carnegie Mellon University,",,"Technical Report CMU-CS-91-100,",,36
420,"&quot;The Recurrent Cascade-Correlation Architecture,&quot;",,"Scott E. Fahlman,",,May,,,,,,,"Dept. of Computer Science, Carnegie Mellon University,",,"Technical Report CMU-CS-91-100,",,36
421,Some thoughts on NETL 15 years later.,"Innovative Applications of Massive Parallelism,",Scott E. Fahlman.,,1993.,,"In James Geller, editor,",,,pages 85-89.,"AAAI,",Stanford University.,,,"Working Notes, Spring Symposium Series,",37
422,"CMU Benchmark Collection for Neural Net Learning Algorithms,",,"Fahlman, S. E.",Pittsburgh.,"(1993),",,,,,,,"Carnegie Mellon University, School of Computer Science,",,,,38
423,"The Cascade 2 Learning Architecture,",,"S. E. Fahlman, L. D. Baker and J. A. Boyan,",,1996.,,,,,,,"CMU-CS-TR-96-184, Carnegie Mellon University,",,"Technical Report,",,39
424,"The Cascade 2 Learning Architecture,",,"S. E. Fahlman, L. D. Baker and J. A. Boyan,",,1996.,,,,,,,"CMU-CS-TR-96-184, Carnegie Mellon University,",,"Technical Report,",,39
425,"The Cascade 2 Learning Architecture,",,"S. E. Fahlman, L. D. Baker and J. A. Boyan,",,1996.,,,,,,,"CMU-CS-TR-96-184, Carnegie Mellon University,",,"Technical Report,",,39
426,A Space Based Model for User Interaction in Shared Synthetic Environments.,In Proceedings of InterCHI93 (Amsterdam).,"Fahln, L.E.; C.G.Brown; O.Stahl; C.Carlsson.",,1993.,,,,,43-48.,"ACM, NY:",,,,,22
427,A Space Based Model for User Interaction in Shared Synthetic Environments.,In proceedings of the InterCHI93 conference (Amsterdam).,"Fahln, L.E.; C.G.Brown; O.Stahl; C.Carlsson.",,1993.,,,,,43-48.,"ACM, NY:",,,,,22
428,"Low bit-rate coding through animation,","in Proceedings Picture Coding Symposium (PCS-83), Davis,","R. Forchheimer and O. Fahlander,",,March,,,,,"pp. 113-114,",,,,,,40
429,"&quot;Robust Platoon Manuevers for AVHS,&quot;",,"J.Frankel, L.Alvarez, R.Horowitz, and P.Li.",,,,,,,,,University of California.,,"UCB-PATH TECH NOTE 94-09,",,41
430,A register allocation framework based on hierarchical cyclic interval graphs.,"Proc. of the Intl. Conf. on Compiler Construction, number 641 in Lec. Notes in Comp. Sci.,","L. J. Hendren, G. R. Gao, E. R. Altman, and C. Muk-erji.",,Oct.,,"In U. Kastens and P. Pfahler, editors,",,,pages 176-191.,"Springer-Verlag,",,,,,42
431,A recurrent model for learning a hyperacuity task.,,"Herzog, M.H. &amp; Fahle, M.",,(1995),,,"Perception,","24,",,,,,,,43
432,Learning with limited numerical precision using the cascade-correlation algorithm.,,"Hoehfeld, M. and Fahlman, S. E.","Pittsburgh, PA,",1991.,,,,,,,"School of Computer Science, Carnegie-Mellon University,",,"Preprint,",,44
433,Learning with Limited Numerical Precision Using the Cascade-Correlation Algorithm.,,M. H. Hoehfeld and S. Fahlman.,,July,,,"IEEE Transactions on Neural Networks,","vol. 3, no. 4,",,,,,,,45
434,"The interprocedural coincidence theorem,","in Proceedings of the Fourth International Conference on Compiler Construction,","Knoop, J. and Steffen, B.,","Paderborn FRG,","October 5-7,",,U. Kastens and P. ed.,,"Vol. 641,",pp.  125-140,"Pfahler,Springer-Verlag,",,,,"Lecture Notes in Computer Science,",46
435,"The interprocedural coincidence theorem,","in Proceedings of the Fourth International Conference on Compiler Construction,","Knoop, J. and Steffen, B.,","FRG, Paderborn","October 5-7,",,"U. Kastens and P. Pfahler, ed.",,"Vol. 641,",pp. 125-140,"Springer-Verlag,",,,,"Lecture Notes in Computer Science,",46
436,"The interprocedural coincidence theorem,","in Proceedings of the Fourth International Conference on Compiler Construction,","Knoop, J. and Steffen, B.,","FRG, Paderborn","October 5-7,",,"U. Kastens and P. Pfahler, ed.",,"Vol. 641,",pp.125-140,"Springer-Verlag,",,,,"Lecture Notes in Computer Science,",46
437,"The interprocedural coincidence theorem,","in Proceedings of the Fourth International Conference on Compiler Construction,","Knoop, J. and Steffen, B.,","FRG, Paderborn","October 5-7,",,"U. Kastens and P. Pfahler, ed.",,"Vol. 641,",pp. 125-140,"Springer-Verlag,",,,,"Lecture Notes in Computer Science,",46
438,"The interprocedural coincidence theorem,","in Proc. of the Fourth Int. Conf. on Comp. Construct.,","Knoop, J. and Steffen, B.,","FRG, Paderborn",Oct.,,U. Kastens and P. ed.,,"Vol. 641,",pp.125-140,"Pfahler,Springer-Verlag,",,,,"Lec. Notes in Comp. Sci.,",46
439,"The interprocedural coincidence theorem,","in Proc. of the Fourth Int. Conf. on Comp. Construct.,","Knoop, J. and Steffen, B.,","FRG, Paderborn",Oct.,,U. Kastens and P. ed.,,"Vol. 641,",pp. 125-140,"Pfahler,Springer-Verlag,",,,,"Lec. Notes in Comp. Sci.,",46
440,"The interprocedural coincidence theorem,","in Proceedings of the Fourth International Conference on Compiler Construction,","Knoop, J. and Steffen, B.,","FRG, paderborn","October 5-7,",,U. Kastens and P. ed.,,"Vol. 641,",pp. 125-140,"Pfahler,Springer-Verlag,",,,,"Lecture Notes in Computer Science,",46
441,"The interprocedural coincidence theorem,","in Proceedings of the Fourth International Conference on Compiler Construction,","Knoop, J. and Steffen, B.,","FRG, Paderborn,","October 5-7,",,U. Kastens and P. ed.,,"Vol. 641,",pp. 125-140,"Pfahler,Springer-Verlag,",,,,"Lecture Notes in Computer Science,",46
442,"The interprocedural coincidence theorem,","in Proceedings of the Fourth International Conference on Compiler Construction,","Knoop, J. and Steffen, B.,","FRG, paderborn","October 5-7,",,U. Kastens and P. ed.,,"Vol. 641,",pp.125-140,"Pfahler,",,,,"Lecture Notes in Computer Science,",46
443,"The interprocedural coincidence theorem,","in Proceedings of the Fourth International Conference on Compiler Construction,","Knoop, J. and Steffen, B.,","FRG, Paderborn,","October 5-7,",,U. Kastens and P. ed.,,"Vol. 641,",pp.125-140,"Pfahler,Springer-Verlag,",,,,"Lecture Notes in Computer Science,",46
444,"The interprocedural coincidence theorem,","in Proc. of the Fourth Int. Conf. on Comp. Construct.,","Knoop, J. and Steffen, B.,","FRG, Paderborn,",Oct.,,U. Kastens and P. ed.,,"Vol. 641,",pp. 125-140,"Pfahler,Springer-Verlag,",,,,"Lec. Notes in Comp. Sci.,",46
445,"The interprocedural coincidence theorem,","in Proceedings of the Fourth International Conference on Compiler Construction,","Knoop, J. and Steffen, B.,","FRG, Paderborn","October 5-7,",,U. Kastens and P. ed,,"Vol. 641,",pp.125-140,"Pfahler,Springer-Verlag,",,,,"Lecture Notes in Computer Science,",46
446,"The interprocedural coincidence theorem,","in Proceedings of the Fourth International Conference on Compiler Construction,","Knoop, J. and Steffen, B.,","FRG, Paderborn,","October 5-7,",,U. Kastens and P. ed.,,"Vol. 641,",pp. 125-140,"Pfahler,Springer-Verlag,",,,,"Lecture Notes in Computer Science,",46
447,The interprocedural coincidence theorem.,"Proceedings of the Fourth International Conference on Compiler Construction, Lecture Notes in Computer Science",J. Knoop and B. Steffen.,,1992.,,"In U. Kastens and P. Pfahler, editors,",,"Vol. 641,",pages 125-140.,"Springer Verlag,",,,,,46
448,The interprocedural coincidence theorem.,"Proceedings of the Fourth International Conference on Compiler Construction, Lecture Notes in Computer Science",J. Knoop and B. Steffen.,,1992.,,"In U. Kastens and P. Pfahler, editors,",,"Vol. 641,",pages 125-140.,"Springer Verlag,",,,,,46
449,The interprocedural coincidence theorem.,"In Proceedings of the Fourth International Conference on Compiler Construction,",J. Knoop and B. Steffen.,"Paderborn, FRG,",October,,"U. Kastens and P. Pfahler (eds.),",,"Vol. 641,","pages 125-140,","Springer-Verlag,",,,,"Appeared as Lecture Notes in Computer Science,",46
450,Improving the performance of parallel lisp by compile time analysis.,"Compiler Construction, volume 641 of Lecture Notes in Computer Science,",Jurgen Knopp.,,1992.,,"In U. Kastnes and P. Pfahler, editors,",,,pages 271-277.,"Springer-Verlag,",,,,,47
451,&quot;Query Processing of Geometric Objects with Free Form Boundaries in Spatial Databases&quot;.,"Proc. 4th Int. Conf. DEXA 1993,","Kriegel, H.P., Heep S., Fahldiek A., Mysliwitz N.",,,,,,,pp. 349-360.,,,,,,48
452,&quot;Query Processing of Geometric Objects with Free Form Boundaries in Spatial Databases&quot;.,"Proc. 4th Int. Conf. DEXA 1993,","Kriegel, H.P., Heep S., Fahldiek A., Mysliwitz N.",,,,,,,pp. 349-360.,,,,,,48
453,a code generator for lazy functional languages.,"Proceedings of the Conference on Compiler Construction,",Koen Langendoen and Pieter Hartel. FCG:,"Paderborn, Germany,",Oct 92.,,"In P. Pfahler U. Kastens, editor,",,,"pages 278-296,",Springer-Verlag.,,,,,49
454,"a code generator for lazy functional languages, in Compiler construction (CC),","Proceedings of the International Workshop on Compiler Construction,","K.G. Langendoen and P.H. Hartel, FCG:","Paderborn, Germany,",October,,"Springer Verlag LNCS 641, U. Kastens and P. Pfahler (eds),",,,"pp 278-296,",,,,,,49
455,Internal design of cmu common lisp on the IBM RT PC.,,"David B. McDonald, Scott E. Fahlman, and Skef Wholey.",,April,,,,,,,"Carnegie Mellon University,",,"Technical Report CMU-CS-87-157,",,50
456,Language design and implementation by selection.,"In First ACM SIGPLAN Workshop on Domain-Specific Languages,",P. Pfahler and U. Kastens.,"Paris, France,",January,,,,,,,,,,,51
457,Language design and implementation by selection.,"In First ACM SIGPLAN Workshop on Domain-Specific Languages,",P. Pfahler and U. Kastens.,"Paris, France,",January,,,,,,,,,,,51
458,Fast perceptual learning in visual hyperacuity.,,"Poggio, T., Fahle, M., and Edelman, S.",,(1992).,,,"Science,",256,1018-1021.,,,,,,52
459,Fast perceptual learning in visual hyperacuity.,,"Poggio, T., Fahle, M., and Edelman, S.",,(1992).,,,"Science,",256,1018-1021.,,,,,,52
460,Fast perceptual learning in visual hyperacuity.,,"Poggio, T., Fahle, M., and Edelman, S.",,(1992).,,,"Science,",256,1018-1021.,,,,,,52
461,Fast perceptual learning in visual hyperacuity.,,"Poggio, T., Fahle, M., and Edelman, S.",,(1992).,,,"Science,",256,1018-1021.,,,,,,52
462,Fast perceptual learning in visual hyperacuity.,,"Poggio, T., Fahle, M., and Edelman, S.",,(1992).,,,"Science,",256,1018-1021.,,,,,,52
463,Fast perceptual learning in visual hyperacuity.,,"Poggio, T., Fahle, M., and Edelman, S.",,(1992b).,,,"Science,",256,1018-1021.,,,,,,52
464,Fast perceptual learning in visual hyperacuity.,,"Poggio, T., Fahle, M., &amp; Edelman, S.",,(1992),,,"Science,","256,",1018-1021.,,,,,,52
465,Fast Per ceptual Learning in Visual Hyperacuity.,,"T. Poggio, M. Fahle, and S. Edelman.",,May,,,"Science,",256,"1018-1021,",,,,,,52
466,Fast perceptual learning in visual hyperacuity.,,"Poggio T, Fahle M, and Edelman S.",,1992.,,,"Science,",256,"1018-1021,",,,,,,52
467,Learning of visual modules from examples: a framework for understanding adaptive visual performance.,"Computer Vision, Graphics, and Image Processing: Image Understanding,","Poggio, T., Edelman, S., and Fahle, M.",,(1992a).,,,,56,22-30.,,,,,,53
468,"Learning of visual modules from examples: A framework for understanding adaptive visual performance. CVGIP: Image Understanding, Special Issue on Purposive, Qualitative, Active Vision,",,"T. Poggio, S. Edelman, and M. Fahle.",,1992.,,"Y. Aloimonos (Ed.),",,56,"22-30,",,,,,,53
469,"Fahl en, Building sound into a virtual environment,","in Proceedings of the 5th MultiG Workshop,",S. T. Pope and L. E.,"(Stockholm, Sweden),",Dec.,,,,,,,,,,,54
470,"Review of Fahlman, Scott NETL: A system for representing and using real-world knowledge.",,S. C. Shapiro.,,1980.,,,"American Journal of Computational Linguistics,",6(3),"183-186,",,,,,,55
471,Common Lisp: The Language.,,"Guy L. Steele Jr., Scott E. Fahlman, Richard P. Gabriel, David A. Moon, and Daniel L. Weinreb.","Burlington, Massachusetts,",1984.,,,,,,"Digital Press,",,,,,56
472,Common Lisp: The Language.,,"Guy L. Steele Jr., Scott E. Fahlman, Richard P. Gabriel, David A. Moon, and Daniel L. Weinreb.","Burlington, Massachusetts,",1984.,,,,,,"Digital Press,",,,,,56
473,Common Lisp: The Language.,,"Guy L. Steele Jr., Scott E. Fahlman, Richard P. Gabriel, David A. Moon, and Daniel L. Weinreb.","Burlington, Massachusetts,",1984.,,,,,,"Digital Press,",,,,,56
474,Common Lisp: The Language (Second Edition).,,"Steele, Guy L., Jr., Fahlman, Scott E., Gabriel, Richard P., Moon, David A., Weinreb, Daniel L., Bobrow, Daniel G., DeMichiel, Linda G., Keene, Sonya E., Kiczales, Gregor, Perdue, Crispin, Pitman, Kent M., Waters, Richard C., and White, Jon L.","Massachusetts,",1990).,,,,,,"Digital Press (Bedford,",,,,,57
475,,,"Common Lisp: The Language (Second Edition). By Guy L. Steele Jr., Scott E. Fahlman, Richard P. Gabriel, David A. Moon, Daniel L. Weinreb, Daniel G. Bobrow, Linda G. DeMichiel, Sonya E. Keene, Gregor Kiczales, Crispin Perdue, Kent M. Pitman, Richard C. Waters, and Jon L White.","Bedford, Massachusetts,",1990.,,,,,,"Digital Press,",,,,"ISBN 1-55558-041-6. Steele and Gabriel, Evolution of Lisp 72",57
476,,,"Common Lisp: The Language (Second Edition). By Guy L. Steele Jr., Scott E. Fahlman, Richard P. Gabriel, David A. Moon, Daniel L. Weinreb, Daniel G. Bobrow, Linda G. DeMichiel, Sonya E. Keene, Gregor Kiczales, Crispin Perdue, Kent M. Pitman, Richard C. Waters, and Jon L White.","Bedford, Massachusetts,",1990.,,,,,,"Digital Press,",,,,"ISBN 1-55558-041-6. Steele and Gabriel, Evolution of Lisp 72",57
477,,,"Common Lisp: The Language (Second Edition). By Guy L. Steele Jr., Scott E. Fahlman, Richard P. Gabriel, David A. Moon, Daniel L. Weinreb, Daniel G. Bobrow, Linda G. DeMichiel, Sonya E. Keene, Gregor Kiczales, Crispin Perdue, Kent M. Pitman, Richard C. Waters, and Jon L White.","Bedford, Massachusetts,",1990.,,,,,,"Digital Press,",,,,"ISBN 1-55558-041-6. Steele and Gabriel, Evolution of Lisp 72",57
478,,,"Common Lisp: The Language (Second Edition). By Guy L. Steele Jr., Scott E. Fahlman, Richard P. Gabriel, David A. Moon, Daniel L. Weinreb, Daniel G. Bobrow, Linda G. DeMichiel, Sonya E. Keene, Gregor Kiczales, Crispin Perdue, Kent M. Pitman, Richard C. Waters, and Jon L White.","Bedford, Massachusetts,",1990.,,,,,,"Digital Press,",,,,"ISBN 1-55558-041-6. Steele and Gabriel, Evolution of Lisp 72",57
479,On interprocedural data flow analysis for object oriented languages.,"Proceedings of the Fourth International Conference on Compiler Construction,","S udholt, M. and Steigner, C.","Berlin, Germany,",1992.,,"In Kastens,  U. and Pfahler, P., Eds.,",,,pp. 156-162.,"Springer-Verlag,",,,,"volume 641 of Lecture Notes in Computer Science, (Paderborn,  Germany, Oct.).",58
480,The monk&apos;s problems a performance comparison of different learning algorihms.,,"S.B. Thrun, J. Bala, E. Bloedorn, I. Bratko, B. Cestnik, J. Cheng, K. De Jong, S Dzroski, S.E. Fahlman, D. Fisher, R. Hamann, K. Kaufman, S. Keller, I. Kononenko, J. Kreuziger, R.S. Michal-ski, T. Mitchell, P. Pachowicz, Y. Reich H. Vafaie, W. Van de Welde, W. Wenzel, J. Wnek, and J. Zhang.",,December,,,,,,,"Carnegie Mellon University,",,"Technical Report CMU-CS-91-197,",,59
481,The monk&apos;s problems: A performance comparison of different learning algorithms.,,"S.B. Thrun, J. Bala, E. Bloedorn, I. Bratko, B. Cestnik, J. Cheng, K. De Jong, S. Dzeroski andS.E. Fahlman, D. Fisher, R. Hamann, K. Kaufman, S. Keller, I. Kononenko, J. Kreuziger, R.S. Michalski, T. Mitchell, P. Pachowicz, Y. Reich, H. Vafaie, W. Van de Weldel, W. Wenzel, J. Wnek, and J. Zhang.",,1991.,,,,,,,"Carnegie Mellon University,",,"Technical Report CMU-CS-91-197,",,59
482,"The MONKS Problems: A Performance Comparison of Different Learning Algorithms,",,"Thrun, S.B., Bala, J., Bloedorn, E., Bratko, I., Cestnik, B., Cheng, J., De Jong, K., Dzerowski, S., Fahlman, S.E., Hamann, R., Kaufman, K., Keller, S., Kononenko, I., Kreuziger, J., Michalski, R.S., Mitchell, T., Pachowicz, P., Vafaie, H., Van de Velde, W., Wenzel, W., Wnek, J., and Zhang, J.,","Pittsburgh, PA,",1991.,,,,,,,"Carnegie Mellon University,",,"(revised version),",,59
483,"The MONKS Problems: A Performance Comparison of Different Learning Algorithms,",,"Thrun, S.B., Bala, J., Bloedorn, E., Bratko, I., Cestnik, B., Cheng, J., De Jong, K., Dzerowski, S., Fahlman, S.E., Hamann, R., Kaufman, K., Keller, S., Kononenko, I., Kreuziger, J., Michalski, R.S., Mitchell, T., Pachowicz, P., Vafaie, H., Van de Velde, W., Wenzel, W., Wnek, J., and Zhang, J.,","Pittsburgh, PA,",1991.,,,,,,,"Carnegie Mellon University,",,"(revised version),",,59
484,The MONK&apos;s problems A performance comparison of different learning algorithms.,,"Fahlman, D. Fisher, R. Hamann, K. Kaufman, S. Keller, I. Kononenko, J. Kreuziger, R.S. Michal-ski, T. Mitchell, P. Pachowicz, Y. Reich, H. Vafaie, W. Van de Welde, W. Wenzel, J. Wnek, and J. Zhang.",,1991.,,,,,,,"Carnegie Mellon University,",,"Technical Report CS-CMU-91-197,",,59
485,The MONK&apos;s problems A performance comparison of different learning algorithms.,,"Fahlman, D. Fisher, R. Hamann, K. Kaufman, S. Keller, I. Kononenko, J. Kreuziger, R.S. Michal-ski, T. Mitchell, P. Pachowicz, Y. Reich, H. Vafaie, W. Van de Welde, W. Wenzel, J. Wnek, and J. Zhang.",,1991.,,,,,,,"Carnegie Mellon University,",,"Technical Report CS-CMU-91-197,",,59
486,The MONK&apos;s Problem: A Performance Comparison of Different Learning Algorithms.,,"Thrun, S., Bala, J., Bloedorn, E., Bratko, I., Cestnik, B., Cheng, J., De Jong, K., Dzeroski, S., Fahlman, S., Fisher, D., Hamann, R., Kaufman, K., Keller, S., Kononenko, I., Kreuziger, J., Michalski, R., Mitchell, T., Pachowicz, P., Reich, Y., Vafaie, H., Van de Welde, W., Wenzel, W., Wnek, J., &amp; Zhang, J.",,(1991).,,,,,,,"Pittsburgh, PA: Carnegie Mellon.",,"(Technical Report CMU-CS-91-197),",,59
487,The monk&apos;s problems: A performance comparison of different learning algorithms.,,"Thrun, S.; Bala, J.; Bloedorn, E.; Bratko, I.; Cestnik, B.; Cheng, J.; De Jong, K.; Dzeroski, S.; Fahlman, S.; Fisher, D.; Hamann, R.; Kaufman, K.; Keller, S.; Kononenko, I.; Kreuziger, J.; Michalski, R.; Mitchell, T.; Pachowicz, P.; Reich, Y.; Vafaie, H.; de Weldel, W. V.; Wenzel, W.; Wnek, J.; and Zhang, J.",,1991.,,,,,,,Carnegie Mellon University.,,"Technical Report CMU-CS-91-197,",,59
488,"&quot;The MONK&apos;s problems: A Performance Comparison of Different Learning Algorithms,&quot;","Computer Science Reports,","Thrun, S.B., Bala, J., Bloedorn, E., Bratko, I., Cestnik, B., Cheng, J., De Jong, K.A., Dzeroski, S., Fahlman, S.E., Hamann, R., Kaufman, K., Keller, S., Kononenko, I., Kreuziger, J., Michalski, R.S., Mitchell, T., Pachowicz, P., Vafaie, H., Van de Velde, W., Wenzel, W., Wnek, J. and Zhang, J.,","Pittsburgh, PA,",December l991.,,,,,,,"CMU-CS-91-197, Carnegie Mellon University,",,,,59
489,"&quot;The MONK&apos;s Problems: A Performance Comparison of Different Learning Algorithms,&quot;",,"Thrun, S.B., Bala, J., Bloedorn, E., Bratko, I., Cestnink, B., Cheng, J., DeJong, K.A., Dzeroski, S., Fahlman, S.E., Hamann, R., Kaufman, K., Keller, S., Kononenko, I., Kreuziger, J., Michalski, R.S., Mitchell, T., Pachowicz, P., Vafaie, H., Van de Velde, W., Wenzel, W., Wnek, J. and Zhang, J.,",,December,,,,,,,"Carnegie Mellon University,",,"Technical Report,",,59
490,The monk&apos;s problems a performance comparison of different learning algorithms.,,"S. B. Thrun, J. Bala, E. Bloendorn, I. Bratko, B. Cestnik, J. Cheng, K. De Jong, S. D^zeroski, S. E. Fahlman, D. Fisher, R. Hamann, K. Kauf-man, S. Keller, I. Kononenko, J. Kreuziger, R. S. Michalski, T. Mitchell, P. Pachovicz, Y. Re-ich, H. Vafaie, W. Van de Welde, W. Wentzel, J. Wnek, and J. Zhang.",,1991.,,,,,,,"School of Computer Science, Carnegie-Mellon University., USA,",,"Technical Report CMU-CS-91-197,",,59
491,The monk&apos;s problems a performance comparison of different learning algorithms.,,"S. B. Thrun, J. Bala, E. Bloendorn, I. Bratko, B. Cestnik, J. Cheng, K. De Jong, S. D^zeroski, S. E. Fahlman, D. Fisher, R. Hamann, K. Kauf-man, S. Keller, I. Kononenko, J. Kreuziger, R. S. Michalski, T. Mitchell, P. Pachovicz, Y. Re-ich, H. Vafaie, W. Van de Welde, W. Wentzel, J. Wnek, and J. Zhang.","Pittsburgh, PA - USA,",1991.,,,,,,,"School of Computer Science, Carnegie-Mellon University.,",,"Technical Report CMU-CS-91-197,",,59
492,The monk&apos;s problems a performance comparison of different learning algorihms.,,"S.B. Thrun, J. Bala, E. Bloedorn, I. Bratko, B. Cestnik, J. Cheng, K. De Jong, S Dzroski, S.E. Fahlman, D. Fisher, R. Hamann, K. Kaufman, S. Keller, I. Kononenko, J. Kreuziger, R.S. Michalski, T. Mitchell, P. Pachowicz, Y. Re-ich H. Vafaie, W. Van de Welde, W. Wenzel, J. Wnek, and J. Zhang.",,December,,,,,,,"Carnegie Mellon University,",,"Technical Report CMU-CS-91-197,",,59
493,The MONK&apos;s problems a performance comparison of different learning algorithms.,,"S.B. Thrun, J. Bala, E. Bloedorn, I. Bratko, B. Cestnik, J. Cheng, K. De Jong, S. Dzeroski, S.E. Fahlman, D. Fisher, R. Hamann, K. Kaufman, S. Keller, I. Kononenko, J. Kreuziger, R.S. Michalski, T. Mitchell, P. Pachowicz, Y. Reich, H. Vafaie, W. Van de Welde, W. Wenzel, J. Wnek, and J. Zhang,",,1991.,,,,,,,"CMU-CD-91-197, Carnegie Mellon University,",,Tech. Report:,,59
494,The monk&apos;s problems: A performance comparison of different learning algorithms.,,"S.B. Thrun, J. Bala, E. Bloedorn, I. Bratko, B. Cestnik, J. Cheng, K. De Jong, S. Dzeroski, S.E. Fahlman, D. Fisher, R. Hamann, K. Kaufman, S. Keller, I. Kononenko, J. Kreuziger, R.S. Michalski, T. Mitchell, P. Pachowicz, Y. Reich, H. Vafaie, W. Van de Weldel, W. Wenzel, J. Wnek, and J. Zhang.",,1991.,,,,,,,"Carnegie Mellon University,",,"Technical Report CMU-CS-91-197,",,59
495,The MONK&apos;s problems a performance comparison of different learning algorithms.,,"Sebastian B. Thrun, Jerzy Bala, Eric Bloedorn, Ivan Bratko, Bojan Cestnik, John Cheng, Kenneth De Jong, Saso Dzeroski, Douglas Fisher, Scott E. Fahlman, Rainer Hamann, Kenneth Kaufman, Stefan Keller, Igor Kononenko, Juergen Kreuziger, Ryszard S. Michalski, Tom Mitchell, Peter Pachowicz, Yoram Reich, Haleh Vafaie, Walter Van de Welde, Walter Wenzel, Janusz Wnek, and Jianping Zhang.","Pittsburgh, PA,",December,,,,,,,"Carnegie Mellon University,",,"Technical Report CMU-CS-91-197,",,59
496,The MONK&apos;s problems a performance comparison of different learning algorithms.,,"Sebastian B. Thrun, Jerzy Bala, Eric Bloedorn, Ivan Bratko, Bojan Cestnik, John Cheng, Kenneth De Jong, Saso Dzeroski, Douglas Fisher, Scott E. Fahlman, Rainer Hamann, Kenneth Kaufman, Stefan Keller, Igor Kononenko, Juergen Kreuziger, Ryszard S. Michalski, Tom Mitchell, Peter Pachowicz, Yoram Reich, Haleh Vafaie, Walter Van de Welde, Walter Wenzel, Janusz Wnek, and Jianping Zhang.","Pittsburgh, PA,",December,,,,,,,"Carnegie Mellon University,",,"Technical Report CMU-CS-91-197,",,59
497,The MONK&apos;s problems a performance comparison of different learning algorithms.,,"Sebastian B. Thrun, Jerzy Bala, Eric Bloedorn, Ivan Bratko, Bojan Cestnik, John Cheng, Kenneth De Jong, Saso Dzeroski, Douglas Fisher, Scott E. Fahlman, Rainer Hamann, Kenneth Kaufman, Stefan Keller, Igor Kononenko, Juergen Kreuziger, Ryszard S. Michalski, Tom Mitchell, Peter Pachowicz, Yoram Reich, Haleh Vafaie, Walter Van de Welde, Walter Wenzel, Janusz Wnek, and Jianping Zhang.","Pittsburgh, PA,",December,,,,,,,"Carnegie Mellon University,",,"Technical Report CMU-CS-91-197,",,59
498,The MONK&apos;s problems a performance comparison of different learning algorithms.,,"S.B. Thrun, J. Bala, E. Bloedorn, I. Bratko, B. Cestnik, J. Cheng, K. De Jong, S. Dzeroski, S.E. Fahlman, D. Fisher, R. Hamann, K. Kaufman, S. Keller, I. Kononenko, J. Kreuziger, R.S. Michalski, T. Mitchell, P. Pachowicz, Y. Reich, H. Vafaie, W. Van de Welde, W. Wenzel, J. Wnek, and J. Zhang,","Pittsburgh, PA,",1991.,,,,,,,"Department of Computer Science, Carnegie Mellon University,",,"Technical Report CMU-CD-91-197,",,59
499,The MONK&apos;s problems a performance comparison of different learning algorithms.,,"Thrun, S., Bala, J., Bloedorn, E., Bratko, I., Cestnik, B., Cheng, J., De Jong, K., Dzeroski, S., Fisher, D., Fahlman, S., Hamann, R., Kaufman, K., Keller, S., Kononenko, I., Kreuziger, J., Michalski, R., Mitchell, T., Pachowicz, P., Reich, Y., Vafaie, H., Van de Welde, W., Wenzel, W., Wnek, J. and Zhang, J.",,(1991).,,,,,,,"School of Computer Science, Carnegie-Mellon University.",,"CMU-CS-91-197,",,59
500,The MONK&apos;s problems a performance comparison of different learning algorithms.,,"S. Thrun, J. Bala, E. Bloedorn, I. Bratko, B. Cestnik, J. Cheng, K. De Jong, S. Dzeroski, D. Fisher, S. E. Fahlman, R. Hamann, K. Kaufman, S. Keller, I. Kononenko, J. Kreuziger, R. S. Michalski, T.M. Mitchell, P. Pachowicz, Y. Reich, H. Vafaie, W. Van de Welde, W. Wenzel, J. Wnek, and J. Zhang.","Pittsburgh, PA,",December,,,,,,,"Carnegie Mellon University,",,"Technical Report CMU-CS-91-197,",,59
501,The MONK&apos;s problems a performance comparison of different learning algorithms.,,"S. Thrun, J. Bala, E. Bloedorn, I. Bratko, B. Cestnik, J. Cheng, K. De Jong, S. Dzeroski, D. Fisher, S. E. Fahlman, R. Hamann, K. Kaufman, S. Keller, I. Kononenko, J. Kreuziger, R. S. Michalski, T.M. Mitchell, P. Pachowicz, Y. Reich, H. Vafaie, W. Van de Welde, W. Wenzel, J. Wnek, and J. Zhang.","Pittsburgh, PA,",December,,,,,,,"Carnegie Mellon University,",,"Technical Report CMU-CS-91-197,",,59
502,The MONK&apos;s problems a performance comparison of different learning algorithms.,,"S. Thrun, J. Bala, E. Bloedorn, I. Bratko, B. Cestnik, J. Cheng, K. De Jong, S. Dzeroski, D. Fisher, S. E. Fahlman, R. Hamann, K. Kaufman, S. Keller, I. Kononenko, J. Kreuziger, R. S. Michalski, T.M. Mitchell, P. Pachowicz, Y. Reich, H. Vafaie, W. Van de Welde, W. Wenzel, J. Wnek, and J. Zhang.","Pittsburgh, PA,",December,,,,,,,"Carnegie Mellon University,",,"Technical Report CMU-CS-91-197,",,59
503,"The MONKs Problems: A Performance Comparison of Different Learning Algorithms,",,"Thrun. S.B., Bala, J., Bloedorn, E., Bratko, I., Cestnik, B., Cheng, J., De Jong, K.A., Dzeroski, S., Fahlman, S.E., Hamann, R., Kaufman, K., Keller, S., Kononenko, I., Kreuziger, J., Michalski, R.S., Mitchell, T., Pachowicz, P., Vafaie, H., Van de Velde, W., Wenzel, W., Wnek, J., and Zhang, J.,","Pittsburgh, PA,",1991.,,,,,,,"Carnegie Mellon University,",,"(revised version),",,59
504,The monk&apos;s problems a performance comparison of different learning algorithms.,,"S. Thrun, J. Bala, E. Bloedorn, I. Bratko, B. Cestnik, J. Cheng, K. De Jong, S. Dzeroski, S.E. Fahlman, D. Fisher, R. Hamann, K. Kaufman, S. Keller, I. Kononenko, J. Kreuziger, R.S. Michalski, T. Mitchell, P. Pachowicz, Y. Reich, H. Vafaie, W. Van de Welde, W. Wenzel, J. Wnek, and J. Zhang.",,1991.,,,,,,,"School of Computer Science, Carnegie Mellon University,",,"Technical Report CMU-CS-91-197,","Available via anonymous ftp from archive.cis.ohio-state.edu, file /pub/neuroprose/thrun.comparison.ps.Z.",59
505,The monk&apos;s problem: a performance comparison of different learning algorithms.,,"S.B. Thrun, J. Bala, E. Bloedorn, B. Cheng I. Bratko, S. Dzeroski k. De-Jong, S. Fahlman, D. Fisher, R. Hamann, K. Kaufman, S. Keller, I. Kononenko, J. Kreuziger, R. Michalski, T. Mitchell, P. Pachowicz, Y. Reich, H. Vafaie, K. Van de Welde, W. Wenzel, J. Wnek, and J. Zhang.",,December,,,,,,,"Carnegie Mellon University CMU-CS-91-197,",,"Technical report,",,59
506,The MONK&apos;s problems a performance comparison of different learning algorithms.,,"Thrun, S., Bala, J., Bloedorn, E., Bratko, I., Cestnik, B., Cheng, J., De Jong, K., Dzeroski, S., Fisher, D., Fahlman, S., Hamann, R., Kaufman, K., 8 Keller, S., Kononenko, I., Kreuziger, J., Michalski, R., Mitchell, T., Pa--chowicz, P., Reich, Y., Vafaie, H., Van de Welde, W., Wenzel, W., Wnek, J. and Zhang, J.",,(1991).,,,,,,,"School of Computer Science, Carnegie-Mellon University.",,"CMU-CS-91-197,",,59
507,The monk&apos;s problems: a performance comparison of different learning algorithms.,,"S. B. Thrun, J. Bala, E. Bloedorn, I. Bratko, B. Cestnik, J. Cheng, K. de Jong, S. Dze-roski, S. E. Fahlman, D. Fisher, R. Hamann, K. Kaufaman, S. Keller, I. Kononenko, J. Kreusiger, R. S. Michalski, T. Mitchell, P. Pachowitz, Y. Reich, H. Vafaic, W. Van de Weldel, W. WEnzel, J. Wnek, and J. Zhang.",,1991.,,,,,,,"Carnegie Mellon University,",,"Technical Report CMU-CS-91-197,",,59
508,The monk&apos;s problems: a performance comparison of different learning algorithms.,,"S. B. Thrun, J. Bala, E. Bloedorn, I. Bratko, B. Cestnik, J. Cheng, K. de Jong, S. Dze-roski, S. E. Fahlman, D. Fisher, R. Hamann, K. Kaufaman, S. Keller, I. Kononenko, J. Kreusiger, R. S. Michalski, T. Mitchell, P. Pachowitz, Y. Reich, H. Vafaic, W. Van de Weldel, W. WEnzel, J. Wnek, and J. Zhang.",,1991.,,,,,,,"Carnegie Mellon University,",,"Technical Report CMU-CS-91-197,",,59
509,The MONK&apos;s problems a performance comparison of different learning algorithms.,,"Thrun, S., Bala, J., Bloedorn, E., Bratko, I., Cestnik, B., Cheng, J., De Jong, K., Dzeroski, S., Fisher, D., Fahlman, S., Hamann, R., Kaufman, K., Keller, S., Kononenko, I., Kreuziger, J., Michalski, R., Mitchell, T., Pa-chowicz, P., Reich, Y., Vafaie, H., Van de Welde, W., Wenzel, W., Wnek, J. and Zhang, J.",,(1991).,,,,,,,"School of Computer Science, Carnegie-Mellon University.",,"CMU-CS-91-197,",,59
510,The monk&apos;s problems: a performance comparison of different learning algorithms.,,"S. B. Thrun, J. Bala, E. Bloedorn, I. Bratko, B. Cestnik, J. Cheng, K. de Jong, S. Dzeroski, S. E. Fahlman, D. Fisher, R. Hamann, K. Kaufaman, S. Keller, I. Kononenko, J. Kreusiger, R. S. Michalski, T. Mitchell, P. Pachowitz, Y. Reich, H. Vafaic, W. Van de Weldel, W. WEnzel, J. Wnek, and J. Zhang.",,1991.,,,,,,,"Carnegie Mellon University,",,"Technical Report CMU-CS-91-197,",,59
511,The monk&apos;s problems: A performance comparison of different learning algorithms.,,"S.B. Thrun, J. Bala, E. Bloedorn, I. Bratko, B. Cestnik, J. Cheng, K. De Jong, S. Dzeroski, S.E. Fahlman, D. Fisher, R. Hamann, K. Kaufman, S. Keller, I. Kononenko, J. Kreuziger, R.S. Michalski, T. Mitchell, P. Pachowicz, Y. Reich, H. Vafaie, W. Van de Weldel, W. Wenzel, J. Wnek, and J. Zhang.",,1991.,,,,,,,"Carnegie Mellon University,",,"Technical Report CMU-CS-91-197,",,59
512,The monk&apos;s problems: A performance comparison of different learning algorithms.,,"S.B. Thrun, J. Bala, E. Bloedorn, I. Bratko, B. Cestnik, J. Cheng, K. De Jong, S. Dzeroski, S.E. Fahlman, D. Fisher, R. Hamann, K. Kaufman, S. Keller, I. Kononenko, J. Kreuziger, R.S. Michalski, T. Mitchell, P. Pachowicz, Y. Reich, H. Vafaie, W. Van de Weldel, W. Wenzel, J. Wnek, and J. Zhang.",,1991.,,,,,,,"Carnegie Mellon University,",,"Technical Report CMU-CS-91-197,",,59
513,The MONK&apos;s Problems: a performance comparison of different learning algorithms.,,"Thrun, S. B., Bala, J., Bloedorn, E., Bratko, I., Cestnik, B., Cheng, J., De Jong, K., D zeroski, S., Fahlman, S. E., Fisher, D., Hamann, R., Kauf-man, K., Keller, S., Kononenko, I., Kreuziger, J., Michalski, R. S., Mitchell, T., Pachowicz, P., Reich, Y., Vafaie, H., Van de Velde, W., Wenzel, W., Wnek, J., and Zhang, J.",,(1991).,,,,,,,Carnegie Mellon University.,,"Technical Report CMU-CS-91-197,",,59
514,"The MONK&apos;s problems a performance comparison of different learning algorithms,",,"S.B. Thrun, J. Bala, E. Bloedorn, I. Bratko, B. Cestnik, J. Cheng, K. De Jong, S. Dzeroski, S.E. Fahlman, D. Fisher, R. Hamann, K. Kauf-man, S. Keller, I. Kononenko, J. Kreuziger, R.S. Michalski, T. Mitchell, P. Pachowicz, Y. Reich, H. Vafaie, W. Van de Welde, W. Wenzel, J. Wnek, and J. Zhang,",,1991.,,,,,,,"Carnegie Mellon University,",,"Technical Report: CMU-CD-91-197,",,59
515,The MONK&apos;s problems a performance comparison of different learning algorithms.,,"S.B. Thrun, J. Bala, E. Bloedorn, I. Bratko, B. Cestnik, J. Cheng, K. De Jong, S. Dzeroski, S.E. Fahlman, D. Fisher, R. Hamann, K. Kaufman, S. Keller, I. Kononenko, J. Kreuziger, R.S. Michalski, T. Mitchell, P. Pachowicz, Y. Reich, H. Vafaie, W. Van de Welde, W. Wenzel, J. Wnek, and J. Zhang,",,1991.,,,,,,,"Carnegie Mellon University,",,"Tech. Report: CMU-CD-91-197,",,59
516,The MONK&apos;s problems a performance comparison of different learning algorithms.,,"S.B. Thrun, J. Bala, E. Bloedorn, I. Bratko, B. Cestnik, J. Cheng, K. De Jong, S. Dzeroski, S.E. Fahlman, D. Fisher, R. Hamann, K. Kaufman, S. Keller, I. Kononenko, J. Kreuziger, R.S. Michalski, T. Mitchell, P. Pachowicz, Y. Reich, H. Vafaie, W. Van de Welde, W. Wenzel, J. Wnek, and J. Zhang,","Pittsburgh, PA.",,,,,,,,"Department of Computer Science, Carnegie Mellon University,",,"Technical Report CMU-CD-91-197,",,59
517,The MONK&apos;s problems: A performance comparison of differ-ent learning algorithms.,,"S.B. Thrun, J. Bala, E. Bloedorn, I. Bratko, B. Cestnik, J. Cheng, K. De Jong, S. Dzeroski, S.E. Fahlman, D. Fisher, R. Hamann, K. Kaufman, S. Keller, I. Kononenko, J. Kreuziger, R.S. Michalski, T. Mitchell, P. Pachowitz, Y. Reich, H. Vafaie, W. Van de Welde, W. Wenzel, J. Wnek, and J. Zhang.",,December,,,,,,,"Carnegie Mellon University,",,"Technical Report CMU-CS-91-197,",,59
518,The MONK&apos;s problems: A performance comparison of different learning algorithms.,,"Thurn, S. B., Bala, J., Bloedorn, E., Bratko, I., Cestnik, B., Cheng, J., Jong, K. D., Dzeroski, S., Fahlman, S. E., Fisher, D., Hamann, R., Kaufman, K., Keller, S., Kononenko, I., Kreuziger, J., Michalski, R. S., Mitchell, T., Pachowicz, P., Reich, Y., Vafaie, H., de Welde, W. V., Wenzel, W., Wnek, J., and Zhang, J.,","Pittsburgh, PA,",December,,editors.,,,,,"Carnegie Mellon University,",,Technical reportCMU-CS-91-197.,Also available as ftp://ics.uci.edu/pub/- machine-learning-databases/monks-problems/thrun.comparison.ps.Z.,59
519,"`The MONK&apos;s problems: A performance comparison of different learning algorithms&apos;,",,"Thurn, S. B., Bala, J., Bloedorn, E., Bratko, I., Cestnik, B., Cheng, J., De Jong, K., Dzeroski, S., Fahlman, S. E., Fisher, D., Hamann, R., Kaufman, K., Keller, S., Kononenko, I., Kreuziger, J., Michalski, R. S., Mitchell, T., Pachowicz, P., Reich, Y., Vafaie, H., Van de Welde, W., Wenzel, W., Wnek, J., and Zhang, J.:",,December,,,,,,,"Carnegie Mellon University,",,"CMU-CS-91-197,",The training and test data sets for the MONK&apos;s problems are available at the ftp site ics.uci.edu,59
520,Compile-time analysis of object-oriented programs.,"Proceedings of the Fourth International Conference on Compiler Construction,","Vitek, J., Horspool, R. N., and Uhl, J. S.","Berlin, Germany,",1992.,,"In Kastens U. and Pfahler, P., Eds.,",,,pp. 236-250.,"Springer-Verlag,",,,,"volume 641 of Lecture Notes in Computer Science, (Paderborn, Germany, Oct.).",60
521,1987 Avoidance of posterior tectal membranes by temporal retinal axons.,"Development 101,","Walter, J., Henke-Fahle, S. &amp; Bonhoeffer, F.",,,,,,,909-913.,,,,,,61
522,Models of perceptual learning in vernier hyperacuity.,,"Weiss, Y., Edelman, S., and Fahle, M.",,(1993).,,,"Neural Computation,",5,695-718. 9,,,,,,62
523,Models of perceptual learning in vernier hyperacuity.,,"Weiss, Y., Edelman, S., and Fahle, M.",,(1993).,,,"Neural Computation,",5,695-718.,,,,,,62
524,Models of perceptual learning in vernier hyperacuity.,,"Weiss, Y., Edelman, S., and Fahle, M.",,(1993).,,,"Neural Computation,",5,695-718.,,,,,,62
525,Models of perceptual learning in vernier hyperacuity.,,"Weiss, Y., Edelman, S., and Fahle, M.",,(1993).,,,"Neural Computation,",5,695-718.,,,,,,62
526,Models of perceptual learning in vernier hyperacuity.,,"Weiss, Y., Edelman, S., and Fahle, M.",,(1993).,,,"Neural Computation,",5,695-718.,,,,,,62
527,Models of perceptual learning in vernier hyperacuity.,,"Weiss, Y., Edelman, S., and Fahle, M.",,(1993).,,,"Neural Computation,",5,695-718.,,,,,,62
528,"&quot;Neural-bench benchmark collection&quot;,",,"White, M. &amp; Fahlman, S. E.",,"(1994),",,,,,,,,,,Available by anonymous ftp to ftp.cs.cmu.edu in the /afs/cs/project/connect/bench directory.,63
529,The design of an instruction set for Common Lisp.,In Proc. 1984 ACM Symposium on Lisp and Functional Programming. ACM SIGPLAN/SIGACT/SIGART,"Wholey, Skef, and Fahlman, Scott E.","(Austin, Texas,",August,,,,,150-158.,,,,,,64
530,Learning Representative Exemplars of Concepts: An Initial Case Study.,Proceedings of the Fourth International Workshop on Machine Learning,"Kibler, D. &amp; Aha, D. W.","Irvine, CA:",,(1987).,,,,(pp. 24-30).,Morgan Kaufmann.,,,,,65
531,Learning representative exemplars of concepts: An initial case study.,In Proceedings of the Fourth International Workshop on Machine Learning,"Kibler, D., &amp; Aha, D. W.","Irvine, CA:",,(1987).,,,,(pp.24-30.,Morgan Kaufmann.,,,,,65
532,Learning representative exemplars of concepts: An initial case study.,In Proceedings of the Fourth International Workshop on Machine Learning,"Kibler, D., &amp; Aha, D. W.","Irvine, CA:",,(1987).,,,,pp. 24-30.,Morgan Kaufmann.,,,,,65
533,Learning representative exemplars of concepts: An initial case study.,In Proceedings of the Fourth International Workshop on Machine Learning,"Kibler, D., &amp; Aha, D. W.","Irvine, CA:",,(1987).,,,,(pp. 24-30).,Morgan Kaufmann.,,,,,65
534,Learning representative exemplars of concepts: An initial case study.,In Proceedings of the Fourth International Workshop on Machine Learning,"Kibler, D., &amp; Aha, D. W.","Irvine, CA:",,(1987).,,,,pp. 24-30,Morgan Kaufmann.,,,,,65
535,Learning Representative Exemplars of Concepts: An Initial Case Study.,"In Proceedings of the 4th International Workshop on Machine Learning,","Kibler, D., and Aha, D.",,,1987.,,,,24-30.,,,,,,65
536,Learning Representative Exemplars of Concepts: An Initial Case Study.,"In Proceedings of the 4th International Workshop on Machine Learning,","Kibler, D., and Aha, D.",,,1987.,,,,24-30.,,,,,,65
537,Learning Representative Exemplars of Concepts: An Initial Case Study.,In Proceedings of the Fourth International Workshop on Machine Learning.,"Kibler, D., and Aha, D. W.","Irvine, CA:",,(1987).,,,,24-30.,"Morgan Kaufmann,",,,,,65
538,Learning Representative Exemplars of Concepts: An Initial Case Study.,In Proceedings of the Fourth International Workshop on Machine Learning.,"Kibler, D., and Aha, D. W.","Irvine, CA:",,(1987).,,,,24-30.,"Morgan Kaufmann,",,,,,65
539,Learning representative exemplars of concepts: An initial case study.,"Proceedings of the Fourth International Workshop on Machine Learning,","Kibler, D., and Aha David W.","Irvine, CA:",,(1987).,,,,pp. 24-30.,"Morgan Kaufmann,",,,,,65
540,Learning representative exemplars of concepts: An initial case study.,Proceedings of the Fourth International Workshop on Machine Learning.,"Kibler, D., and David W. Aha,","Irvine, CA:",,(1987).,,,,pp. 24-30.,"Morgan Kaufmann,",,,,,65
541,Learning representative exemplars of concepts: An initial case study.,Proceedings of the Fourth International Workshop on Machine Learning.,"Kibler, D., and David W. Aha,","Irvine, CA:",,(1987).,,,,pp. 24-30.,"Morgan Kaufmann,",,,,,65
542,Learning representative exemplars of concepts: An initial case study.,Proceedings of the Fourth International Workshop on Machine Learning.,"Kibler, D., and David W. Aha,","Irvine, CA:",,(1987).,,,,pp. 24-30.,"Morgan Kaufmann,",,,,,65
543,Learning representative exemplars of concepts: an initial case study.,"Proc. 4th International Workshop on Machine Learning,",D. Kibler and D. W. Aha.,"Ca,",,1987.,"In P. Langley, editor,",,,,"Kaufmann,",,,,,65
544,Learning representative exemplars of concepts: An initial case study.,"Proceedings of the Fourth International Workshop on Machine Learning,",D. Kibler and D. Aha.,Los Altos:,,1987.,"In Pat Langley, editor,",,,pages 24-30.,"Morgan Kaufmann,",,,,,65
545,Learning representative exemplars of concepts: An initial case study.,"In Proc. of the 4 th International Workshop on Machine Learning,",D. Kibler and D. Aha.,"Irvine, CA,",,1987.,,,,"pages 24-30,",,,,,,65
546,Learning representative exemplars of concepts: An initial case study.,"In Proc. of the 4 th International Workshop on Machine Learning,",D. Kibler and D. Aha.,"Irvine, CA,",,1987.,,,,"pages 24-30,",,,,,,65
547,Learning representative exemplars of concepts: an initial case study.,"Proc. 4th International Workshop on Machine Learning,",D. Kibler and D. W. Aha.,"CA,",,1987.,"In P. Langley, editor,",,,,Kaufmann.,,,,,65
548,Learning Representative Exemplars of Concepts: An Initial Case Study.,"In Proceedings of the Fourth International Workshop on Machine Learning,","Kibler, D., and Aha, D.W.",,,"1987,",,,,24-30.,,,,,,65
549,Learning Representative Exemplars of Concepts: An Initial Case Study.,"In Proceedings of the Fourth International Workshop on Machine Learning,","Kibler, D., and Aha, D.W.",,,"1987,",,,,24-30.,,,,,,65
550,Learning Representative Exemplars of Concepts: An Initial Case Study.,"In Proceedings of the Fourth International Workshop on Machine Learning,","Kibler, D., and Aha, D.W.",,,"1987,",,,,24-30.,,,,,,65
551,Learning representative examplars of concepts; an initial study.,"In Proceedings of the Fourth International Workshop on Machine Learning,",D. Kibler and D. Aha.,,,1987.,,,,"pages 24-29,",,,"UC-Irvine,",,,65
552,Learning representative exemplars of concepts: An initial case study.,"Proceedings of the Fourth International Workshop on Machine Learning,",Dennis Kibler and David W. Aha.,"Los Altos, California,",,1987.,"In Pat Langley, editor,",,,pages 24-30.,"Morgan Kaufmann,",,,,,65
553,"&quot;Learning Representative Exemplars of Concepts: An Initial Case Study,&quot;","Proceedings of the Fourth International Workshop on Machine Learning,","D. Kibler and D. W. Aha,","Irvine, CA,",,"1987,",,,,pp. 24-30.,,,,,,65
554,Noise-tolerant instance based leanring algorithms.,Proc. IJCAI-89,"Aha, D. &amp; Kibler, D.",,,(1989).,,,,pp. 794 799).,,,,,,66
555,Noise-tolerant instance-based leanring algorithms.,Proc. IJCAI-89,"Aha, D. &amp; Kibler, D.",,,(1989).,,,,pp.794-799).,,,,,,66
556,Noise-tolerant instance-based learning algorithms.,Proc. IJCAI-89,"Aha, D. &amp; Kibler, D.",,,(1989).,,,,pp.794-799).,,,,,,66
557,Noise-tolerant instance-based learning algorithms.,Proc. IJCAI-89,"Aha, D. &amp; Kibler, D.",,,(1989).,,,,pp.794-799.,,,,,,66
558,Noise-tolerant instance-based learning algorithms.,Proc. IJCAI-89,"Aha, D. &amp; Kibler, D.",,,(1989).,,,,pp.794-799).,,,,,,66
559,Noise-Tolerant Instance-Based Learning Algorithms.,"In Proceedings of the Eleventh International Joint Conference on Artificial Intelligence (IJCAI-89),","Aha, D. W. &amp; Kibler D.","Los Altos, CA,",,(1989).,,,,pp. 794-799.,Morgan Kaufmann.,,,,,66
560,Noise-tolerant instance-based learning algorithms.,"In Eleventh International Joint Conference on Artificial Intelligence,","Aha, D. W. and Kibler, D.","San Mateo, CA.",,(1989).,,,,pages 794-799.,"Morgan Kaufmann,",,,,,66
561,Noise-tolerant instance-based learning algorithms.,In Proceedings of the 1989 International Joint Conference on Artificial Intelligence.,"Aha, D. W., &amp; Kibler, D.","San Mateo, CA:",,(1989).,,,,,Morgan Kaufmann.,,,,,66
562,Noise-tolerant instance-based learning algorithms.,In Proceedings of the Eleventh International Joint Conference on Artificial Intelligence,"Aha, D. W., &amp; Kibler, D.","Detroit, MI:",,(1989).,,,,(pp. 794-799).,Morgan Kaufmann.,,,,,66
563,Noise-tolerant instance-based learning algorithms.,In Proceedings of the Eleventh International Joint Conference on Artificial Intelligence,"Aha, D. W., &amp; Kibler, D.","Detroit, MI:",,(1989).,,,,(pp. 794-799).,Morgan Kaufmann.,,,,,66
564,Noise-tolerant instance-based learning algorithms.,In Proceedings of the Eleventh International Joint Conference on Artificial Intelligence,"Aha, D. W., &amp; Kibler, D.","Detroit, MI:",,(1989).,,,,(pp. 794-799).,Morgan Kaufmann.,,,,,66
565,Noise-tolerant instance-based learning algorithms.,Proceedings of the Eleventh International Joint Conference on Artificial Intelligence,"Aha, D. W., &amp; Kibler, D.","Detroit, Michigan:",,(1989).,,,,(pp. 794-799).,Morgan Kaufmann.,,,,,66
566,Noise-tolerant instance-based learning algorithms.,Proceedings of the Eleventh International Joint Conference on Artificial Intelligence,"Aha, D. W., &amp; Kibler, D.","Detroit, Michigan:",,(1989).,,,,(pp. 794-799).,Morgan Kaufmann.,,,,,66
567,Noise-tolerant instace-based learning algorithms.,Proceedings of the Eleventh International Joint Conference on 39 Artificial Intelligence,"Aha, D. and Kibler, D.","Detroit, MI:",,(1989),,,,(pp. 794-799).,Morgan Kaufmann.,,,,,66
568,Noise-tolerant instace-based learning algorithms.,Proceedings of the Eleventh International Joint Conference on 39 Artificial Intelligence,"Aha, D. and Kibler, D.","Detroit, MI:",,(1989),,,,(pp. 794-799).,Morgan Kaufmann.,,,,,66
569,Noise tolerant instance-based learning algorithms.,"Proceedings of the Eleventh International Joint Conference on Artificial Intelligence,","Aha, D., &amp; Kibler, D.","Detroit, MI:",,(1989).,,,,,Morgan Kaufmann.,,,,,66
570,Noise-tolerant Instance-based Learning Algorithms.,Proceedings of the Eleventh International Joint Conference on Artificial Intelligence.,"Aha, D., &amp; Kibler, D.","Detroit, MI:",,(1989).,,,,Pages 794-799,Morgan Kaufmann.,,,,,66
571,"Noise-tolerant instance-based learning algorithms,","Proceedings of the Eleventh International Joint Conference on Artificial Intelligence,","Aha, D.W., Kibler, D.",,,(1989),,,,794-799.,,,,,,66
572,Noise-tolerant instance-based learning algorithms.,"In Proceedings of IJCAI-89,",D. Aha and D. Kibler.,"Detroit, MI,",,1989.,,,,"pages 794-799,",Morgan Kaufmann.,,,,,66
573,Noise-tolerant Instance-based Learning Algorithms.,in Proceedings of the Eleventh International Joint Conference on Artificial Intelligence,"Aha, D.W., and Kibler, D.,","Detroit, MI.",,1989.,,,,"(pp. 794-799),","Published by Mor-gan Kaufmann,",,,,,66
574,Noise-tolerant Instance-based Learning Algorithms.,in Proceedings of the Eleventh International Joint Conference on Artificial Intelligence,"Aha, D.W., and Kibler, D.,","Detroit, MI.",,1989.,,,,"(pp. 794-799),","Published by Mor-gan Kaufmann,",,,,,66
575,Noise-tolerant instance-based learning algorithms.,"In IJCAI-89,",David W. Aha and Dennis Kibler.,,,1989.,,,,"pages 794-799,",,,,,,66
576,Noise-tolerant instance-based learning algorithm.,"In International Joint Conference on Artificial Intelligence,",D.W. Aha and D. Kibler.,"Detroit,",,1989.,,,,"pages 794-799,",Morgan Kaufmann.,,,,,66
577,Noise-tolerant instance-based learning algorithms.,Proceedings of the Eleventh Joint Conference on Artificial Intelligence,"Aha, D. and Kibler, D.",,,(1989).,,,,(pp. 794-799).,Morgan Kaufmann.,,,,,66
578,Noise-tolerant instance-based learning algorithms.,"In Proceedings of IJCAI-89,",D. Aha and D. Kibler.,"Detroit, MI,",,1989.,,,,"pages 794-799,",Morgan Kaufmann.,,,,,66
579,Noise-tolerant instance-based learning algorithms.,"In Proceedings of IJCAI-89,",D. Aha and D. Kibler.,"Dtroit, MI,",,1989.,,,,"pages 794-799,",Morgan Kaufmann.,,,,,66
580,Instance-based learning algorithms.,,"Aha, D. W., Kibler, D. &amp; Albert, M. K.",,,(1990).,,,,,,,,,Draft submission to Machine Learning.,67
581,"Instance-based learning algorithms,",,"AHA, D.W., KIBLER, D. and ALBERT, M.K",,,"1991,",,"Machine Learning,","Vol. 6,",pp. 37-66.,,,,,,68
582,"Instance-based learning algorithms,",,"AHA, D.W., KIBLER, D. and ALBERT, M.K.",,,"1991,",,"Machine Learning,","Vol. 6,",pp. 37-66.,,,,,,68
583,Instance-based learning algorithms.,,"Aha, D. W., Kibler, D., &amp; Albert, M.",,,(1991).,,"Machine Learning,","7,",37-66.,,,,,,68
584,Instance-based learning algorithms.,,"Aha, D.W., Kibler E., Albert M.K.:",,,(1991),,"Machine Learning,","6,",37-66.,,,,,,68
585,"Instance-based learning algorithms,",,"Aha, D.W., Kibler, D., and Albert, M.K.,",,,1991.,,"Machine Learning,","6,","pp. 37-66,",,,,,,68
586,Instance-based learning algorithms.,,"D. Aha, D. Kibler, and M. Albert.",,,1991.,,"Machine Learning,",6,"37-66,",,,,,,68
587,Instance-based learning algorithms.,,"D. Aha, D. Kibler, and M. Albert.",,,1991.,,"Machine Learning,",6,"37-66,",,,,,,68
588,"Instance-based learning algorithms,",,"D.W. Aha, D. Kibler, and M.K. Albert:",,,1991.,,"Machine Learning,","6,","37-66,",,,,,,68
589,"Instance-based learning algorithms,",,"D.W. Aha, D. Kibler, and M.K. Albert:",,,1991.,,"Machine Learning,","6,","37-66,",,,,,,68
590,"``Instance Based Learning Algorithms,&apos;&apos;",,"Aha, D. W., D. Kibler, and M. K. Albert,",,,1991.,,"Machine Learning,","Vol 6,","pp. 37-66,",,,,,,68
591,"&quot;Instance-based learning algorithms&quot;,",,"Aha, D. W., Kibler, D. &amp; Albert, M. K.",,,"(1991),",,"Machine Learning 6(1),",,37-66.,,,,,,68
592,"&quot;Instance-based learning algorithms&quot;,",,"Aha, D. W., Kibler, D. &amp; Albert, M. K.",,,"(1991),",,"Machine Learning 6(1),",,37-66.,,,,,,68
593,"&quot;Instance-based learning algorithms&quot;,",,"Aha, D. W., Kibler, D. &amp; Albert, M. K.",,,"(1991),",,"Machine Learning 6(1),",,pp. 37-66.,,,,,,68
594,"&quot;Instance-based learning algorithms&quot;,",,"Aha, D. W., Kibler, D. &amp; Albert, M. K.",,,"(1991),",,"Machine Learning 6(1),",,pp. 37-66.,,,,,,68
595,"&quot;Instance-based learning algorithms&quot;,",,"Aha, D. W., Kibler, D. &amp; Albert, M. K.",,,"(1991),",,"Machine Learning 6(1),",,pp. 37-66.,,,,,,68
596,"&quot;Instance-based learning algorithms&quot;,",,"Aha, D. W., Kibler, D. &amp; Albert, M. K.",,,"(1991),",,"Machine Learning 6(1),",,pp. 37-66.,,,,,,68
597,Instance-based learning algorithms.,,"Aha, D. W., Kibler, D., &amp; Albert, M.",,,(1991).,,"Machine Learning,","6 (1),",37-66.,,,,,,68
598,Instance-based learning algorithms.,,"Aha, D. W., Kibler, D., &amp; Albert, M.",,,(1991).,,"Machine Learning,","6 (1),",37-66.,,,,,,68
599,Instance-based learning algorithms.,,"Aha, D. W., Kibler, D., &amp; Albert, M.",,,(1991).,,"Machine Learning,",6 (1).,,,,,,,68
600,Instance-based learning algorithms.,,"Aha, D. W., Kibler, D., &amp; Albert, M.",,,(1991).,,"Machine Learning,",6 (1).,,,,,,,68
601,Instance-based learning algorithms.,,"Aha, D. W., Kibler, D., &amp; Albert, M.",,,(1991).,,"Machine Learning,","7,",37-66.,,,,,,68
602,`Instance-based learning algorithms&apos;.,,"Aha, D. W., Kibler, D., &amp; Albert, M.",,,(1991).,,"Machine Learning,","7,",37-66.,,,,,,68
603,Instance-based learning algorithms.,,"Aha, D. W., Kibler, D., &amp; Albert, M.",,,(1991b).,,"Machine Learning,","6,",37-66.,,,,,,68
604,Instance-Based Learning Algorithms.,,"Aha, D. W., Kibler, D., &amp; Albert, M. K.",,,(1991).,,"Machine Learning,","6,",37-66.,,,,,,68
605,Instance-Based Learning Algorithms.,,"Aha, D. W., Kibler, D., &amp; Albert, M. K.",,,(1991).,,"Machine Learning,","6,",37-66.,,,,,,68
606,Instance-based learning algorithms.,,"Aha, D. W., Kibler, D., &amp; Albert, M. K.",,,(1991).,,"Machine Learning,","6 ,",37-66.,,,,,,68
607,Instance-based learning algorithms.,,"Aha, D. W., Kibler, D., &amp; Albert, M. K.",,,(1991).,,"Machine Learning,","6 ,",37-66.,,,,,,68
608,Instance-based learning algorithms.,,"Aha, D. W., Kibler, D., &amp; Albert, M. K.",,,(1991).,,"Machine Learning,","6,",37-66.,,,,,,68
609,Instance-based learning algorithms.,,"Aha, D. W., Kibler, D., &amp; Albert, M. K.",,,(1991).,,"Machine Learning,","6 ,",37-66.,,,,,,68
610,Instance-based learning algorithms.,,"Aha, D. W., Kibler, D., &amp; Albert, M. K.",,,(1991).,,"Machine Learning,","6,",37-66.,,,,,,68
611,Instance-based learning algorithms.,,"Aha, D. W., Kibler, D., &amp; Albert, M. K.",,,(1991).,,"Machine Learning,","6,",37-66.,,,,,,68
612,Instance-based learning algorithms.,,"Aha, D. W., Kibler, D., &amp; Albert, M. K.",,,(1991).,,"Machine Learning,","6,",37-66.,,,,,,68
613,Instance-based learning algorithms.,,"Aha, D. W., Kibler, D., &amp; Albert, M. K.",,,(1991).,,"Machine Learning,","6,",37-66.,,,,,,68
614,Instance-based learning algorithms.,,"Aha, D. W., Kibler, D., &amp; Albert, M. K.",,,(1991).,,"Machine Learning,","6,",37-66.,,,,,,68
615,Instance-based learning algorithms.,,"Aha, D. W., Kibler, D., &amp; Albert, M. K.",,,(1991).,,"Machine Learning,","6,",37-66.,,,,,,68
616,Instance-based learning algorithms.,,"Aha, D. W., Kibler, D., &amp; Albert, M. K.",,,(1991).,,"Machine Learning,","6,",37-66.,,,,,,68
617,Instance-based learning algorithms.,,"Aha, D. W., Kibler, D., &amp; Albert, M. K.",,,(1991).,,"Machine Learning,","6,",37-66.,,,,,,68
618,Instance-based learning algorithms.,,"Aha, D. W., Kibler, D., &amp; Albert, M. K.",,,(1991).,,"Machine Learning,","6,",37-66.,,,,,,68
619,Instance-based learning algorithms.,,"Aha, D. W., Kibler, D., &amp; Albert, M. K.",,,(1991).,,"Machine Learning,","6,",37-66.,,,,,,68
620,Instance-based learning algorithms.,,"Aha, D. W., Kibler, D., &amp; Albert, M. K.",,,(1991).,,"Machine Learning,","6,",37-66.,,,,,,68
621,Instance-based learning algorithms.,,"Aha, D. W., Kibler, D., &amp; Albert, M. K.",,,(1991).,,"Machine Learning,","6,",37-66.,,,,,,68
622,Instance-based learning algorithms.,,"Aha, D. W., Kibler, D., &amp; Albert, M. K.",,,(1991).,,"Machine Learning,","6,",37-66.,,,,,,68
623,Instance-based learning algorithms.,,"Aha, D. W., Kibler, D., &amp; Albert, M. K.",,,(1991).,,"Machine Learning,","6,",37-66.,,,,,,68
624,Instance-based learning algorithms.,,"Aha, D. W., Kibler, D., &amp; Albert, M. K.",,,(1991).,,"Machine Learning,","6,",37-66.,,,,,,68
625,Instance-based learning algorithms.,,"Aha, D. W., Kibler, D., &amp; Albert, M. K.",,,(1991).,,"Machine Learning,","6,",37-66.,,,,,,68
626,Instance-based learning algorithms.,,"Aha, D. W., Kibler, D., &amp; Albert, M. K.",,,(1991).,,"Machine Learning,","6,",37-66.,,,,,,68
627,Instance-based learning algorithms.,,"Aha, D. W., Kibler, D., &amp; Albert, M. K.",,,(1991).,,"Machine Learning,","6,",37-66.,,,,,,68
628,Instance-based learning algorithms.,,"Aha, D. W., Kibler, D., &amp; Albert, M. K.",,,(1991).,,"Machine Learning,","6,",37-66.,,,,,,68
629,Instance-based learning algorithms.,,"Aha, D. W., Kibler, D., &amp; Albert, M. K.",,,(1991).,,"Machine Learning,","6,",37-66.,,,,,,68
630,Instance-based learning algorithms.,,"Aha, D. W., Kibler, D., &amp; Albert, M. K.",,,(1991).,,"Machine Learning ,","6 ,",37-66.,,,,,,68
631,Instance-based learning algorithms.,,"Aha, D. W., Kibler, D., &amp; Albert, M. K.",,,(1991).,,"Machine Learning ,","6 ,",37-66.,,,,,,68
632,Instance-Based Learning Algorithms.,,"Aha, D. W., Kibler, D., and Albert, M. K.",,,(1991).,,Machine Learning,"6,",37-66.,,,,,,68
633,Instance-Based Learning Algorithms.,,"Aha, D. W., Kibler, D., and Albert, M. K.",,,(1991).,,Machine Learning,"6(1),",37-66.,,,,,,68
634,"Instance-based learning algorithms,",,"Aha, D. W., Kibler, D., and Albert, M. K.",,,(1991).,,Machine Learning,"6(1),",37-66.,,,,,,68
635,Instance-Based Learning.,,"Aha, D., Kibler D., and Albert, M.K",,,(1991).,,Machine Learning,"6(1),",pp.37-66.,,,,,,68
636,Instance-based learning algorithms.,,"Aha, D., Kibler, D. &amp; Albert M.","Boston, MA:",,(1991).,,"Machine learning,","volume 6,",pp 37-66.,Kluwer Publishers.,,,,,68
637,Instance-based learning algorithms.,,"Aha, D., Kibler, D. &amp; Albert M.","Boston, MA:",,(1991).,,"Machine learning,","volume 6,",pp 37-66.,Kluwer Publishers.,,,,,68
638,Instance-Based Learning Algorithms.,,"Aha, D., Kibler, D. &amp; Albert, M.",,,1991.,,Machine Learning,"6,",37-66.,,,,,,68
639,Instance based learning algorithms.,,"Aha, D., Kibler, D. and Albert M.","Boston, MA:",,(1991).,,"Machine learning,","volume 6,",pp 37-66.,Kluwer Publishers.,,,,,68
640,Instance-based Learning Algorithms.,,"Aha, D., Kibler, D., &amp; Albert, M",Boston:,,(1991).,,Machine Learning,v. 6,pp 37-66,Kluwer Academic Publishers.,,,,,68
641,Instance-Based Learning Algorithms.,,"Aha, D., Kibler, D., &amp; Albert, M.",,,(1991).,,Machine Learning,6 (1):,pp. 37-66.,,,,,,68
642,Instance-Based Learning Algorithms.,,"Aha, D., Kibler, D., &amp; Albert, M.",,,(1991).,,Machine Learning,6 (1):,pp. 37-66.,,,,,,68
643,Instance-Based Learning Algorithms.,,"Aha, D., Kibler, D., &amp; Albert, M.",,,(1991).,,Machine Learning,6 (1):,pp. 37-66.,,,,,,68
644,Instance-Based Learning Algorithms.,,"Aha, D., Kibler, D., &amp; Albert, M.",,,(1991).,,"Machine Learning,","6(1),",37-66.,,,,,,68
645,Instance-based learning algorithms.,,"Aha, D., Kibler, D., &amp; Albert, M.",,,(1991).,,"Machine learning,","6,",37-66.,,,,,,68
646,Instance-based Learning Algorithms.,,"Aha, D., Kibler, D., &amp; Albert, M.",,,1991.,,"Machine Learning,","7,",37-66.,,,,,,68
647,Instance-Based Learning Algorithms.,,"Aha, D., Kibler, D., and Albert, M.",,,(1991).,,Machine Learning,"6,",37-66.,,,,,,68
648,Instance-based learning algorithms.,,"Aha, D., Kibler, D., and Albert, M.",,,(1991).,,"Machine Learning,","7,",pp. 37-66.,,,,,,68
649,Instance-based learning algorithms.,,"Aha, D., Kibler, D., and Albert, M.",,,(1991).,,"Machine Learning,","7,",pp. 37-66.,,,,,,68
650,"Instance-Based Learning Algorithms,",,"Aha, D.W., D. Kibler &amp; Albert M.K.",,,"(1991),",,"Machine Learning,","6,",pp. 37-66.,,,,,,68
651,"Instance-Based Learning Algorithms,",,"Aha, D.W., D. Kibler &amp; Albert M.K.",,,"(1991),",,"Machine Learning,","6,",pp. 37-66.,,,,,,68
652,"Instance-based learning algorithms,",,"Aha, D.W., Kibler, D., &amp; Albert, M.K.",,,(1991).,,"Machine Learning,","6,",37-66.,,,,,,68
653,"Instance-based learning algorithms,",,"Aha, D.W., Kibler, D., &amp; Albert, M.K.",,,(1991).,,"Machine Learning,","6,",37-66.,,,,,,68
654,"Instance-based learning algorithms,",,"Aha, D.W., Kibler, D., &amp; Albert, M.K.",,,(1991).,,"Machine Learning,","6,",37-66.,,,,,,68
655,Instance-based learning algorithms.,,"Aha, D.W., Kibler, D., &amp; Albert, M.K.",,,(1991).,,"Machine Learning,","6,",37-66.,,,,,,68
656,Instance-Based Learning Algorithms.,,"Aha, David W., Dennis Kibler, Albert Marc K.",,,(1991).,,"Machine Learning,","6,",pp. 37-66.,,,,,,68
657,"Instance-Based Learning Algorithms,",,"Aha, David W., Dennis Kibler, Marc K. Albert,",,,(1991).,,"Machine Learning,",vol. 6,pp. 37-66.,,,,,,68
658,"Instance-Based Learning Algorithms,",,"Aha, David W., Dennis Kibler, Marc K. Albert,",,,(1991).,,"Machine Learning,","vol.6,",pp. 37-66.,,,,,,68
659,"Instance-Based Learning Algorithms,",,"Aha, David W., Dennis Kibler, Marc K. Albert,",,,(1991).,,"Machine Learning,","vol.6,",pp. 37-66.,,,,,,68
660,Instance-Based Learning Algorithms.,,"Aha, David W., Dennis Kibler, Marc K. Albert.",,,1991.,,Machine Learning.,"6,",pp. 37-66.,,,,,,68
661,Instance-Based Learning Algorithms.,,"Aha, David W., Dennis Kibler, and Marc K. Albert,",,,(1991).,,"Machine Learning,","Vol6,",pp. 37-66.,,,,,,68
662,Instance-Based Learning Algorithms.,,"Aha, David W., Dennis Kibler, and Marc K. Albert,",,,(1991).,,"Machine Learning,",Vol.6,pp. 37-66.,,,,,,68
663,Instance-Based Learning Algorithms.,,"Aha, David W., Dennis Kibler, and Marc K. Albert,",,,(1991).,,"Machine Learning,","Vol.6,",pp. 37-66.,,,,,,68
664,Instance-Based Learning Algorithms.,,"Aha, David W., Kibler, Dennis, &amp; Albert, Marc K.",,,1991.,,"Machine Learning,","6(1),",37-66.,,,,,,68
665,Instance-based Learning Algorithms.,,"D. Aha, D. Kibler, and M. Albert.",,,1991.,,"Machine Learning,","Vol. 6,",pp. 37-66.,,,,,,68
666,"&quot;Instance-Based Learning Methods,&quot;",,"Aha, D. W., Kibler, D., Albert, M. K.",,,(1991),,"Machine Learning,","6,",37-66.,,,,,,68
667,"&quot;Instance-Based Learning Methods,&quot;",,"Aha, D. W., Kibler, D., Albert, M. K.",,,(1991),,"Machine Learning,","6,",37-66.,,,,,,68
668,"&quot;Instance-Based Learning Methods,&quot;",,"Aha, D. W., Kibler, D., Albert, M. K.",,,(1991),,"Machine Learning,","6,",37-66.,,,,,,68
669,Instance-Based Learning Algorithms.,,"Aha, D., D. Kibler, Albert &amp; M.",,,(1991).,,Machine Learning,"6,",37-66.,,,,,,68
670,Instance-based learning algorithms.,,"D. Aha, D. Kibler, and M. Albert.",,,1991.,,"Machine Learning,",6,"37-66,",,,,,,68
671,"&quot;Instance-based learning algorithms,&quot;",,"D. Aha, D. Kibler, and M. Albert,",,,1991.,,"Machine Learning,","vol. 6,","pp. 37-66,",,,,,,68
672,"&quot;Instance-based learning algorithms,",,"D. Aha, D. Kibler, and M. Albert,",,,1991.,,"&quot; Machine Learning,","vol. 6,","pp. 37-66,",,,,,,68
673,Instance-Based Learning Algorithms.,,"Aha, D., Kibler, D. and Albert, M.:",,,(1991),,Machine Learning,"6,",37-66.,,,,,,68
674,M.K. Instance-Based Learning Algorithms.,,"Aha, D.W., Kibler, D., and Albert,",,,"1991,",,"Machine Learning,","6,",37-66.,,,,,,68
675,M.K. Instance-Based Learning Algorithms.,,"Aha, D.W., Kibler, D., and Albert,",,,"1991,",,"Machine Learning,","6,",37-66.,,,,,,68
676,M.K. Instance-Based Learning Algorithms.,,"Aha, D.W., Kibler, D., and Albert,",,,"1991,",,"Machine Learning,","6,",37-66.,,,,,,68
677,Instance-Based Learning Algorithms.,,"Aha, D.W., Kibler, D., and Albert, M.K.",,,(1991).,,"Machine Learning,","6,",37-66.,,,,,,68
678,Instance-Based Learning Algorithms.,,"Aha, D.W., Kibler, D., and Albert, M.K.",,,(1991).,,"Machine Learning,","6,",37-66.,,,,,,68
679,"&quot;Instance-based learning algorithms&quot;,",,"D. Aha, D. Kibler, and M. Albert,",,,1991.,,"Machine Learning,","vol. 6,",,,,,,,68
680,"&quot;Instance-based learning algorithms&quot;,",,"D. Aha, D. Kibler, and M. Albert,",,,1991.,,"Machine Learning,","vol. 6, no. 1,",,,,,,,68
681,"&quot;Instance-based learning algorithms&quot;,",,"D. Aha, D. Kibler, and M. Albert,",,,1991.,,"Machine Learning,","vol. 6, no. 1,",,,,,,,68
682,"&quot;Instance-based learning algorithms&quot;,",,"D. Aha, D. Kibler, and M. Albert,",,,1991.,,"Machine Learning,","vol.  6, no. 1,",,,,,,,68
683,Instance-based learning algorithms.,,"D. W. Aha, D. Kibler, and M. K. Albert.",,,1991.,,"Machine Learning,","6,",,,,,,,68
684,"`Instance-Based Learning Algorithms&apos;,",,"D.W. Aha, D. Kibler, and M.K. Albert,",,,(1991).,,"Machine Learning,","6,","37-66,",,,,,,68
685,Instance-based learning algorithms.,,"D.W. Aha, D. Kibler, and M.K. Albert.",,,1991.,,"Machine Learning,","6,",,,,,,,68
686,"Instance-Based Learning Algorithms,",,"Aha, David W., Dennis Kibler, Marc K. Albert,",,,(1991).,,"Machine Learning,","vol. 6,",pp. 37-66.,,,,,,68
687,"Instance-Based Learning Algorithms,",,"Aha, David W., Dennis Kibler, Marc K. Albert,",,,(1991).,,"Machine Learning,","vol. 6,",pp. 37-66.,,,,,,68
688,Instance-based learning algorithms.,,"D. W. Aha, D. Kibler, and M. K. Albert.",,,1991.,,"Machine Learning,","6,",,,,,,,68
689,Instance-based learning algorithms.,,"D. Aha, D. Kibler, and M. Albert.",,,1991.,,"Machine Learning,",6,"37-66,",,,,,,68
690,Instance-based learning algorithms.,,"D. Aha, D. Kibler, and M. Albert.",,,1991.,,"Machine Learning,",6,"37-66,",,,,,,68
691,"Instance-Based Learning Algorithms,",,"Aha, David W., Dennis Kibler, Marc K. Albert,",,,(1991).,,"Machine Learning,","vol. 6,",pp. 37-66.,,,,,,68
692,"Instance-Based Learning Algorithms,",,"Aha, David W., Dennis Kibler, Marc K. Albert,",,,(1991).,,"Machine Learning,","vol. 6,",pp. 37-66.,,,,,,68
693,Instance-Based Learning Algorithms.,,"Aha, D. , Kibler, D. , and Albert, M. K.",,,(1991).,,"Machine Learning,",vol.6 (1).,,,,,,,68
694,Instance-based learning algorithms.,,"D. Aha, D. Kibler, and M. Albert.",,,1991.,,"Machine Learning,","6(1),",,,,,,,68
695,Instance-Based Learning Algorithms.,,"Aha, D.W., Kibler, D., and Albert, M.K.",,,(1991).,,"Machine Learning,","6,",37-66.,,,,,,68
696,Instance-based learning algorithms.,,"D. Aha, D. Kibler, and M. Albert.",,,1991.,,"Machine Learning,","6(1),",,,,,,,68
697,Instance-based learning algorithms.,,"D. Aha, D. Kibler, and M. Albert.",,,1991.,,"Machine Learning,","6(1),",,,,,,,68
698,Instance-based learning algorithms.,,"David W. Aha, Dennis Kibler, and Marc K. Albert.",,,1991.,,"Machine Learning,","6(1),",,,,,,,68
699,Instance-based learning algorithms.,,"Aha, D. W., Kibler, D., &amp; Albert, M.",,,(1991).,,"Machine Learning,","7,",37-66.,,,,,,68
700,Instance-Based Learning Algorithms.,,"Aha, D. W., D. Kibler, &amp; Albert M. K.",,,(1991).,,Machine Learning,"6 (1),",37-66.,,,,,,68
701,`Instance-based learning algorithms&apos;.,,"Aha, D. W., Kibler, D., &amp; Albert, M.",,,(1991).,,"Machine Learning,","7,",37-66.,,,,,,68
702,Concept learning and flexible weighting.,"In Proceedings of the Fourteenth Annual Conference of the Cognitive Science Society,","(Aha and Goldstone, 1992) Aha, D. W. and Gold stone, R. L.",IN.,,1992.,,,,534-539.,Lawrence Erl-baum Associates.,"Indiana Univeristy, Bloomington,",,,,69
703,Concept learning and flexible weighting.,"In Proceedings of the Fourteenth Annual Conference of the Cognitive Science Society,","(Aha and Goldstone, 1992) Aha, D. W. and Gold-stone, R. L.",IN.,,1992.,,,,534-539.,Lawrence Erl-baum Associates.,"Indiana Univeristy, Bloomington,",,,,69
704,"Least Generalizations and Greatest Specializations of Sets of Clauses,",,S. H. Nienhuys-Cheng and R. De Wolf (1996).,,,,,"Journal of Artificial Intelligence Research,",4,341-363,,,,,,70
705,"Parallel interpretation of logic programs,","in Proceedings ACM Symposium on Functional Programming and Computer Architecture,","J.S. Conery, D.F. Kibler,",,,1981.,,,,,,,,,,71
706,"Parallel interpretation of logic programs,","in Proceedings ACM Symposium on Functional Programming and Computer Architecture,","J.S. Conery, D.F. Kibler,",,,1981.,,,,,,,,,,71
707,"Parallel interpretation of logic programs,","in Proceedings ACM Symposium on Functional Programming and Computer Architecture,","J.S. Conery, D.F. Kibler,",,,1981.,,,,,,,,,,71
708,"Parallel Interpretation of Logic Programs,","Proc. ACM Symp. Functional Programming and Computer Architecture,","J. S. Conery, D. F. Kibler,",,,1981.,,,,,,,,,,71
709,"Parallel Interpretation of Logic Programs,","Proc. ACM Symp. Functional Programming and Computer Architecture,","J. S. Conery, D. F. Kibler,",,,1981.,,,,,,,,,,71
710,Nearest Neighbor(NN) Norms,,"Dasarathy, B. V.",,,(1991).,,,,,"Los Alamitos, California:IEEE Computer Society Press. 18 Data,",,NN Pattern Classification Techniques.,,,72
711,Utilizing prior concepts for learning.,In Proceedings of the ML92 Workshop on Biases in Inductive Learning.,"Datta, P. and Kibler, D.",,,(1992).,,,14.,,,,,,,73
712,Utilizing prior concepts for learning.,In Proceedings of the ML92 Workshop on Biases in Inductive Learning.,"Datta, P. and Kibler, D.",,,(1992).,,,14.,,,,,,,73
713,Utilizing prior concepts for learning. In Proceedings of the ML92 Workshop on Biases in Inductive Learning.,,"Datta, P. and Kibler, D.",,,(1992).,,,14.,,,,,,,73
714,Utilizing prior concepts for learning.,In Proceedings of the ML92 Workshop on Biases in Inductive Learning,"Datta, P. and Kibler, D.",,,(1992).,,,. 14.,,,,,,,73
715,"Learning prototypical concept descriptions,",in Proceedings of the Twelfth International Conference on Machine Learning.,"Datta, P. &amp; Kibler, D.","Los Altos, California.",,(1995).,,,,,"Morgan Kaufmann,",,,,,74
716,Learning Prototypical Concept Descriptions.,In Proceedings of the Twelfth International Conference on Machine 15 Learning.,"Datta, P. and Kibler, D.","Tahoe City, CA.",,(1995).,,,,,Morgan Kaufmann.,,,,,74
717,Learning Prototypical Concept Descriptions.,In Proceedings of the Twelfth International Conference on Machine Learning.,"Datta, P. and Kibler, D.","Tahoe City, CA.",,(1995).,,,,,Morgan Kaufmann.,,,,,74
718,Learning prototypical concept descriptions.,Proc. Twelfth International Conference on Machine Learning,"Datta, P., &amp; Kibler, D.","Tahoe City, CA:",,(1995).,,,,(pp. 158-166).,Morgan Kaufmann.,,,,,74
719,Learning prototypical concept descriptions.,Proc. Twelfth International Conference on Machine Learning,"Datta, P., &amp; Kibler, D.","Tahoe City, CA:",,(1995).,,,,(pp. 158-166).,Morgan Kaufmann.,,,,,74
720,Learning prototypical concept descriptions.,"In Proceedings of the Twelfth International Conference on Machine Learning,","Datta, P., and Kibler, D.","Tahoe City, CA:",,1995.,,,,158-166.,Morgan Kaufmann.,,,,,74
721,Learning prototypical concept descriptions.,"In Proceedings of the Twelfth International Conference on Machine Learning,",P. Datta and D. Kibler.,"Tahoe City, CA,",,1995.,,,16,"pages 158-166,",Morgan Kaufmann.,,,,,74
722,Exploring the episodic structure of algebra story problem solving.,,"Hall, R., Kibler, D., Wenger, E., &amp; Truxaw, C.",,,(1989a).,,"Cognition and instruction,","6,",223-283.,,,,,,75
723,Plateaus and plateau search in Boolean satisfiability problems: When to give up searching and start again.,"DIMACS Challenge on Satisfiability Testing,","Hampson, S. and Kibler, D.",,,(1993).,,,,,,,,,,76
724,Plateaus and plateau search in boolean satisfi-ability problems: When to give up searching and start again.,"Workshop Notes: 2nd DIMACS Challenge,",Steven Hampson and Dennis Kibler.,,,1993.,,,,,,,,,,76
725,Plateaus and plateau search in boolean satisfi-ability problems: When to give up searching and start again.,"Workshop Notes: 2nd DIMACS Challenge,",Steven Hampson and Dennis Kibler.,,,1993.,,,,,,,,,,76
726,Large plateaus and plateau search in boolean satisfia-bility problems: When to give up searching and start again.,"DIMACS Series in Discrete Mathematics and Theoretical Computer Science: Cliques, Colors and Satisfiability,","Hampson, D., &amp; Kibler, S.",,,(1995).,"In Johnson, D., &amp; Trick, M. (Eds.),",,"vol.26,",pp. 437-456.,American Mathematical Society.,,,,,76
727,Large plateaus and plateau search in boolean satisfia-bility problems: When to give up searching and start again.,"DIMACS Series in Discrete Mathematics and Theoretical Computer Science: Cliques, Colors and Satisfiability,","Hampson, D., &amp; Kibler, S.",,,(1995).,"In Johnson, D., &amp; Trick, M. (Eds.),",,"vol.26,",pp. 437-456.,American Mathematical Society.,,,,,76
728,Plateaus and plateau search in boolean satisfiability problems: When to give up searching and start again.,DIMACS Challenge,S. Hampson and D. Kibler.,,,1995.,,,,,,,,,Available by http://www.ics.uci.edu/~kibler/.,76
729,"&quot;Generation of Attributes for Learning Algorithms&quot;,","in Proceeding of the 13th National Conference on Artificial Intelligence,","Hu, Y. &amp; Kibler, D.",,,1996.,,,14,"p806--811,",,,,,,77
730,"&quot;Generation of Attributes for Learning Algorithms&quot;,","Proceedings of the Thirteenth National Conference on Artificial Intelligence (AAAI96),","Hu, Y., and Kibler, D.,","Portland, OR,",,1996.,,,,"p . 806-811,",,,,,,77
731,A Hybrid Genetic Algorithm for Classification.,"In Proceedings of The Twelfth International Joint Conference on Artificial Intelligence,","Kelly, J. D. &amp; Davis, L.",Sydney:,,(1991).,,,,645-650.,Morgan Kaufmann.,,,,,78
732,A Hybrid Genetic Algorithm for Classification.,"In Proceedings of The Twelfth International Joint Conference on Artificial Intelligence,","Kelly, J. D. &amp; Davis, L.",Sydney:,,(1991).,,,,645-650.,Morgan Kaufmann.,,,,,78
733,"(1978) Power, Efficiency, and Correctness of Transformation Systems . Ph.D.",,"Kibler, D.",,,,,,,,,"University of California, Irvine.",Thesis.,,,79
734,Don&apos;t Be Stupid.,"In Proceedings of IJCAI-81,",D. Kibler and P. Morris.,,,1981.,,,,,,,,,,80
735,Episodic learning.,In Proceedings of AAAI-83.,"Kibler, D., &amp; Porter, B.","Los Altos, CA:",,(1983).,,,,191-196.,Morgan-Kaufmann.,,,,,81
736,Natural generation of heuristics by transforming the problem representation.,,D. Kibler.,,,1985.,,,,,,"Computer Science Department, UC-Irvine,","Technical Report TR-85-20,",,,82
737,Machine learning as an experimental science.,"In Proceedings of 1988 European Working Session on Learning,",D. Kibler and P. Langley.,,,1988.,,,,"pages 81-92,",,,,,,83
738,Machine learning as an experimental science.,"In Proc. of 1988 Euro. Working Session on Learning,",D. Kibler and P. Langley.,,,1988.,,,,"pages 8192,",,,,,,83
739,Machine learning as an experimental science.,"In Proc. of 1988 Euro. Working Session on Learning,",D. Kibler and P. Langley.,,,1988.,,,,"pages 8192,",,,,,,83
740,Machine Learning as an Experimental Science.,"In Proc. of the Third European Working Session on Learning,","Kibler D. &amp; Langley, P.","Glasgow, UK.",,1988.,,,,"81-92,",,,,,,83
741,Machine Learning as an Experimental Science.,"In Proc. of the Third European Working Session on Learning,","Kibler D. &amp; Langley, P.","Glasgow, UK.",,1988.,,,,"81-92,",,,,,,83
742,Machine Learning as an Experimental Science.,"In Proceedings of the Third European Working Session on Learning,","Kibler D. &amp; Langley, P.","Glas-gow, UK.",,1988.,,,,"81-92,",,,,,,83
743,"Machine learning as an experimental science,","in &quot;Proceedings of the Third European Working Session on Learning&quot;,","Kibler, D. &amp; Langley, P.",,,"(1988),",,,,pp. 81-92.,"Pitman Publishing, London, UK,",,,,,83
744,"Machine learning as an experimental science,","in &quot;Proceedings of the Third European Working Session on Learning&quot;,","Kibler, D. &amp; Langley, P.",,,"(1988),",,,,pp. 81-92.,"Pitman Publishing, London, UK,",,,,,83
745,Machine Learning as an Experimental Science.,Proceedings of the Third European Working Session on Learning.,"Kibler, D. &amp; Langley, P.","Glasgow, Scotland:",,(1988).,,,,,Pitman.,,,,,83
746,Machine Learning as an Experimental Science.,Proceedings of the Third European Session on Machine Learning.,"Kibler, D. &amp; Langley, P.","London, UK:",,(1988).,,,,,Pitman.,,,,,83
747,Machine learning as an experimental science.,"In Proceedings of the Third European Working Session on Learning,","Kibler, D. &amp; Langley, P.","Glasgow, Scotland.",,(1988).,,,,,Pitman.,,,,,83
748,Machine learning as an experimental science.,"In Proceedings of the Third European Working Session on Learning,","Kibler, D. &amp; Langley, P.","Glasgow, Scotland.",,(1988).,,,,,Pitman.,,,,,83
749,Machine learning as an experimental science.,"In Proceedings of the Third European Working Session on Learning,","Kibler, D. &amp; Langley, P.","Glasgow, Scotland.",,(1988).,,,,,Pitman.,,,,,83
750,Machine learning as an experimental science.,"In Proceedings of the Third European Working Session on Learning,","Kibler, D. &amp; Langley, P.","Edinburgh, UK.",,(1988).,,,,"(pp. 1-12),",,,,,,83
751,Machine Learning as an Experimental Science.,,"Kibler, D. &amp; Langley P.",,,(1988).,,Machine Learning 3 (1).,,,,,,,,84
752,Machine Learning as an Experimental Science.,Proceedings of The Third European Session on L e a r n i n g,"Kibler, D., &amp; Langley, P.","Glasgo, Scotland:",,(1988).,"In D. Sleeman (Ed.),",,,(pp. 81-91,Pitman.,,,,,83
753,Machine learning as an experimental science.,In Proceedings of the Third European Working Session on Learning,"Kibler, D., &amp; Langley, P.","Glasgow, Scotland:",,(1988).,,,,(pp. 81-92).,Pitman.,,,,,83
754,Machine learning as an experimental science.,"In Proceedings of the Third European Working Session on Learning,","Kibler, D., &amp; Langley, P.","Edinburgh, UK.",,(1988).,,,,"pp. 1-12,",,,,,,83
755,Machine learning as an experimental science.,"In Proceedings of the Third European Working Session on Learning,","Kibler, D., &amp; Langley, P.","Edinburgh, UK.",,(1988).,,,,"pp. 1-12,",,,,,,83
756,Machine learning as an experimental science.,"In Proceedings of the Third European Working Session on Learning,","Kibler, D., &amp; Langley, P.","Edinburgh, UK.",,(1988).,,,,"pp. 1-12,",,,,,,83
757,Machine learning as an experimental science.,"In Proceedings of the Third European Working Session on Learning,","Kibler, D., &amp; Langley, P.","Edinburgh, UK.",,(1988).,,,,"pp. 1-12,",,,,,,83
758,Machine learning as an experimental science.,Proceedings of the Third Eu-ropean Working Session on Learning,"Kibler, D., &amp; Langley, P.",Glasgow:,,(1988).,,,,(pp. 81-92).,Pittman.,,,,,83
759,Machine learning as an experimental science.,Proceedings of the Third Euro-pean Working Session on Learning,"Kibler, D., &amp; Langley, P.",Glas-gow: Pittman.,,(1988).,,,,(pp. 81-92).,,,,,"Reprinted in J. W. Shavlik &amp; T. G. Di-etterich (Eds.), Readings in Machine Learning. Mor-gan Kaufmann.",83
760,Machine learning as an experimental science.,Proceedings of the Third Euro-pean Working Session on Learning,"Kibler, D., &amp; Langley, P.",Glas-gow: Pittman.,,(1988).,,,,(pp. 81-92).,,,,,Reprinted in J. W. Shavlik &amp; T. G. Di-etterich (Eds.),83
761,Machine learning as an experimental science.,Proceedings of the Third European Working Session on Learning,"Kibler, D., &amp; Langley, P.",Glasgow: Pittman.,,(1988).,,,,(pp. 81-92).,,,,,,83
762,Machine learning as an experimental science.,Proceedings of the Third European Working Session on Learning,"Kibler, D., &amp; Langley, P.",Glasgow: Pittman.,,(1988).,,,,(pp. 81-92).,,,,,,83
763,Machine learning as an experimental science.,Proceedings of the Third European Working Session on Learning,"Kibler, D., &amp; Langley, P.",Glasgow:  Pittman.,,(1988).,,,,(pp. 81-92).,,,,,,83
764,Machine learning as an experimental science.,Proceedings of the Third European Working Session on Learning,"Kibler, D., &amp; Langley, P.",Glasgow:  Pittman.,,(1988).,,,,(pp. 81-92).,,,,,,83
765,Machine learning as an experimental science.,Proceedings of the Third European Working Session on Learning,"Kibler, D., &amp; Langley, P.",Glasgow:  Pittman.,,(1988).,,,,(pp. 81-92).,,,,,,83
766,Machine learning as an experimental science.,Proceedings of the Third European Working Session on Learning,"Kibler, D., &amp; Langley, P.",Glasgow:  Pittman.,,(1988).,,,,(pp. 81-92).,,,,,,83
767,"Machine Learning as an Experimental Science, in:","Proceedings of the Third European Working Session on Learning,","D. Kibler and P. Langley, P.","Glasgow, UK,",,1988.,,,,81-92.,,,,,,83
768,Machine Learning As An Experimental Science.,Pro ceedings Of the Third Working Session On Learning,Dennis Kibler and Pat Langley.,,,(1989),,,,,,,,,,83
769,Machine Learning As An Experimental Science.,Proceedings Of the Third Working Session On Learning,Dennis Kibler and Pat Langley.,,,(1989),,,,,,,,,,83
770,Machine Learning As An Experimental Science.,Proc. 3rd Working Session On Learning (1989),D. Kibler &amp; P. Langley.,,,,,,,,,,,,,83
771,Machine Learning As An Experimental Science.,Proc. 3rd Working Session On Learning,D. Kibler &amp; P. Langley.,,,(1989),,,,,,,,,,83
772,Machine learning as an experimental science.,In Proceedings of the Third European Working Session on Learning.,Dennis Kibler and Pat Langley.,"San Mateo, CA.,",,1988.,,,,,"Pitman Publishing Ltd., London and Morgan Kaufman Publishing,",,,,Also appears in Readings in Machine Learning by Shavlik and Dietterich.,83
773,Machine learning as an experimental science.,In Proceedings of the Third European Working Session on Learning.,Dennis Kibler and Pat Langley.,"San Mateo, CA.,",,1988.,,,,,"Pitman Publishing Ltd., London and Morgan Kaufman Publishing,",,,,Also appears in Readings in Machine Learning by Shavlik and Dietterich.,83
774,The experimental study of machine learning.,,Pat Langley and Dennis Kibler.,,,1991.,,,,,,,,,"Unpublished paper,",85
775,The experimental study of machine learning.,,Pat Langley and Dennis Kibler.,,,1991.,,,,,,,,,"Unpublished paper,",85
776,Comparing Instance-Averaging with Instance-Filtering Learning Algorithms.,"In Proceedings of the 3rd European Working Session on Learning, EWSL88,","Kibler, D. and Aha, D.",,,(1988).,,,,pp. 63-88.,,,,,,86
777,Comparing instance-averaging with instance-filtering learning algorithms.,In Proceedings of the Third European Working Session on Learning,"Kibler, D., &amp; Aha, D. W.","Glasgow, Scotland:",,(1988).,,,,(pp. 63-80).,Pitman.,,,,,86
778,Comparing instance-averaging with instance-filtering learning algorithms.,In Proceedings of the Third European Working Session on Learning,"Kibler, D., &amp; Aha, D. W.","Glasgow, Scotland:",,(1988).,,,,(pp. 63-80).,Pitman.,,,,,86
779,Comparing instance-averaging with instance-filtering learn ing algorithms.,"In Proceedings of the Third European Working Session on Learning,",D. Kibler and D. Aha.,,,1988.,,,,"pages 68-80,",,,,,,86
780,Comparing instance-saving with instance-averaging learn ing algorithms.,Change of Representation and Inductive Bias.,D. Kibler and D. Aha.,"MA,",,1989.,"In D.P.Benjamin, editor,",,,,"Kluwer Academic Publisher, Norwell,",,,,,87
781,"Instance-based prediction of real-valued attributes,",,"D. Kibler, D.W. Aha, and M.K. Albert:",,,1989.,,"Computational Intelligence,","5,","51-57,",,,,,,88
782,"Instance-based prediction of real-valued attributes,",,"D. Kibler, D.W. Aha, and M.K. Albert:",,,1989.,,"Computational Intelligence,","5,","51-57,",,,,,,88
783,"Instance-based prediction of real-valued attributes,",,"Kibler, D., Aha, D.W., and M.K., Albert,",,,1989.,,"Computational Intelligence,","5,","pp. 51-57,",,,,,,88
784,Instance-based prediction of real-valued attributes.,,"Kibler, D. Aha, D. W. &amp; Albert, M.",,,(1989).,,"Computational Intelligence,","5,",51-57,,,,,,88
785,Instance-based learning algorithms.,,"D. Kibler, D. Aha, and M. K. Albert.",,,1991.,,"Machine Learning,","6(1),",,,,,,,68
786,Components of Learning in a reactive environment. In T.M.,,"Langley, P., Kibler, D. &amp; Granger, R.","Boston, MA:",,(1986).,"Mitchell, J.G. Carbonell &amp; R.S. Michalski (Eds.),",Machine Learning: A Guide to Current Research,,(pp 167-172).,Kluwer.,,,,,89
787,"&quot;Teleo-reactive programs for agent control&quot;,",,"Nilsson, N. J.",,,"(1994),",,"Journal of Artificial Intelligence Research 1,",,139 - 158.,,,,,,90
788,"&quot;Teleo-reactive programs for agent control&quot;,",,"Nilsson, N. J.",,,"(1994),",,"Journal of Artificial Intelligence Research 1,",,139 - 158.,,,,,,90
789,"&quot;Teleo-reactive programs for agent control&quot;,",,"Nilsson, N. J.",,,"(1994),",,"Journal of Artificial Intelligence Research 1,",,139 - 158.,,,,,,90
790,Paradigms of Artificial Intelligence Programming: Case Studies in Common Lisp.,,"Norvig, P.","San Mateo, CA.",,(1992).,,,,,"Morgan Kaufmann,",,,,,91
791,Paradigms of Artificial Intelligence Programming: Case Studies in Common Lisp.,,"Norvig, P.","San Mateo, CA.",,(1992).,,,,,"Morgan Kaufmann,",,,,,91
792,Paradigms of Artificial Intelligence Programming: Case Studies in Common Lisp.,,"Norvig, P.","San Mateo, CA.",,(1992).,,,,,"Morgan Kaufmann,",,,,,91
793,Paradigms of Artificial Intelligence Programming: Case Studies in Common Lisp.,,"Norvig, P.","San Mateo, CA.",,(1992).,,,,,"Morgan Kaufmann,",,,,,91
794,Flexibly exploiting prior knwledge in empirical learning.,IJCAI-95.,"Ortega, J., and Fisher, D.",,,1995.,,,,,,,,,,92
795,The utility of knowledge in inductive learning.,,"Pazzani, M. J., Kibler, D.",,,(1990).,,,,,,"Irvine, CA: University of California, Irvine, Department of Information and Computer Science.",(Technical Report no. 90-18).,,,93
796,The utility of knowledge in inductive learning,,"Pazzani, M., &amp; Kibler, D.","Irvine,",,(1990).,,,,,,"University of California,",(Technical Report 90-18).,,,93
797,The utility of knowledge in inductive learning,,"Pazzani, M., &amp; Kibler, D.","Irvine,CA:",,(1990).,,,,,,"University of California, Department of Information &amp; Computer Science.",(Technical Report No.   9018).,,,93
798,The utility of knowledge in inductive learning.,,Michael Pazzani and Dennis Kibler.,,,1992,,"Machine Learning,",(9),":57-94,",,,,,,94
799,"The Utility of Knowledge in Inductive Learning,",,"M. Pazzani &amp; D. Kibler,",,,"1992,",,"Machine Learning ,","9,",57-94.,,,,,,94
800,The utility of knowledge in inductive learning.,,Pazzani M. and Kibler D.,,,(1991).,,"Machine Learning,","9, 1,",57-94.,,,,,,94
801,The utility of knowledge in inductive learning.,,Pazzani M. and Kibler D.,,,(1991).,,"Machine Learning,","9, 1,",57-94.,,,,,,94
802,The utility of knowledge in inductive learning.,,"Pazzani, M. &amp; Kibler, D.","Boston, MA:",,(1992).,,Machine Learning,v. 9,1.,Kluwer Academic Publishers.,,,,,94
803,The utility of knowledge in inductive learning.,,"Pazzani, M. J., &amp; Kibler, D.",,,(1992).,,"Machine Learning,","9,",57-94.,,,,,,94
804,The utility of knowledge in inductive learning.,,"Pazzani, M. J., &amp; Kibler, D.",,,(1992).,,"Machine Learning,","9,",57-94.,,,,,,94
805,The utility of knowledge in inductive learning.,,"Pazzani, M. J., &amp; Kibler, D.",,,(1992).,,"Machine Learning,","9,",57-94.,,,,,,94
806,The utility of knowledge in inductive learning.,,"Pazzani, M. J., Kibler, D.","Boston, MA:",,(1992).,,"Machine Learning,","volume 9,",1.,Kluwer Academic Publishers.,,,,,94
807,The role of prior knowledge in inductive learning.,,"Pazzani, M., &amp; Kibler, D.",,,(1992).,,Machine Learning.,,,,,,,,94
808,The utility of background knowledge in inductive learning.,,"Pazzani, M., &amp; Kibler, D.",,,(1992).,,"Machine Learning,","9,",57-94.,,,,,,94
809,The utility of background knowledge in inductive learning.,,"Pazzani, M., &amp; Kibler, D.",,,(1992).,,"Machine Learning,","9,",57-94.,,,,,,94
810,The utility of background knowledge in inductive learning.,,"Pazzani, M., &amp; Kibler, D.",,,(1992).,,"Machine Learning,","9,",57-94.,,,,,,94
811,The utility of background knowledge in inductive learning.,,"Pazzani, M., &amp; Kibler, D.",,,(1992).,,"Machine Learning,","9,",57-94.,,,,,,94
812,The utility of knowledge in inductive learning .,,"Pazzani, M., &amp; Kibler, D.",,,(1992).,,"Machine Learning,","9,",57-94.,,,,,,94
813,The utility of knowledge in inductive learning.,,"Pazzani, M., &amp; Kibler, D.",,,(1992).,,"Machine Learning,","9 (1),",57-94.,,,,,,94
814,The utility of knowledge in inductive learning.,,"Pazzani, M., &amp; Kibler, D.",,,(1992).,,"Machine Learning,","9 (1),",57-94.,,,,,,94
815,The utility of knowledge in inductive learning.,,"Pazzani, M., &amp; Kibler, D.",,,(1992).,,"Machine Learning,",9 (1).,,,,,,,94
816,The utility of knowledge in inductive learning.,,"Pazzani, M., &amp; Kibler, D.",,,(1992).,,"Machine Learning,",9 (1).,,,,,,,94
817,The utility of knowledge in inductive learning.,,"Pazzani, M., &amp; Kibler, D.",,,(1992).,,"Machine Learning,",9 (1).,,,,,,,94
818,The utility of knowledge in inductive learning.,,"Pazzani, M., &amp; Kibler, D.",,,(1992).,,"Machine Learning,",9 (1).,,,,,,,94
819,The utility of knowledge in inductive learning.,,"Pazzani, M., &amp; Kibler, D.",,,(1992).,,"Machine Learning,","9,",(57-94).,,,,,,94
820,The utility of knowledge in inductive learning.,,"Pazzani, M., &amp; Kibler, D.",,,(1992).,,"Machine Learning,","9,",57-94.,,,,,,94
821,The utility of knowledge in inductive learning.,,"Pazzani, M., &amp; Kibler, D.",,,(1992).,,"Machine Learning,","9,",57-94.,,,,,,94
822,The utility of knowledge in inductive learning.,,"Pazzani, M., &amp; Kibler, D.",,,(1992).,,"Machine Learning,","9,",57-94.,,,,,,94
823,The utility of knowledge in inductive learning.,,"Pazzani, M., &amp; Kibler, D.",,,(1992).,,"Machine Learning,","9,",57-94.,,,,,,94
824,The utility of knowledge in inductive learning.,,"Pazzani, M., &amp; Kibler, D.",,,(1992).,,"Machine Learning,","9,",57-94.,,,,,,94
825,The utility of knowledge in inductive learning.,,"Pazzani, M., &amp; Kibler, D.",,,(1992).,,"Machine Learning,","9,",57-94.,,,,,,94
826,The utility of knowledge in inductive learning.,,"Pazzani, M., &amp; Kibler, D.",,,(1992).,,"Machine Learning,","9,",57-94.,,,,,,94
827,The utility of knowledge in inductive learning.,,"Pazzani, M., &amp; Kibler, D.",,,(1992).,,"Machine Learning,","9,",57-94.,,,,,,94
828,The utility of knowledge in inductive learning.,,"Pazzani, M., &amp; Kibler, D.",,,(1992).,,"Machine Learning,","9,",57-94.,,,,,,94
829,The utility of knowledge in inductive learning.,,"Pazzani, M., &amp; Kibler, D.",,,(1992).,,"Machine Learning,","9,",57-94.,,,,,,94
830,The utility of knowledge in inductive learning.,,"Pazzani, M., &amp; Kibler, D.",,,(1992).,,"Machine Learning,","9,",57-94.,,,,,,94
831,The utility of knowledge in inductive learning.,,"Pazzani, M., &amp; Kibler, D.",,,(1992).,,"Machine Learning,","9,",57-94.,,,,,,94
832,The utility of knowledge in inductive learning.,,"Pazzani, M., &amp; Kibler, D.",,,(1992).,,"Machine Learning,","9,",57-94.,,,,,,94
833,The utility of knowledge in inductive learning.,,"Pazzani, M., &amp; Kibler, D.",,,(1992).,,"Machine Learning,","9,",57-94.,,,,,,94
834,The utility of knowledge in inductive learning.,,"Pazzani, M., &amp; Kibler, D.",,,(1992).,,"Machine Learning,","9,",57-94.,,,,,,94
835,The utility of knowledge in inductive learning.,,"Pazzani, M., &amp; Kibler, D.",,,(1992).,,"Machine Learning,","9,",57-94.,,,,,,94
836,The utility of prior knowledge in inductive learning.,,"Pazzani, M., &amp; Kibler, D.",,,(1992).,,"Machine Learning,","9,",57-94.,,,,,,94
837,The utility of prior knowledge in inductive learning.,,"Pazzani, M., &amp; Kibler, D.",,,(1992).,,"Machine Learning,","9,",57-94.,,,,,,94
838,The utility of knowledge in inductive learning.,,"Pazzani, Michael and Kibler, Dennis 1992.",,,,,Machine Learning 9(1).,,,,,,,,94
839,The role of prior knowledge in inductive learning.,,"Pazzani, M. J. and Kibler, D.",,,,,"Ma chine Learning,","vol.9 (1992),",pp. 54-97.,,,,,,94
840,The utility of knowledge in inductive learning.,,M. Pazzani and D. Kibler.,,,1992.,,"Machine Learning,",9,":57-94,",,,,,,94
841,The utility of knowledge in inductive learning.,,M. Pazzani and D. Kibler.,,,1992.,,"Machine Learning,",9,":57-94,",,,,,,94
842,"&quot;The utility of knowledge in inductive learning,&quot;",,"M. Pazzani and D. Kibler,",,,"1991,",,"Machine Learning,","vol.9,",pp. 57-94.,,,,,,94
843,The utility of knowledge in inductive learning.,,M. Pazzani and D. Kibler.,,,", 1992.",,"Machine Learning,",9,57-94,,,,,,94
844,The utility of knowledge in inductive learning.,,Michael Pazzani and Dennis Kibler.,,,1992.,,"Machine Learning,",(9),":57-94,",,,,,,94
845,"&quot;The utility of knowledge in inductive learning,&quot;",,"M. Pazzani and D. Kibler,",,,1992.,,"Machine Learning,","vol.9,","pp. 57-94,",,,,,,94
846,"&quot;The utility of knowledge in inductive learning,&quot;",,"M. Pazzani and D. Kibler,",,,1992.,,"Machine Learning,","vol.9,","pp. 57-94,",,,,,,94
847,The utility of knowledge in inductive learning.,,Michael Pazzani and Dennis Kibler.,,,1992.,,"Machine Learning Journal,",,,,,,,,94
848,The utility of knowledge in inductive learning.,,M. Pazzani and D. Kibler.,,,1992.,,"Machine Learning,","9(1),",,,,,,,94
849,The utility of knowledge in inductive learning.,,Pazzani M. and Kibler D.,,,(1991).,,"Machine Learning,","9, 1,",57-94.,,,,,,94
850,Experimental goal regression: A method for learning problem-solving heuristics.,,"Porter, B. W., &amp; Kibler, D. F.",,,(1986).,,"Machine Learning,","1,",249-286.,,,,,,95
851,Experimental goal regression: A method for learning problem-solving heuristics.,,"Porter, B. W., &amp; Kibler, D. F.",,,(1986).,,"Machine Learning,","1,",249-286.,,,,,,95
852,Experimental goal regression: A method for learning problem-solving.,,"Porter, B. W., &amp; Kibler, D. F.",,,(1986).,,"Machine Learning,","1 (3),",249-285.,,,,,,95
853,Experimental goal regression: A method for learning problem-solving.,,"Porter, B. W., &amp; Kibler, D. F.",,,(1986).,,"Machine Learning,","1 (3),",249-285.,,,,,,95
854,Experimental goal regression: A method for learning problem-solving.,,"Porter, B. W., &amp; Kibler, D. F.",,,(1986).,,"Machine Learning,","1 (3),",249-285.,,,,,,95
855,Learning subgoal sequences for planning.,"In Proceedings of IJCAI-89,",D. Ruby and D. Kibler.,,,1989.,,,,"pages 609-614,",,,,,,96
856,Learning subgoal sequences for planning.,Proceedings of the Eleventh International Joint Conference on Artificial Intelligence .,"Ruby, D., &amp; Kibler, D.","Detroit, MI:",,(1989).,,,,(pp609-614).,Morgan Kauf-mann.,,,,,96
857,Learning subgoal sequences for planning.,In Proceedings of AAAI-91.,"Ruby, D., &amp; Kibler, D.",,,(1991).,,,,,AAAI Press.,,,,,97
858,Learning subgoal sequences for planning.,In Proceedings of AAAI-91.,"Ruby, D., &amp; Kibler, D.",,,(1991).,,,,,AAAI Press.,,,,,97
859,Learning subgoal sequences for planning.,In Proceedings of AAAI-91.,"Ruby, D., &amp; Kibler, D.",,,(1991).,,,,,AAAI Press.,,,,,97
860,SteppingStone: An empirical and analytical evaluation.,In Proceedings of the Ninth National Conference on Artificial Intelligence.,"Ruby, D., Kibler, D.","Menlo Park, CA:",,(1991).,,,,,AAAI Press/The Mit Press.,,,,,98
861,SteppingStone: An empirical and analytical evaluation.,Proceedings of the Ninth National Conference on Artificial Intelligence.,"Ruby, D., Kibler, D.","Los Altos, CA:",,(1991).,,,,,Morgan Kaufmann.,,,,,98
862,Learning episodes for optimization.,"In Machine Learning : proceedings of the Ninth International Workshop (ML92),","Ruby, D., and Kibler, D.",,,1992.,,,,379-384.,,,,,,99
863,Learning Episodes for Optimization.,"In Machine Learning : proceedings of the Ninth International Workshop (ML92),",David Ruby and Dennis Kibler.,,,1992.,,,,"pages 379-384,",,,,,,99
864,Learning Episodes for Optimization.,"In Machine Learning : proceedings of the Ninth International Workshop (ML92),",David Ruby and Dennis Kibler.,,,1992.,,,,"pages 379-384,",,,,,,99
865,Learning episodes for optimization.,"In Machine Learning : proceedings of the Ninth International Workshop (ML92),",David Ruby and Dennis Kibler.,,,1992.,,,,"pages 379-384,",,,,,,99
866,Learning episodes for optimization.,"Proceedings of the Ninth International Conference on Machine Learning,","Rudy, D., Kibler, D.",,,(1992).,,,,,Morgan Kaufmann.,,,,,99
867,Smalltalk with Style.,,"Suzanne Skiblics, Edward J. Klimas, and David A. Thomas.",,,1996.,,,,,"Prentice-Hall,",,,,,100
868,"The Irvine Program Transformation Catalogue,",,"T. A. Standish, D. C. Harriman, D. F. Kibler, and J. M. Neighbors,",,,1976.,,,,,,"Department of Information and Computer Science, University of California, Irvine,",,,,101
869,Instance-based prediction of continuous values.,AAAI Workshop on Case-based Reasoning.,"Townsend-Webber, T. &amp; Kibler, D.",,,(1994).,,,,,,,,,,102
870,Instance-based prediction of continuous values.,Proceedings of the 1994 AAAI Workshop on Case-Based Reasoning,"Townsend-Weber, T., &amp; Kibler, D.","Seattle, WA:",,(1994).,,,,(pp. 30-35).,AAAI.,,,,,102
871,Instance-based prediction of continuous values.,Proceedings of the 1994 AAAI Workshop on Case-Based Reasoning,"Townsend-Weber, T., &amp; Kibler, D.","Seattle, WA:",,(1994).,,,,(pp. 30-35).,AAAI.,,,,,102
872,Instance-based prediction of continuous values.,Working Notes of the AAAI94 Workshop on Case-Based Reasoning,"Townsend-Weber, T., &amp; Kibler, D.","Seattle, WA:",,(1994).,,,,(pp. 30-35).,AAAI Press.,,,,,102
873,Instance-based prediction of continuous values.,Working Notes of the AAAI94 Workshop on Case-Based Reasoning,"Townsend-Weber, T., &amp; Kibler, D.","Seattle, WA:",,(1994).,,,,pp.30-35.,AAAI Press.,,,,,102
874,Instance-based prediction of continuous values.,Working Notes of the AAAI94 Workshop on Case-Based Reasoning,"Townsend-Weber, T., &amp; Kibler, D.","Seattle, WA:",,(1994).,,,,pp. 30-35,AAAI Press.,,,,,102
875,Instance-based prediction of continuous values.,Working Notes of the AAAI94 Workshop on Case-Based Reasoning,"Townsend-Weber, T., &amp; Kibler, D.","Seattle, WA:",,(1994).,,,,pp. 30-35,AAAI Press.,,,,,102
876,Instance-based prediction of continuous values.,Working Notes of the AAAI94 Workshop on Case-Based Reasoning,"Townsend-Weber, T., &amp; Kibler, D.","Seattle, WA:",,(1994).,,,,pp. 30-35,AAAI Press.,,,,,102
877,Instance-based prediction of continuous values.,Working Notes of the AAAI94 Workshop on Case-Based Reasoning,"Townsend-Weber, T., &amp; Kibler, D.","Seattle, WA:",,(1994).,,,,pp. 30-35,AAAI Press.,,,,,102
878,Instance-based prediction of continuous values.,Case-Based Reasoning: Papers from the 1994 Workshop,"Townsend-Weber, T., &amp; Kibler, D.","Menlo Park, CA:",,(1994).,"In D. W. Aha (Ed.),",,,,AAAI Press.,,(Technical Report WS-94-01).,,,102
879,Instance-based prediction of continuous values.,Case-Based Reasoning: Papers from the 1994 Workshop,"Townsend-Weber, T., &amp; Kibler, D.","Menlo Park, CA:",,(1994).,"In D. W. Aha (Ed.),",,,,AAAI Press.,,(Technical Report WS-94-01).,,,102
880,Learning Representative Exemplars of Concepts: An Initial Case Study.,"In Proceedings of the Fourth International Conference on Machine Learning,","Aha, D. and Kibler, D.","U. C. Irvine,  CA,",,1987.,,,,"pages 24-30,",Morgan Kaufmann.,,,,,65
881,Learning Representative Exemplars of Concepts: An Initial Case Study.,"In Proceedings of the Fourth International Conference on Machine Learning,","Aha, D. and Kibler, D.","U. C. Irvine,  CA,",,1987.,,,,"pages 24-30,",Morgan Kaufmann.,,,,,65
882,Learning Representative Exemplars of Concepts: An Initial Case Study.,"In Proceedings of the Fourth International Conference on Machine Learning,","Aha, D. and Kibler, D.","U. C. Irvine,  CA,",,1987.,,,,"pages 24-30,",Morgan Kaufmann.,,,,,65
883,Learning representative exemplars of concepts: An initial case study.,"In Proceedings of the Fourth International Workshop on Machine Learning,",D. Kibler and D. W. Aha.,"Irvine, CA,",,1987.,,,,"pages 24-30,",Morgan Kaufmann.,,,,,65
884,Learning representative examples of concepts: an initial case study.,"Proceedings of the Fourth International Workshop on Machine Learning,","D. Kibler and D.W. Aha,","Irvine, CA:",,,,,,24-30.,"Morgan Kaufmann,",,,,,65
885,"Learning representative exemplars of concepts: an initial case study. In P. Langley, editor,","Proc. 4th International Workshop on Machine Learning,",Dennis Kibler and David W. Aha.,"Ca,",,1987.,,,,,"Kaufmann,",,,,,65
886,"Comparing Instance Averaging and Instance Filtering Learning Algorithms,","Proceedings of 3rd European Working Session on Learning,","D. Kibler and D. W. Aha,",,,1988,,,,,"Pitman,",,,,,86
887,"Comparing Instance Averaging and Instance Filtering Learning Algorithms,","Proceedings of 3rd European Working Session on Learning,","D. Kibler and D. W. Aha,",,,1988,,,,,"Pitman,",,,,,86
888,"Comparing Instance Averaging and Instance Filtering Learning Algorithms,","Proceedings of 3rd European Working Session on Learning,","D. Kibler and D. W. Aha,",,,1988,,,,,"Pitman,",,,,,86
889,"Comparing Instance Averaging and Instance Filtering Learning Algorithms,","Proceedings of 3rd European Working Session on Learning,","D. Kibler and D. W. Aha,",,,1988,,,,,"Pitman,",,,,,86
890,Instance-Based Learning Algorithms.,,"D. Aha, D. Kibler, and M. Albert.",,,1991.,,"Machine Learning,",6(1),"37-66,",,,,,,68
891,Instance-Based Learning Algorithms.,,"D. Aha, D. Kibler, and M. Albert.",,,1991.,,"Machine Learning,",6(1),"37-66,",,,,,,68
892,Instance-Based Learning Algorithms.,,"D. Aha, D. Kibler, and M. Albert.",,,1991.,,"Machine Learning,",6(1),"37-66,",,,,,,68
893,Instance-based learning algorithms.,,"D.W. Aha, D. Kibler, and M.K. Albert.",,,1991.,,"Machine Learning,",6,"37-66,",,,,,,68
894,Instance-based learning algorithms.,,"D. W. Aha, D. Kibler, and M. K. Albert.",,,1991.,,"Machine Learning,",6,"37-66,",,,,,,68
895,Instance-based learning algorithms.,,"David W. Aha, Dennis Kibler, and Mark K. Albert.",,,1991.,,"Machine Learning,",6,"37-66,",,,,,,68
896,Instance-based learning algorithms.,,"David W. Aha, Dennis Kibler, and Mark K. Albert.",,,1991.,,"Machine Learning,",6,"37-66,",,,,,,68
897,Instance-based learning algorithms.,,"Aha, D. W., D. Kibler, and M. Albert.",,,1991.,,"Machine Learning,",7,37-66.,,,,,,68
898,Instance-based learning algorithms.,,"Aha, D. W., D. Kibler, and M. K. Albert.",,,1991.,,Machine Learning,6:,37-66.,,,,,,68
899,Instance-based learning algorithms.,,"Aha, D. W., D. Kibler, and M. K. Albert.",,,1991.,,Machine Learning,6:,37-66.,,,,,,68
900,Instance-Based Learning Algorithms.,,"Aha, D. W., Kibler, D. &amp; Albert, M. K.",,,(1991).,,"Machine Learning,",6,37-66.,,,,,,68
901,Instance-Based Learning Algorithms.,,"Aha, D. W., Kibler, D. &amp; Albert, M. K.",,,(1991).,,"Machine Learning,",6,37-66.,,,,,,68
902,Instance-based learning algorithms.,,"Aha, D. W., Kibler, D., and Albert, M. K.",,,(1991).,,"Machine Learning,",6,37-66.,,,,,,68
903,Instance-based learning algorithms.,,"Aha, D. W., Kibler, D., and Albert, M. K.",,,(1991).,,"Machine Learning,",6,37-66.,,,,,,68
904,Instance-based learning algorithms.,,"Aha, D. W., Kibler, D., and Albert, M. K.",,,(1991).,,"Machine Learning,",6(1),37-66.,,,,,,68
905,Instance-based learning algorithms.,,"Aha, D. W., Kibler, D., and Albert, M. K.",,,(1991).,,"Machine Learning,",6(1),37-66.,,,,,,68
906,Instance-based learning algorithms.,,"Aha, D. W., Kibler, D., and Albert, M. K.",,,(1991).,,"Machine Learning,",6(1),37-66.,,,,,,68
907,Instance-based learning algorithms.,,"Aha, D. W., Kibler, D., and Albert, M. K.",,,(1991).,,"Machine Learning,","6,",37-66.,,,,,,68
908,Instance-based learning algorithms.,,"Aha, D. W., Kibler, D., and Albert, M. K.",,,1991.,,"Machine Learning,",6(1),37-66.,,,,,,68
909,Instance-based learning algorithms.,,"Aha, D. W., Kibler, D., and Albert, M. K.",,,1991.,,"Machine Learning,",6(1),37-66.,,,,,,68
910,Instance-based learning algorithms.,,"Aha, D. W., Kibler, D., and Albert, M. K.",,,1991.,,"Machine Learning,",6(1),37-66.,,,,,,68
911,Instance-based Learning Algorithms.,,"Aha, D. W.; Kibler, D.; and Albert, M. K.",,,1991.,,Machine Learning,6,37-66.,,,,,,68
912,Instance-based learning algorithms.,,"Aha, D. W.; Kibler, D.; and Albert, M. K.",,,1991.,,Machine Learning,6,37-66.,,,,,,68
913,Instance-based learning algorithms.,,"Aha, D. W.; Kibler, D.; and Albert, M. K.",,,1991.,,Machine Learning,6,37-66.,,,,,,68
914,Instance-based learning algorithms.,,"Aha, D. W.; Kibler, D.; and Albert, M. K.",,,1991.,,Machine Learning,6,37-66.,,,,,,68
915,Instance-based learning algorithms.,,"Aha, D. W.; Kibler, D.; and Albert, M. K.",,,1991.,,Machine Learning,6,37-66.,,,,,,68
916,Instance-based learning algorithms.,,"Aha, D. W.; Kibler, D.; and Albert, M. K.",,,1991.,,Machine Learning,6(1),37-66.,,,,,,68
917,Instance-based learning algorithms.,,"Aha, D. W.; Kibler, D.; and Albert, M. K.",,,1991.,,Machine Learning,6(1),37-66.,,,,,,68
918,Instance-based learning algorithms.,,"Aha, D. W.; Kibler, D.; and Albert, M. K.",,,1991.,,Machine Learning,6(1),37-66.,,,,,,68
919,Instance-based learning algorithms.,,"Aha, D. W.; Kibler, D.; and, Albert, M. K.",,,1991.,,Mac hine Learning,6:,37-66.,,,,,,68
920,Instance-based learning algorithms.,,"Aha, D., D. Kibler, and M. Albert.",,,1991.,,"Machine Learning,",6,37-66.,,,,,,68
921,Instance-Based Learning Algorithms.,,"Aha, D., Kibler, D. and Albert, M.",,,1991.,,Machine Learning,6,37-66.,,,,,,68
922,Instance-based learning algorithms.,,"Aha, D., Kibler, D., &amp; Albert, M.",,,(1991).,,"Machine Learning,","6 (1),",37-66.,,,,,,68
923,Instance-based learning algorithms.,,"Aha, D., Kibler, D., &amp; Albert, M.",,,(1991).,,"Machine Learning,",6,37-66.,,,,,,68
924,Instance-based learning algorithms.,,"Aha, D., Kibler, D., &amp; Albert, M.",,,(1991).,,"Machine Learning,",6,37-66.,,,,,,68
925,Instance-based learning algorithms.,,"Aha, D., Kibler, D., &amp; Albert, M.",,,(1991).,,"Machine Learning,",6,37-66.,,,,,,68
926,Instance-Based Learning Algorithms.,,"Aha, D., Kibler, D., and Albert, M.",,,(1991),,"Machine Learning,",6,37-66.,,,,,,68
927,Instance-Based Learning Algorithms.,,"Aha, D., Kibler, D., and Albert, M.",,,(1991),,"Machine Learning,",6,37-66.,,,,,,68
928,Instance-based learning algorithms.,,"Aha, D., Kibler, D., and Albert, M.",,,(1991).,,"Machine Learning,",6,37-66.,,,,,,68
929,Instance-based learning algorithms.,,"Aha, D., Kibler, D., and Albert, M.",,,(1991).,,"Machine Learning,",6(1),37-66.,,,,,,68
930,Instance-based learning algorithms.,,"Aha, D., Kibler, D., and Albert, M.",,,(1991).,,"Machine Learning,",7,37-66.,,,,,,68
931,Instance-based learning algorithms.,,"Aha, D.; Kibler, D.; and Albert, M.",,,1991.,,Machine Learning,6,37-66.,,,,,,68
932,Instance-based learning algorithms.,,"Aha, D.; Kibler, D.; and Albert, M.",,,1991.,,Machine Learning,6,37-66.,,,,,,68
933,"Instance-based learning algorithms,",,"Aha, D.W., Kibler, D., &amp; Albert, M.K.",,,(1991),,"Machine Learning,",6,37-66.,,,,,,68
934,"Instance-based learning algorithms,",,"Aha, D.W., Kibler, D., &amp; Albert, M.K.",,,(1991),,"Machine Learning,",6,37-66.,,,,,,68
935,Instance-based learning algorithms.,,"Aha, D.W.; Kibler, D.; and Albert, M.K.",,,1991.,,Machine Learning,6,37-66.,,,,,,68
936,(1991) Instance-based learning algorithms.,,"D. W. Aha, D. Kibler &amp; M. K. Albert.",,,,,Machine Learning,6(1),37-66.,,,,,,68
937,Instance-based learning algorithms.,,"D. W. Aha, D. Kibler &amp; M. K. Albert.",,,(1991),,Machine Learning,6(1),37-66.,,,,,,68
938,Instance-based learning algorithms.,,"David W. Aha, Dennis Kibler, and M. K. Albert.",,,1991.,,"Machine Learning,",6,37-66.,,,,,,68
939,Instance-based learning algorithms.,,"Aha, D., Kibler, D., and Albert, M.",,,(1991),,"Machine Learning,",6:,37-66.,,,,,,68
940,Instance-based Learning Algorithms.,,"Aha, D. W.; Kibler, D.; and Albert, M. K.",,,1991.,,Machine Learning,6,37-66.,,,,,,68
941,Instance-based learning algorithms.,,"Aha, D. W.; Kibler, D.; and Albert, M. K.",,,1991.,,Machine Learning,6,37-66.,,,,,,68
942,Instance-based learning algorithms.,,"D Aha, D Kibler, and M Albert.",,,1991.,,"Machine Learning,",6,"37-66,",,,,,,68
943,Instance-based learning algorithms.,,"D W Aha, D Kibler, and M K Albert.",,,1991.,,"Machine Learning,",6,"37-66,",,,,,,68
944,Instance-based learning algorithms.,,"D. Aha, D. Kibler, and M. Albert.",,,1991.,,"Machine Learning,",6(1),"37-66,",,,,,,68
945,Instance-based learning algorithms.,,"D. Aha, D. Kibler, and M. Albert.",,,1991.,,"Machine Learning,",6(1),"37-66,",,,,,,68
946,Instance-based learning algorithms.,,"D. W. Aha, D. Kibler, and M. K. Albert.",,,1991.,,"Machine Learning,",6,"37-66,",,,,,,68
947,Instance-based learning algorithms.,,"D. W. Aha, D. Kibler, and M. K. Albert.",,,1991.,,"Machine Learning,",6,"37-66,",,,,,,68
948,Instance-based learning algorithms.,,"D. W. Aha, D. Kibler, and M. K. Albert.",,,1991.,,"Machine Learning,",6,"37-66,",,,,,,68
949,Instance-based learning algorithms.,,"D. W. Aha, D. Kibler, and M. K. Albert.",,,1991.,,"Machine Learning,",6,"37-66,",,,,,,68
950,Instance-based learning algorithms.,,"D. W. Aha, D. Kibler, and M. K. Albert.",,,1991.,,"Machine Learning,",6,"37-66,",,,,,,68
951,Instance-based learning algorithms.,,"D. W. Aha, D. Kibler, and M. K. Albert.",,,1991.,,"Machine Learning,",6,"37-66,",,,,,,68
952,Instance-based learning algorithms.,,"D. W. Aha, D. Kibler, and M. K. Albert.",,,1991.,,"Machine Learning,",6,"37-66,",,,,,,68
953,Instance-based learning algorithms.,,"D. W. Aha, D. Kibler, and M. K. Albert.",,,1991.,,"Machine Learning,",6,"37-66,",,,,,,68
954,Instance-based learning algorithms.,,"D. W. Aha, D. Kibler, and M. K. Albert.",,,1991.,,"Machine Learning,",6(1),"37-66,",,,,,,68
955,Instance-based learning algorithms.,,"D. W. Aha, D. Kibler, and M. K. Albert.",,,1991.,,"Machine Learning,",6(1),"37-66,",,,,,,68
956,Instancebased learning algorithms.,,"D. W. Aha, D. Kibler, and M. K. Albert.",,,1991.,,"Machine Learning,",6(1),"37-66,",,,,,,68
957,Instance-based learning algorithms.,,"D.W. Aha, D. Kibler, and M.K. Albert.",,,1991.,,"Machine Learning,",6,"37-66,",,,,,,68
958,Instance-based learning algorithms.,,"D.W. Aha, D. Kibler, and M.K. Albert.",,,1991.,,"Machine Learning,",6,"37-66,",,,,,,68
959,Instance-based learning algorithms.,,"D.W. Aha, D. Kibler, and M.K. Albert.",,,1991.,,"Machine Learning,",6,"37-66,",,,,,,68
960,Instance-based learning algorithms.,,"David W. Aha, Dennis Kibler, and Marc K. Albert.",,,1991.,,"Machine Learning,",6(1),"37-66,",,,,,,68
961,Instance-based learning algorithms.,,"David W. Aha, Dennis Kibler, and Marc K. Albert.",,,1991.,,"Machine Learning,",6(1),"37-66,",,,,,,68
962,Instance-based learning algorithms.,,"David W. Aha, Dennis Kibler, and Marc K. Albert.",,,1991.,,"Machine Learning,",6(1),"37-66,",,,,,,68
963,Instance-based learning algorithms.,,"D. W. Aha, D. Kibler, and M. Albert.",,,1991.,,"Machine Learning,",6:,"37 -66,",,,,,,68
964,Instance-Based Learning Algorithms.,,"D. W. Aha, D. Kibler, and M. K. Albert.",,,1991.,,"Machine Learning,",6(1),"37-66,",,,,,,68
965,Instance-Based Learning Algorithms.,,"D. W. Aha, D. Kibler, and M. K. Albert.",,,1991.,,"Machine Learning,",6(1),"37-66,",,,,,,68
966,Instance-based learning algorithms.,,"D. W. Aha, D. Kibler, and M. K. Albert.",,,1991.,,"Machine Learning,",6,"37-66,",,,,,,68
967,Instance-based learning algorithms.,,"D. W. Aha, D. Kibler, and M. K. Albert.",,,1991.,,"Machine Learning,",6,"37-66,",,,,,,68
968,. Instance-Based Learning Algorithms.,,"D.W. Aha, D. Kibler and M.K. Albert",,,(1991),,"Machine Learning,",6,37-66.,,,,,,68
969,Noise-tolerant instance-based learning algorithms.,,D. Aha and D. Kibler.,,,1991.,,"Machine Learning,",8:,"794-799,",,,,,,66
970,Instance-based learning algorithms.,,"D. W. Aha, D. Kibler, and M. K. Albert.",,,1991.,,"Machine Learning,",6(1),"37-66,",,,,,,68
971,Instance-based learning algorithms.,,"D. W. Aha, D. Kibler, and M. K. Albert.",,,1991.,,"Machine Learning,",6(1),"37-66,",,,,,,68
972,Instance-based learning algorithms.,,"D. W. Aha, D. Kibler, and M. K. Albert.",,,1991.,,"Machine Learning,",6,"37-66,",,,,,,68
973,Instance-based learning algorithms.,,"D. W. Aha, D. Kibler, and M. K. Albert.",,,1991.,,"Machine Learning,",6(1),"37-66,",,,,,,68
974,Instance-based learning algorithms.,,"D. W. Aha, D. Kibler, and M. K. Albert.",,,1991.,,"Machine Learning,",6(1),"37-66,",,,,,,68
975,Instance-based learning algorithms.,,"David W. Aha, Dennis Kibler, and Marc K. Albert.",,,1991.,,"Machine Learning,",6(1),"37-66,",,,,,,68
976,Instance-based learning algorithms.,,"D W Aha, D Kibler, and M K Albert.",,,1991.,,"Machine Learning,",6,"37-66,",,,,,,68
977,Instance-based learning algorithms.,,"D. Aha, D. Kibler, and M. Albert.",,,1991.,,"Machine Learning,",6:,"37-66,",,,,,,68
978,Instance-based learning algorithms.,,"D. W. Aha, D. Kibler, and J. K. Albert.",,,1991.,,"Machine Learning,",6(1),"37-66,",,,,,,68
979,Instance-based learning algorithms.,,"D. W. Aha, D. Kibler, and M. K. Albert.",,,1991.,,"Machine Learning,",6(1),"37-66,",,,,,,68
980,Instance-based learning algorithms.,,"D. W. Aha, D. Kibler, and M. K. Albert.",,,1991.,,"Machine Learning,",6(1),"37-66,",,,,,,68
981,Instance-based learning algorithms.,,"D. W. Aha, D. Kibler, and M. K. Albert.",,,1991.,,"Machine Learning,",6(1),"37-66,",,,,,,68
982,Instance-based learning algorithms.,,"D. W. Aha, D. Kibler, and M. K. Albert.",,,1991.,,"Machine Learning,",6(1),"37-66,",,,,,,68
983,Instance-based learning algorithms.,,"D. W. Aha, D. Kibler, and M. K. Albert.",,,1991.,,"Machine Learning,",6(1),"37-66,",,,,,,68
984,Instance-based learning algorithms.,,"D. W. Aha, D. Kibler, and M. K. Albert.",,,1991.,,"Machine Learning,",6(1),"37-66,",,,,,,68
985,Instance-based learning algorithms.,,"David W. Aha, Dennis Kibler, and Marc K. Albert.",,,1991.,,"Machine Learning,",6,"37-66,",,,,,,68
986,Instance-based learning algorithms.,,"David W. Aha, Dennis Kibler, and Marc K. Albert.",,,1991.,,"Machine Learning,",6(1),"37-66,",,,,,,68
987,"&quot;Instance-Based Learning Algorithms,&quot;",,"Aha, D., Kibler, D., and Albert, M.,",,,1991.,,"Machine Learning,","6,","37-66,",,,,,,68
988,Instance-Based Learning Algorithms.,,"Aha, D., Kibler, D., and Albert, M.",,,1991.,,"Machine Learning,",6(1),"37-66,",,,,,,68
989,Instance-Based Learning Algorithms.,,"Aha, D., Kibler, D., and Albert, M.",,,1991.,,"Machine Learning,",6(1),"37-66,",,,,,,68
990,Instance-Based Learning Algorithms.,,"Aha, D., Kibler, D., and Albert, M.",,,1991.,,"Machine Learning,",6(1),"37-66,",,,,,,68
991,Instance-Based Learning Algorithms.,,"D. Aha, D. Kibler and M. Albert.",,,1991.,,"Machine Learning,","6,","37-66,",,,,,,68
992,Instance-based learning algorithms.,,"D. Aha, D. Kibler, and M. Albert.",,,1991.,,"Machine Learning,",6,"37-66,",,,,,,68
993,Instance-based learning algorithms.,,"D. W. Aha, D. Kibler, and M. K. Al-bert.",,,1991.,,"Machine Learning,",6,"37-66,",,,,,,68
994,Instance-based learning algorithms.,,"D. W. Aha, D. Kibler, and M. K. Al-bert.",,,1991.,,"Machine Learning,",6,"37-66,",,,,,,68
995,Instance-based learning algorithms.,,"D. W. Aha, D. Kibler, and M. K. Albert.",,,1991.,,"Machine Learning,",6,"37-66,",,,,,,68
996,Instance-based learning algorithms.,,"D. W. Aha, D. Kibler, and M. K. Albert.",,,1991.,,"Machine Learning,",6,"37-66,",,,,,,68
997,Instance-based learning algorithms.,,"D. W. Aha, D. Kibler, and M. K. Albert.",,,1991.,,"Machine Learning,",6,"37-66,",,,,,,68
998,Instance-based learning algorithms.,,"David W. Aha, Dennis Kibler, and Marc K. Albert.",,,1991.,,"Machine Learning,","6(1),",,,,,,,68
999,Instance-based learning algorithms.,,"David W. Aha, Dennis Kibler, and Mark K. Albert.",,,1991.,,"Machine Learning,",6,"37-66,",,,,,,68
1000,Instance-based learning algorithms.,,"David W. Aha, Dennis Kibler, and Mark K. Albert.",,,1991.,,"Machine Learning,",6,"37-66,",,,,,,68
1001,Instance-based learning algorithms.,,"D. W. Aha, D. Kibler, and M. K. Albert.",,,1991.,,"Machine Learning,",6,"37-66,",,,,,,68
1002,"Instance-based learning algorithms,",,"D.W. Aha, D. Kibler, and M.K. Albert,",,,1991.,,"Machine Learning,","6,","37-66,",,,,,,68
1003,Instance-based learning algorithms.,,"D.W. Aha, D. Kibler, and M.K. Albert,",,,,,"Machine Learning,","6,",37-66.,,,,,,68
1004,Instance-based learning algorithms.,,"Aha, D., Kibler, D., &amp; Albert, M.",,,(1991).,,"Machine Learning,","6,",37-66.,,,,,,68
1005,Instance-based learning algorithms.,,"D. Aha, D. Kibler, and M. Albert.",,,1991.,,"Machine Learning,","6: 3766,",,,,,,,68
1006,Parallelism in AI Programs.,,"Kibler, D. and Conery, J.",,,,,,,,,"Irvine Computational Intelligence Project, Information and Computer Science Department, University of California, Irvine.","Technical report,",,,103
1007,AND parallelism in logic programs.,"In Proceedings of International Joint Conference on Artificial Intelligence,",John S. Conery and Dennis F. Kibler.,"Karlsruhe, Germany,",,1983.,,,,"pages 539-543,","William Kaufmann, Los Altos.",,,,,104
1008,And parallelism and nondeterminism in logic programs.,,J.S. Conery and D.F. Kibler.,,,1985.,,"New Generation Computing,",3,"43-70,",,,,,,105
1009,Parallelism in ai programs.,"In Proceedings of International Joint Conference on Artificial Intelligence,",J. S. Conery and D. F. Kibler.,,,1985.,,,,"pages 53-56,",,,,,,106
1010,And parallelism and nondeterminism in logic programs.,,J.S. Conery and D.F. Kibler.,,,1985.,,"New Generation Computing,",3,"43-70,",,,,,,105
1011,"Instance-based Learning Methods,",,"Aha DW, Kibler D, Albert MK.",,,1991;,,Machine Learning,6:,37-66.,,,,,,68
1012,Don&apos;t be stupid.,"In Proceedings of the Seventh International Joint Conference on Artificial Intelligence,",D. Kibler and P. Morris.,,,1981.,,,,"pages 345-347,",,,,,,80
1013,Natural generation of heuristics by transforming the problem representation.,,Dennis Kibler.,,,1985.,,,,,,"Department of Computer Science, University of California at Irvine,","Technical Report TR-85-20,",,,82
1014,Natural Generation of Heuristics by Transforming the the Problem Representation.,,"Kibler, D.",,,1985.,,,,,,"University of California, Irvine, CA,","Technical Report TR-85-20,",,,82
1015,Experimental goal regression: A method for learning problem-solving heuristics.,,B. Porter and D. Kibler.,,,1986.,,"Machine Learning,",1,"249-286,",,,,,,95
1016,Learning representative exemplars of concepts: An initial case study.,"In Proc. of the 4 th International Workshop on Machine Learning,","Kibler, D. and Aha, D.","Irvine, CA.",,(1987).,,,,"pages 24-30,",,,,,,65
1017,Learning representative exemplars of concepts: An initial case study.,"In Proceedings of the 4 th International Workshop on Machine Learning,",Dennis Kibler and David W. Aha.,"Irvine, CA,",,1987.,,,,,,,,,,65
1018,Learning representative exemplars of concepts: An initial case study.,"In Proceedings of the 4 th International Workshop on Machine Learning,",Dennis Kibler and David W. Aha.,"Irvine, CA,",,1987.,,,,,,,,,,65
1019,Machine Learning as an Experimental Science.,,"Kibler, D. and Langley, P.,","Glasgow, UK.",,1988.,"editor,In Sleeman, D.,",,,"pages 81-92,","Turing Institute, Pitman.",,,,,83
1020,Machine learning as an experimental science.,,"Kibler, D., and Langley, P.",,,(1988).,,"Machine Learning,","3(1),",5-8.,,,,,,84
1021,"Machine Learning as an Experimental Science,",,"Kibler D., Langley P.:",,,1988.,,"Machine Learning,","3(1),","5-8,",,,,,,84
1022,Machine Learning as an Experimental Science.,"In Proceedings of the Third European Working Session on Learning,","Kibler, D. and Langley, P.","Glasgow, Scotland,",,1988.,,,,,"Pitman,",,,,,83
1023,Instance-based prediction of real-valued attributes.,,"Kibler, D. and Aha, D. W.",,,(1989).,,"Computational Intelligence,",5(2),51-57.,,,,,,88
1024,Instance-based prediction of real-valued attributes.,,"Kibler, D. and Aha, D. W.",,,(1989).,,"Computational Intelligence,",5(2),51-57.,,,,,,88
1025,Instance-based prediction of real-valued attributes.,,"Kibler, D., Aha, D. W., and Albert, M.",,,(1989).,,"Computational Intelligence,",5,51-57.,,,,,,88
1026,"Instance-based prediction of real-valued attributes,",,"Kibler, D., Aha, D.W., &amp; Albert, M.K.",,,(1989),,"Computational Intelligence,",5,51-57.,,,,,,88
1027,"Instance-based prediction of real-valued attributes,",,"Kibler, D., Aha, D.W., &amp; Albert, M.K.",,,(1989),,"Computational Intelligence,",5,51-57.,,,,,,88
1028,Instance-Based Prediction of Real-Valued Attributes.,,"D. Kibler, D. W. Aha, and M. K. Albert.",,,1989.,,"Computational Intelligence,",5,"51-57,",,,,,,88
1029,Instance-Based Prediction of Real-Valued Attributes.,,"D. Kibler, D. W. Aha, and M. K. Albert.",,,1989.,,"Computational Intelligence,",5,"51-57,",,,,,,88
1030,Instance-based prediction of real-valued attributes.,,D. Kibler and D. W. Aha.,,,1989.,,"Computational Intelligence,",5(2),"51-57,",,,,,,88
1031,Instance-based prediction of real-valued attributes.,,D. Kibler and D. W. Aha.,,,1989.,,"Computational Intelligence,",5(2),"51-57,",,,,,,88
1032,The Utility of Knowledge in Inductive Learning.,,"Pazzani, M. &amp; Kibler, D.",,,,,Machine Learning,"9(1),",57-94.,,,,,,94
1033,"&quot;The Utility of Knowledge in Inductive Learning,&quot;",,"Pazzani, M., and Kibler, D.,",,,1992.,,"Machine Learning,","9,","57-94,",,,,,,94
1034,The role of prior knowledge in inductive learning.,,Michael Pazzani and Dennis Kibler.,,,1992.,,"Machine Learning,",9,"57-94,",,,,,,94
1035,The role of prior knowledge in inductive learning.,,Michael Pazzani and Dennis Kibler.,,,1992.,,"Machine Learning,",9,"57-94,",,,,,,94
1036,The role of prior knowledge in inductive learning.,,Michael Pazzani and Dennis Kibler.,,,1992.,,"Machine Learning,",9,"57-94,",,,,,,94
1037,The utility of knowledge in inductive learning.,,Micheal Pazzani and Dennis Kibler.,,,1992.,,"Machine Learning,",9,"57-94,",,,,,,94
1038,Some real-world domains for learning problem solvers.,"In Proceedings of KCSL93, 3rd International Workshop on Knowledge Compilation and Speedup Learning (in ICML93),",Dennis Kibler (1993).,"Amherst, MA.",,,,,,,,,,,,107
1039,Some real-world domains for learning problem solvers.,"In Proceedings of KCSL93, 3rd International Workshop on Knowledge Compilation and Speedup Learning (in ICML93),",Dennis Kibler (1993).,"Amherst, MA.",,,,,,,,,,,,107
1040,Some real-world domains for learning problem solvers.,"In Proceedings of KCSL93, 3rd International Workshop on Knowledge Compilation and Speedup Learning (in ICML93),",Dennis Kibler (1993).,"Amherst, MA.",,,,,,,,,,,,107
1041,The utility of knowledge in inductive learning.,,Pazzani M. and Kibler D.,,,1991.,,"Machine Learning,",9(1),"57-94,",,,,,,94
1042,The utility of knowledge in inductive learning.,,Pazzani M. and Kibler D.,,,1991.,,"Machine Learning,",9(1),"57-94,",,,,,,94
1043,The utility of knowledge in inductive learning.,,Pazzani M. and Kibler D.,,,1991.,,"Machine Learning,",9(1),"57-94,",,,,,,94
1044,The utility of knowledge in inductive learning.,,Pazzani M. and Kibler D.,,,1991.,,"Machine Learning,",9(1),"57-94,",,,,,,94
1045,The utility of knowledge in Inductive learning.,,"Pazzani M, Kibler D.",,,1992,,Machine Learning,;9,:57-94.,,,,,,94
1046,"The Utility of Knowledge in Inductive Learning,",,"Pazzani M., Kibler D.:",,,1992.,,"in Machine Learning,","9,","57-94,",,,,,,94
1047,Theory refinement combining analytical and empirical methods.,,"Ourston, D. &amp; Mooney, R.",,,(1994).,,"Artificial Intelligence,",66(2),273-309.,,,,,,108
1048,Theory refinement combining analytical and empirical methods.,,"Ourston, D. &amp; Mooney, R.",,,(1994).,,"Artificial Intelligence,",66(2),273-309.,,,,,,108
1049,Theory refinement combining analytical and empirical methods.,,"Ourston, D. &amp; Mooney, R.",,,(1994).,,"Artificial Intelligence,",66(2),273-309.,,,,,,108
1050,The utility of background knowledge in inductive learning.,,M. Pazzani and D. Kibler.,,,1992.,,"Machine Learning,",9,"57-94,",,,,,,94
1051,"The utility of knowledge in inductive learning,",,"Pazzani, M. , and Kibler, D.,",,,1992.,,"Machine Learning,",9,"57-94,",,,,,,94
1052,"Kibler The utility of knowledge in inductive learning Machine Learning,",,M. Pazzani &amp; D.,,,1992.,,,9(1):,"57-94,",,,,,,94
1053,The utility of background knowledge in inductive learning.,,M. Pazzani and D. Kibler.,,,1992.,,"Machine Learning,",9,"57-94,",,,,,,94
1054,The utility of knowledge in inductive learning.,,"Pazzani, M. &amp; Kibler, D.",,,(1992).,,"Machine Learning,",9,57-94.,,,,,,94
1055,The utility of knowledge in inductive learning.,,"Pazzani, M. &amp; Kibler, D.",,,(1992).,,"Machine Learning,",9,57-94.,,,,,,94
1056,The utility of knowledge in inductive learning.,,"Pazzani, M. &amp; Kibler, D.",,,(1992).,,"Machine Learning,",9,57-94.,,,,,,94
1057,The utility of knowledge in inductive learning.,,"Pazzani, M. &amp; Kibler, D.",,,(1992).,,"Machine Learning,",9,57-94.,,,,,,94
1058,The utility of knowledge in inductive learning.,,"Pazzani, M. &amp; Kibler, D.",,,(1992).,,"Machine Learning,",9,57-94.,,,,,,94
1059,The utility of knowledge in inductive learning.,,"Pazzani, M. &amp; Kibler, D.",,,(1992).,,"Machine Learning,",9,57-94.,,,,,,94
1060,The utility of knowledge in inductive learning.,,"Pazzani, M. &amp; Kibler, D.",,,(1992).,,"Machine Learning,",9,57-94.,,,,,,94
1061,The utility of knowledge in inductive learning.,,"Pazzani, M. &amp; Kibler, D.",,,(1992).,,"Machine Learning,",9,57-94.,,,,,,94
1062,The utility of knowledge in inductive learning.,,"Pazzani, M. &amp; Kibler, D.",,,(1992).,,"Machine Learning,",9(1),57-94.,,,,,,94
1063,The utility of knowledge in inductive learning.,,"Pazzani, M. &amp; Kibler, D.",,,(1992).,,"Machine Learning,",9(1),57-94.,,,,,,94
1064,The utility of knowledge in inductive learning.,,"Pazzani, M. &amp; Kibler, D.",,,(1992).,,"Machine Learning,",9(1),57-94.,,,,,,94
1065,The utility of knowledge in inductive learning.,,"Pazzani, M. &amp; Kibler, D.",,,(1992).,,"Machine Learning,",9(1),57-94.,,,,,,94
1066,The utility of knowledge in inductive learning.,,"Pazzani, M. J., and Kibler, D.",,,(1992).,,Machine Learning,9,57-94.,,,,,,94
1067,The utility of knowledge in inductive learning.,,"Pazzani, M. and Kibler, D.",,,(1992).,,"Machine Learning Journal,",9(1),57-94.,,,,,,94
1068,The utility of knowledge in inductive learning.,,"Pazzani, M. and Kibler, D.",,,(1992).,,"Machine Learning,",9,57-94.,,,,,,94
1069,The utility of knowledge in inductive learning.,,"Pazzani, M. and Kibler, D.",,,(1992).,,"Machine Learning,",9,57-94.,,,,,,94
1070,The utility of knowledge in inductive learning.,,"Pazzani, M. and Kibler, D.",,,"1992,",,Machine Learning,"9(1),",57-94,,,,,,94
1071,"The Utility of Knowledge in Inductive Learning,",,"Pazzani, M. and Kibler, D.,",,,1992.,,"Machine Learning,",9(1),,,,,,,94
1072,"The Utility of Knowledge in Inductive Learning,",,"Pazzani, M. and Kibler, D.,",,,1992.,,"Machine Learning,",9(1),,,,,,,94
1073,The Utility of Knowledge in Inductive Learning.,,"Pazzani, M., &amp; Kibler, D.",,,(1992).,,"Machine Learning,","9:1,",57-94.,,,,,,94
1074,The Utility of Knowledge in Inductive Learning.,,"Pazzani, M., &amp; Kibler, D.",,,(1992).,,"Machine Learning,","9:1,",57-94.,,,,,,94
1075,The utility of background knowledge in inductive learning.,,"Pazzani, M., and Kibler, D.",,,(1992).,,"Machine Learning,",9,57-94.,,,,,,94
1076,The utility of background knowledge in inductive learning.,,"Pazzani, M., and Kibler, D.",,,(1992).,,"Machine Learning,",9,57-94.,,,,,,94
1077,The utility of background knowledge in inductive learning.,,"Pazzani, M., and Kibler, D.",,,(1992).,,"Machine Learning,",9,57-94.,,,,,,94
1078,The utility of background knowledge in inductive learning.,,"Pazzani, M., and Kibler, D.",,,(1992).,,"Machine Learning,",9,57-94.,,,,,,94
1079,The utility of background knowledge in inductive learning.,,"Pazzani, M., and Kibler, D.",,,(1992).,,"Machine Learning,",9,57-94.,,,,,,94
1080,The utility of background knowledge in inductive learning.,,"Pazzani, M., and Kibler, D.",,,1992.,,Machine Learning,9,57-94.,,,,,,94
1081,The utility of background knowledge in inductive learning.,,"Pazzani, M., and Kibler, D.",,,1992.,,Machine Learning,9,57-94.,,,,,,94
1082,The utility of background knowledge in inductive learning.,Machine Learning 9,"Pazzani, M., and Kibler, D.",,,1992.,,,,57-94.,,,,,,94
1083,The utility of background knowledge in inductive learning.,,"Pazzani, M., and Kibler, D.",,,1992.,,Machine Learning,9,57-94.,,,,,,94
1084,The utility of background knowledge in inductive learning.,,"Pazzani, M., and Kibler, D.",,,1992.,,Machine Learning,9,57-94.,,,,,,94
1085,The utility of knowledge in inductive learning.,,"Pazzani, M., and Kibler, D.",,,1992.,,Machine Learning,9,57-94.,,,,,,94
1086,The utility of knowledge in inductive learning.,,"Pazzani, M., and Kibler, D.",,,1992.,,Machine Learning,9,57-94.,,,,,,94
1087,The utility of prior knowledge in inductive learning.,,"Pazzani, M., and Kibler, D.",,,1992.,,Machine Learning,9,54-97.,,,,,,94
1088,The utility of background knowledge in inductive learning.,,M. Pazzani and D. Kibler.,,,1992.,,"Machine Learning,",9,"57-94,",,,,,,94
1089,The utility of background knowledge in inductive learning.,,M. Pazzani and D. Kibler.,,,1992.,,"Machine Learning,",9,"57-94,",,,,,,94
1090,The utility of knowledge in inductive learning.,,M. Pazzani and D. Kibler.,,,1992.,,"Machine Learning,",9,"57-94,",,,,,,94
1091,The utility of knowledge in inductive learning.,,M. Pazzani and D. Kibler.,,,1992.,,"Machine Learning,",9(1),"57-94,",,,,,,94
1092,The utility of knowledge in inductive learning.,,M. Pazzani and D. Kibler.,,,1992.,,"Machine Learning,",9(1),"57-94,",,,,,,94
1093,The utility of knowledge in inductive learning.,,Micheal J. Pazzani and Dennis Kibler.,,,1992.,,"Machine Learning,",9,"57-94,",,,,,,94
1094,The utility of knowledge in inductive learning.,,Micheal J. Pazzani and Dennis Kibler.,,,1992.,,"Machine Learning,",9,"57-94,",,,,,,94
1095,The utility of prior knowledge in inductive learning.,,M. Pazzani and D. Kibler.,,,1992.,,"Machine Learning,",9,"54-97,",,,,,,94
1096,The utility of prior knowledge in inductive learning.,,M. Pazzani and D. Kibler.,,,1992.,,"Machine Learning,",9,"54-97,",,,,,,94
1097,The role of prior knowledge in inductive learning.,,Micheal J. Pazzani and Dennis Kibler.,,,1992.,,"Machine Learning,",9,"54-97,",,,,,,94
1098,The role of prior knowledge in inductive learning.,,Micheal J. Pazzani and Dennis Kibler.,,,1992.,,"Machine Learning,",9,"54-97,",,,,,,94
1099,The role of prior knowledge in inductive learning.,,Micheal J. Pazzani and Dennis Kibler.,,,1992.,,"Machine Learning,",9,"54-97,",,,,,,94
1100,The utility of knowledge in inductive learning.,,M. Pazzani and D. Kibler.,,,1992.,,"Machine Learning,",9(1),"57-94,",,,,,,94
1101,The role of prior knowledge in inductive learning.,,Micheal J. Pazzani and Dennis Kibler.,,,1992.,,"Machine Learning,",9,"54-97,",,,,,,94
1102,The utility of background knowledge in inductive learning.,,M. Pazzani and D. Kibler.,,,1992.,,"Machine Learning,",9,"57-94,",,,,,,94
1103,The utility of background knowledge in inductive learning.,,M. Pazzani and D. Kibler.,,,1992.,,"Machine Learning,",9,"57-94,",,,,,,94
1104,"&quot;The Utility of Knowledge in Inductive Learning&quot;,",,"Pazzani, M. and D. Kibler,",,,1992.,,"Machine Learning,",9,"57-94,",,,,,,94
1105,The utility of knowledge in inductive learning.,,"Pazzani, M. and Kibler, D.",,,1992.,,"Machine Learning,",9(1):,"57-94,",,,,,,94
1106,The utility of knowledge in inductive learning.,,"Pazzani, M. and Kibler, D.",,,1992.,,"Machine Learning,",9(1):,"57-94,",,,,,,94
1107,The utility of knowledge in inductive learning.,,M. Pazzani and D. Kibler.,,,1992.,,"Machine Learning,",9,"57-94,",,,,,,94
1108,"&quot;The utility of knowledge in inductive learning&quot;,",,"Pazzani, M., and Kibler, D.,",,,1992.,,"Machine Learning,",9(1),"57-94,",,,,,,94
1109,"&quot;The utility of knowledge in inductive learning&quot;,",,"Pazzani, M., and Kibler, D.,",,,1992.,,"Machine Learning,",9(1),"57-94,",,,,,,94
1110,The utility of knowledge in inductive learning.,,M. Pazzani and D. Kibler.,,,1997.,,"Machine Learning,",9(1),"57-94,",,,,,,94
1111,The utility of knowledge in inductive learning.,,M. Pazzani and D. Kibler.,,,1997.,,"Machine Learning,",9(1),"57-94,",,,,,,94
1112,Experimental goal regression: A method for learning problem-solving heuristics.,,Bruce Porter and Dennus Kibler.,,,1986.,,"Machine Learning,",1,"249-286,",,,,,,95
1113,Experimental goal regression: A method for learning problem-solving heuristics.,,Bruce Porter and Dennus Kibler.,,,1986.,,"Machine Learning,",1,"249-286,",,,,,,95
1114,Experimental goal regression: A method for learning problem-solving heuristics.,,Bruce Porter and Dennus Kibler.,,,1986.,,"Machine Learning,",1,"249-286,",,,,,,95
1115,Experimental goal regression: A method for learning problem-solving heuristics.,,Bruce Porter and Dennus Kibler.,,,1986.,,"Machine Learning,",1,"249-286,",,,,,,95
1116,Experimental goal regression: A method for learning problem-solving heuristics.,,Bruce Porter and Dennus Kibler.,,,1986.,,"Machine Learning,",1,"249-286,",,,,,,95
1117,Learning subgoal sequences for planning.,"In Proceedings of the Eleventh International Joint Conference on Artificial Intelligence,",David Ruby and Dennis Kibler.,"Detroit, MI,",,1989.,,,,"pages 609-614,",,,,,,96
1118,SteppingStone: An empirical and analyt ical evaluation.,"Proceedings, Ninth National Conference on Artificial Intelligence.","Ruby, D., &amp; Kibler, D.","San Mateo, CA:",,(1991).,,,,,AAAI Press.,,,,,98
1119,SteppingStone: An empirical and analytical evaluation.,"Proceedings, Ninth National Conference on Artificial Intelligence.","Ruby, D., &amp; Kibler, D.","San Mateo, CA:",,(1991).,,,,,AAAI Press.,,,,,98
1120,SteppingStone: An empirical and analytical evaluation.,"Proceedings, Ninth National Conference on Artificial Intelligence.","Ruby, D., &amp; Kibler, D.","San Mateo, CA:",,(1991).,,,,,AAAI Press.,,,,,98
1121,Learning subgoal sequences for planning.,In Proceedings of AAAI-91.,D. Ruby and D. Kibler.,,,1991.,,,,,"AAAI Press,",,,,,97
1122,Learning subgoal sequences for planning.,In Proceedings of AAAI-91.,D. Ruby and D. Kibler.,,,1991.,,,,,"AAAI Press,",,,,,97
1123,A theory of nonuniformity in digitized binary pictures.,,J. Sklansky and D. F. Kibler.,,,1976.,,"IEEE Trans. Syst., Man, and Cybernetics,",SMC-6(9):,"637-647,",,,,,,109
1124,"Multivariate versus univariate decision trees,",,"Brodley, C. E. &amp; Utgoff, P. E.","Amherst, MA,",,"(1992),",,,,,,"Department of Computer Science, University of Mas-sachusetts,","Tech--nical Report COINS TR 92-8,",,,110
1125,"Multivariate versus univariate decision trees,",,"Brodley, C. E. &amp; Utgoff, P. E.","Amherst, MA,",,"(1992),",,,,,,"Department of Computer Science, University of Massachusetts,","Technical Report COINS TR 92-8,",,,110
1126,"Multivariate versus univariate decision trees,",,"Brodley, C. E. and Utgoff, P. E.","Amherst, MA.",,(1992).,,,,,,"Department of Computer Science, University of Massachusetts,","Technical Report 92-8,",,,110
1127,"Multivariate versus univariate decision trees,",,"Brodley, C. E. and Utgoff, P. E.","Amherst, MA.",,(1992).,,,,,,"Department of Computer Science, University of Massachusetts,","Technical Report 92-8,",,,110
1128,"Multivariate versus univariate decision trees,",,"Brodley, C. E. and Utgoff, P. E.","Amherst, MA.",,(1992).,,,,,,"Department of Computer Science, University of Massachusetts,","Technical Report 92-8,",,,110
1129,"Multivariate versus univariate decision trees,",,"Brodley, C. E., &amp; Utgoff, P. E.","Amherst, MA:",,(1992).,,,,,,"University of Massachusetts, Department of Computer and Information Science.","(Coins Technical Report 92-8),",,,110
1130,"Multivariate versus univariate decision trees,",,"Brodley, C. E., &amp; Utgoff, P. E.","Amherst, MA:",,(1992).,,,,,,"University of Massachusetts, Department of Computer and Information Science.","(Coins Technical Report 92-8),",,,110
1131,"Multivariate versus univariate decision trees,",,"Brodley, C. E., &amp; Utgoff, P. E.","Amherst, MA:",,(1992).,,,,,,"University of Massachusetts, Department of Computer and Information Science.","(Coins Technical Report 92-8),",,,110
1132,"Multivariate versus univariate decision trees,",,"Brodley, C. E., &amp; Utgoff, P. E.","Amherst, MA:",,(1992).,,,,,,"University of Massachusetts, Department of Computer and Information Science.","(Coins Technical Report 92-8),",,,110
1133,Multivariate versus univariate decision trees.,,"Brodley, C. E., &amp; Utgoff, P. E.",,,(1992).,,,,,,"Dept. of Computer Science, University of Massachusetts atAmherst","Tech. rep. COINS CR 92-8,",,,110
1134,Multivariate versus univariate decision trees.,,"Brodley, C. E., &amp; Utgoff, P. E.",,,(1992).,,,,,,"Dept. of Computer Science, University of Massachusetts at Amherst.","Tech. rep. COINS CR 92-8,",,,110
1135,Multivariate versus univariate decision trees.,,"Brodley, C. E., &amp; Utgoff, P. E.",,,(1992).,,,,,,"Dept. of Computer Science, University of Massachusetts at Amherst.","Tech. rep. COINS CR 92-8,",,,110
1136,Multivariate versus univariate decision trees.,,"Brodley, C. E., &amp; Utgoff, P. E.",,,(1992).,,,,,,"Dept. of Computer Science, University of Massachusetts at Amherst.","Tech. rep. COINS CR 92-8,",,,110
1137,Multivariate versus univariate decision trees.,,"Brodley, C. E., &amp; Utgoff, P. E.",,,(1992).,,,,,,"Dept. of Computer Science, University of Massachusetts at Amherst.","Tech. rep. COINS CR 92-8,",,,110
1138,Multivariate versus univariate decision trees.,,"Brodley, C. E., &amp; Utgoff, P. E.",,,(1992).,,,,,,"Dept. of Computer Science, University of Massachusetts at Amherst.","Tech. rep. COINS CR 92-8,",,,110
1139,Multivariate versus univariate decision trees.,,"Brodley, C. E., &amp; Utgoff, P. E.",,,(1992).,,,,,,"Dept. of Computer Science, University of Massachusetts at Amherst.","Tech. rep. COINS CR 92-8,",,,110
1140,Multivariate Versus Univariate Decision Trees.,,"Brodley, C. E., and Utgoff, P. E.",,,1992.,,,,,,"Dept. of Computer Science, Univ. of Mass.","COINS Technical Report 92-8,",,,110
1141,Multivariate versus univariate decision trees.,,"C.E. Brodley and P.E. Ut-goff,","Amherst, Massachusetts, USA,",,1992.,,,,,,"Department of Computer Science, University of Massachusetts,","COINS Technical Report 92-8,",,,110
1142,Multivariate versus univariate decision trees.,,"C.E. Brodley and P.E. Utgoff,","Amherst, MA,",,1992.,,,,,,"Department of Computer Science, University of Massachusetts,","COINS Technical Report 92-8,",,,110
1143,Multivariate Versus Univariate Decision Trees.,,"Brodley, C. E., and Utgoff, P. E.",U. Mass.,,1992.,,,,,,"Dept. of Computer Science,","COINS Technical Report 92-8,",,,110
1144,Multivariate versus univariate decision trees.,,Carla E. Brodley and Paul E. Utgoff.,"Amherst, MA,",,1992.,,,,,,"Dept. of Computer Science, University of Massachusetts,","Technical Report COINS-CR-92-8,",,,110
1145,Multivariate versus univariate decision trees.,,Carla E. Brodley and Paul E. Utgoff.,"Amherst, MA,",,1992.,,,,,,"Dept. of Computer Science, University of Massachusetts,","Technical Report COINS-CR-92-8,",,,110
1146,Multivariate versus univariate decision trees.,,Carla E. Brodley and Paul E. Utgoff.,"Amherst, MA,",,1992.,,,,,,"Dept. of Computer Science, University of Massachusetts,","Technical Report COINS-CR-92-8,",,,110
1147,Multivariate versus univariate decision trees.,,Carla E. Brodley and Paul E. Utgoff.,"Amherst, MA,",,1992.,,,,,,"Dept. of Computer Science, University of Massachusetts,","Technical Report COINS-CR-92-8,",,,110
1148,Multivariate versus univariate decision trees.,,Carla E. Brodley and Paul E. Utgoff.,"Amherst, MA,",,1992.,,,,,,"Dept. of Computer Science, University of Massachusetts,","Technical Report COINS-CR-92-8,",,,110
1149,Multivariate versus univariate decision trees.,,Carla E. Brodley and Paul E. Utgoff.,"Amherst, MA,",,1992.,,,,,,"Dept. of Computer Science, University of Massachusetts,","Technical Report COINS-CR-92-8,",,,110
1150,Multivariate versus univariate decision trees.,,Carla E. Brodley and Paul E. Utgoff.,"Amherst, MA,",,1992.,,,,,,"Dept. of Computer Science, University of Massachusetts,","Technical Report COINS-CR-92-8,",,,110
1151,Multivariate versus univariate decision trees.,,Carla E. Brodley and Paul E. Utgoff.,"Amherst, MA,",,1992.,,,,,,"Dept. of Computer Science, University of Massachusetts,","Technical Report COINS-CR-92-8,",,,110
1152,Multivariate versus univariate decision trees.,,Carla E. Brodley and Paul E. Utgoff.,"Amherst, MA,",,1992.,,,,,,"Dept. of Computer Science, University of Massachusetts,","Technical Report COINS-CR-92-8,",,,110
1153,Multivariate Versus Univariate Decision Trees.,,"Brodley, C.E., and Utgoff, P.E.",UMass.,,1992.,,,,,,"Computer Science Dept.,","COINS Technical Report 92-8,",,,110
1154,Multivariate decision trees.,,C. E. Brodley and P. E. Utgoff.,"Amherst, Massachusetts,",,1992.,,,,,,"University of Massachussets,","COINS Technical Report 92-83,",,To appear in Machine Learning.,111
1155,Multivariate decision trees.,,C. E. Brodley and P. E. Utgoff.,"Amherst, Massachusetts,",,1992.,,,,,,"University of Massachussets,","COINS Technical Report 92-83,",,To appear in Machine Learning.,111
1156,Multivariate decision trees.,,C. E. Brodley and P. E. Utgoff.,"Amherst, Massachusetts,",,1992.,,,,,,"University of Massachussets,","COINS Technical Report 92-83,",,To appear in Machine Learning.,111
1157,Multivariate decision trees.,,C. E. Brodley and P. E. Utgoff.,"Amherst, Massachusetts,",,1992.,,,,,,"University of Massachusetts,","COINS Technical Report 92-83,",,To appear in Machine Learning.,111
1158,Multivariate versus univariate decision trees.,,C.E. Brodley and P.E. Utgoff.,"University of Massachussetts,",,1992.,,,,,,"Department of Computer Science,","TR 8,",,,110
1159,Multivariate versus univariate decision trees.,,C.E. Brodley and P.E. Utgoff.,"University of Massachussetts,",,1992.,,,,,,"Department of Computer Science,","TR 8,",,,110
1160,Multivariate decision trees.,,Carla E. Brodley and Paul Utgoff.,"Amherst,",,1992.,,,,,,"University of Massachusetts,","Technical Report MASSCS 92-93,",,,111
1161,Multivariate decision trees.,,Carla E. Brodley and Paul Utgoff.,"Amherst,",,1992.,,,,,,"University of Massachusetts,","Technical Report MASSCS 92-93,",,,111
1162,Multivariate versus univariate decision trees.,,"Brodley, C. E. and Utgoff, P. E.",,,(1992).,,,,,,Department of Computer Sciences University of Massachussetts.,"Technical report,",,,110
1163,Multivariate versus univariate decision trees.,,"Brodley, C. E. and Utgoff, P. E.",,,(1992).,,,,,,Department of Computer Sciences University of Massachussetts.,"Technical report,",,,110
1164,Multivariate versus univariate decision trees.,,"C.E. Brodley and P.E. Utgoff,","University of Massachusetts, Amherst, MA.",,,,,,,,"Department of Computer Science,","COINS Technical Report 92-8,",,,110
1165,Goal-directed Classification Using Linear Machine Decision Trees.,,C. E. Brodley and P. E. Utgoff.,,,1994.,,"Machine Learning,",,,,,,,,112
1166,Goal-directed Classification Using Linear Machine Decision Trees.,,C. E. Brodley and P. E. Utgoff.,,,1994.,,"Machine Learning,",,,,,,,,112
1167,Goal-directed Classification Using Linear Machine Decision Trees.,,C. E. Brodley and P. E. Ut-goff.,,,page  1994.,,"Machine Learning,",,,,,,,,112
1168,Goal-directed Classification Using Linear Machine Decision Trees.,,"B. Draper, C. E. Brodley, and P. Utgoff.",,,1994.,,"IEEE Trans. on Pattern Analysis and Machine Intelligence,",,,,,,,,113
1169,Goal-directed Classification Using Linear Machine Decision Trees.,,C. E. Brodley and P. E. Utgoff.,,,1994.,,"Machine Learning,",,,,,,,,112
1170,Multivariate decision trees.,,Carla E. Brodley and Paul E. Utgoff.,,,1995.,,"Machine Learning,",19,"45-77,",,,,,,114
1171,Multivariate decision trees.,,Carla E. Brodley and Paul E. Utgoff.,,,1995.,,"Machine Learning,",19,"45-77,",,,,,,114
1172,", &quot;Multivariate decision trees&quot;,",,"Brodley, C. E. &amp; Utgoff, P. E.",,,,,Machine Learning.,,,Forthcoming.,,,,,114
1173,Multivariate decision trees.,,"Brodley, C. E. and Utgoff P. E.",,,(1995).,,"Machine Learning,","19,",45-77.,,,,,,114
1174,Multivariate decision trees.,,"Brodley, C. E. and Utgoff P. E.",,,(1995).,,"Machine Learning,","19,",45-77.,,,,,,114
1175,"Multivariate decision trees,",,"Brodley, C. E. and Utgoff, P. E.",,,(1995).,,Machine Learning,19:,45-77.,,,,,,114
1176,"Multivariate decision trees,",,"Brodley, C. E. and Utgoff, P. E.",,,(1995).,,Machine Learning,19:,45-77.,,,,,,114
1177,"Multivariate decision trees,",,"Brodley, C. E. and Utgoff, P. E.",,,(1995).,,Machine Learning,19:,45-77.,,,,,,114
1178,(in press). Multivariate decision trees.,,"Brodley, C. E., &amp; Utgoff, P. E.",,,,,Machine Learning.,,,,,,,,114
1179,Multivariate decision trees.,,"Brodley, C. E., &amp; Utgoff, P. E.",,,(1994).,,"Machine Learning,",,,,,,,,114
1180,Multivariate decision trees.,,"Brodley, C. E., &amp; Utgoff, P. E.",,,(1994).,,"Machine Learning,",,,,,,,,114
1181,Multivariate decision trees.,,"Brodley, C. E., &amp; Utgoff, P. E.",,,(1994).,,"Machine Learning,",,,,,,,,114
1182,Multivariate decision trees.,,"Brodley, C. E., &amp; Utgoff, P. E.",,,(1994).,,"Machine Learning,",,,,,,,,114
1183,Multivariate decision trees.,,"Brodley, C. E., &amp; Utgoff, P. E.",,,(1994).,,"Machine Learning,",,,,,,,,114
1184,Multivariate decision trees.,,"Brodley, C. E., &amp; Utgoff, P. E.",,,(1994).,,"Machine Learning,",,,,,,,,114
1185,Multivariate decision trees.,,"Brodley, C. E., &amp; Utgoff, P. E.",,,(1994).,,"Machine Learning,",,,,,,,,114
1186,Multivariate decision trees.,,"Brodley, C. E., &amp; Utgoff, P. E.",,,(1995).,,"Machine Learning,","19 (1),",45-77.,,,,,,114
1187,"Multivariate Decision Trees,",,"Brodley, C. E., Utgoff, P. E.",,,(1995).,,"In Machine Learning,","19,",45-77.,,,,,,114
1188,"Multivariate Decision Trees,",,"Brodley, C.E. and Utgoff P.E.",,,"(1995),",,Machine Learning,"19,",45-77.,,,,,,114
1189,"Multivariate Decision Trees,",,"Brodley, C.E. and Utgoff P.E.",,,"(1995),",,Machine Learning,"19,",45-77.,,,,,,114
1190,"&quot;Multivariate Decision Trees&quot;,",,"Brodley, C.E., and Utgoff, P.E.",,,"(1995),",,"Machine Learning,","19,",pp. 45-77.,,,,,,114
1191,Multivariate decision trees.,,C. E. Brodley and P. E. Utgoff.,,,1995.,,"Machine Learning,",19(1),"45-77,",,,,,,114
1192,"&quot;Multivariate Decision Trees&quot;,",,"Brodley, C.E. and Utgoff, P.E.",,,,,"Machine Learning,",,,,,,,,114
1193,"&quot;Multivariate decision trees&quot;,",,"C.E. Brodley and P.E. Utgoff,",,,"1995,",,"Machine Learning,",,pp 45-57.,,,,,,114
1194,Multivariate decision trees.,,C. E. Brodley and P. E. Utgoff.,,,1995.,,"Machine Learning,",19(1),"45-77,",,,,,,114
1195,Multivariate Decision Trees.,,"Brodley, C. E., and Utgoff, P. E.",,,1994.,,Machine Learning.,,,,,,,,114
1196,"&quot;Linear Machine Decision Trees,&quot;",,Carla Brodley and Paul Utgoff.,,,,,,,,,,,,submitted to Machine Learning.,115
1197,Multivariate decision trees.,,Carla E. Brodley and Paul E. Utgoff.,,,1995.,,"Machine Learning,",19,"45-77,",,,,,,114
1198,Multivariate decision trees.,,Carla E. Brodley and Paul E. Utgoff.,,,1995.,,"Machine Learning,",19,"45-77,",,,,,,114
1199,Multivariate decision trees.,,Carla E. Brodley and Paul E. Utgoff.,,,1995.,,"Machine Learning,",19,"45-77,",,,,,,114
1200,Multivariate decision trees.,,Carla E. Brodley and Paul E. Utgoff.,,,1995.,,"Machine Learning,",19,"45-77,",,,,,,114
1201,Multivariate decision trees.,,Carla E. Brodley and Paul E. Utgoff.,,,1995.,,"Machine Learning,",19,"45-77,",,,,,,114
1202,Multivariate decision trees.,,Carla E. Brodley and Paul E. Utgoff.,,,1995.,,"Machine Learning,",19,"45-77,",,,,,,114
1203,Multivariate decision trees.,,Carla E. Brodley and Paul E. Utgoff.,,,1995.,,"Machine Learning,",19,"45-77,",,,,,,114
1204,Multivariate decision trees.,,Carla E. Brodley and Paul E. Utgoff.,,,1995.,,"Machine Learning,",19,"45-77,",,,,,,114
1205,Multivariate decision trees.,,Carla E. Brodley and Paul E. Utgoff.,,,1995.,,"Machine Learning,",19,"45-77,",,,,,,114
1206,Multivariate decision trees.,,C. E. Brodley and P. E. Utgoff.,,,1995.,,"Machine Learning,",19(1),"45-77,",,,,,,114
1207,"&quot;Multivariate decision trees&quot;,",,"C.E. Brodley and P.E. Utgoff,",,,1995.,,"Machine Learning,",,,,,,,,114
1208,Multivariate trees.,,C. Brodley and P. Utgoff.,,,1995.,,"Machine Learning,","19,",,,,,,,114
1209,Multivariate decision trees.,,C. E. Brodley and P. E. Utgoff.,,,1995.,,"Machine Learning,",19(1),"45-77,",,,,,,114
1210,Multivariate decision trees.,,C. E. Brodley and P. E. Utgoff.,,,1995.,,"Machine Learning,",19(1),"45-77,",,,,,,114
1211,Multivariate Decision Trees.,,"Brodley, C.E., and Utgoff, P.E.",,,1994.,,Machine Learning.,,,,,,,,114
1212,Multivariate decision trees.,,Carla E. Brodley and Paul E. Utgoff.,,,1995.,,"Machine Learning,",19(1),"45-78,",,,,,,114
1213,Multivariate decision trees.,,"C.E. Brodley and P.E. Utgoff,",,,,,"Machine Learning,","19,",45-77.,,,,,,114
1214,"&quot;Multivriate Decision Trees&quot;,",,"C. Brodley, P. Utgoff,",,,,,"Machine Learning,",,,,,,,,114
1215,"&quot;A Transformational Approach to Constructive Induction,&quot;","Proceedings of the Eight International Workshop on Machine Learning,","Callan, J.P. and Utgoff, P.E.,","Evanston,",,1991.,,,,"pp. 122-126,",,,,,,116
1216,A Transformational Approach to Constructive Induction.,"In Proceedings of the Eighth International Workshop on Machine Learning,","Callan, J. and Utgoff, P.","Northwestern University, Chicago, IL,",,1991.,,,,"pages 122-126,",Morgan Kauf-mann.,,,,,116
1217,A Transformational Approach to Constructive Induction.,"In Proceedings of the Eighth International Workshop on Machine Learning,","Callan, J. and Utgoff, P.","Northwestern University, Chicago, IL,",,1991.,,,,"pages 122-126,",Morgan Kauf-mann.,,,,,116
1218,A Transformational Approach to Constructive Induction.,"In Proceedings of the Eighth International Workshop on Machine Learning,","Callan, J. and Utgoff, P.","Northwestern University, Chicago, IL,",,1991.,,,,"pages 122-126,",Morgan Kauf-mann.,,,,,116
1219,A transformational approach to constructive induction.,"In Proceedings of the Eighth International Workshop on Machine Learning,",J. Callan and P. Utgoff.,,,1991.,,,,pages 122-126.,"Morgan Kaufmann,",,,,,116
1220,A transformational approach to constructive induction.,"In Proceedings of the Eighth International Workshop on Machine Learning,",J. Callan and P. Utgoff.,,,1991.,,,,pages 122-126.,"Morgan Kaufmann,",,,,,116
1221,A transformational approach to constructive induction.,"Proceedings of the Eighth International Workshop on Machine Learning,","J.P. Callan and P.E. Utgoff,","San Mateo, CA:",,,,,,122-126.,"Morgan Kaufmann,",,,,,116
1222,Constructive induction on domain knowl edge.,Proceedings of the Ninth National Conference on Artificial Intelligence,"Callan, J. P., &amp; Utgoff, P. E.","Anaheim, CA:",,(1991).,,,,pp .614-619).,MIT Press.,,,,,117
1223,Constructive induction on domain knowledge.,Proceedings of the Ninth National Conference on Artificial Intelligence,"Callan, J. P., &amp; Utgoff, P. E.","Anaheim, CA:",,(1991).,,,,pp. 614-619,MIT Press.,,,,,117
1224,Constructive induction on domain knowledge.,"In Proceedings of the Ninth National Conference on Artificial Intelligence,",J. P. Callan and P.E. Utgoff.,,,1991.,,,,"pages 614-619,",,,,,,117
1225,Using Decision Trees to Improve Case-Based Learning.,"Proceedings of the Tenth International Conference on Machine Learning,",C. Cardie.,"Amherst, MA,",,1993.,"In P. Utgoff, editor,",,,"pages 25-32,",Morgan Kaufmann.,"University of Massachusetts,",,,,118
1226,Using Decision Trees to Improve Case-Based Learning.,"Proceedings of the Tenth International Conference on Machine Learning,",C. Cardie.,"Amherst, MA,",,1993.,"In P. Utgoff, editor,",,,"pages 25-32,",Morgan Kaufmann.,"University of Massachusetts,",,,,118
1227,Using Decision Trees to Improve Case-Based Learning.,"Proceedings of the Tenth International Conference on Machine Learning,",C. Cardie.,"Amherst, MA,",,1993.,"In P. Utgoff, editor,",,,"pages 25-32,",Morgan Kaufmann.,"University of Massachusetts,",,,,118
1228,Using Decision Trees to Improve Case-Based Learning.,"Proceedings, Tenth International Conference on Machine Learning.","Cardie, C.","Amherst, MA.",,1993.,"in P. Utgoff (Ed.),",,,,,"University of Mas-sachusetts,",,,,118
1229,Using Decision Trees to Improve Case-Based Learning.,"Proceedings, Tenth International Conference on Machine Learning.","Cardie, C.","Amherst, MA.",,1993.,"IN P. Utgoff (Ed.),",,,,,"University of Mas-sachusetts,",,,,118
1230,Using Decision Trees to Improve Case-Based Learning.,"Proceedings, Tenth International Conference on Machine Learning.","Cardie, C.","Amherst, MA.",,1993.,"IN P. Utgoff (Ed.),",,,,,"University of Mas-sachusetts,",,,,118
1231,Using Decision Trees to Improve Case-Based Learning.,"Proceedings, Tenth International Conference on Machine Learning.","Cardie, C.","Amherst, MA.",,1993.,"in P. Utgoff (Ed.),",,,,,"University of Mas-sachusetts,",,,,118
1232,Using Decision Trees to Improve Case-Based Learning.,"Proceedings of the Tenth International Conference on Machine Learning,","Cardie, C.","Amherst, MA,",,1993.,"In Utgoff, P., editor,",,,"pages 25-32,",Morgan Kaufmann.,"University of Massachusetts,",,,,118
1233,Using Decision Trees to Improve Case-Based Learning.,"Proceedings of the Tenth International Conference on Machine Learning,","Cardie, C.","Amherst, MA,",,1993.,"In Utgoff, P., editor,",,,"pages 25-32,",Morgan Kaufmann.,"University of Massachusetts,",,,,118
1234,Using Decision Trees to Improve Case-Based Learning.,"Proceedings of the Tenth International Conference on Machine Learning,","Cardie, C.","Amherst, MA,",,1993.,"In Utgoff, P., editor,",,,"pages 25-32,",Morgan Kaufmann.,"University of Massachusetts,",,,,118
1235,Multitask learning: A knowledge-based of source of inductive bias.,"Proceedings of the Tenth International Conference on Machine Learning,",R. Caruana.,"San Mateo, CA,",,1993.,"In Paul E. Utgoff, editor,",,,"pages 41-48,",Morgan Kaufmann.,,,,,119
1236,Multitask learning: A knowledge-based of source of inductive bias.,"Proceedings of the Tenth International Conference on Machine Learning,",R. Caruana.,"San Mateo, CA,",,1993.,"In Paul E. Utgoff, editor,",,,"pages 41-48,",Morgan Kaufmann.,,,,,119
1237,Multitask learning: A knowledge-based of source of inductive bias.,"Proceedings of the Tenth International Conference on Machine Learning,",R. Caruana.,"San Mateo, CA,",,1993.,"In Paul E. Utgoff, editor,",,,"pages 41-48,",Morgan Kaufmann.,,,,,119
1238,Multitask learning: A knowledge-based of source of inductive bias.,"Proceedings of the Tenth International Conference on Machine Learning,",Richard Caruana.,"San Mateo, CA,",,1993.,"In Paul E. Utgoff, editor,",,,"pages 41-48,",Morgan Kaufmann.,,,,,119
1239,Multitask learning: A knowledge-based of source of inductive bias.,"Proceedings of the Tenth International Conference on Machine Learning,",Richard Caruana.,"San Mateo, CA,",,1993.,"In Paul E. Utgoff, editor,",,,"pages 41-48,",Morgan Kaufmann.,,,,,119
1240,Multitask learning: A knowledge-based of source of inductive bias.,"Proceedings of the Tenth International Conference on Machine Learning,",Richard Caruana.,"San Mateo, CA,",,1993.,"In Paul E. Utgoff, editor,",,,"pages 41-48,",Morgan Kaufmann.,,,,,119
1241,Multitask learning: A knowledge-based of source of inductive bias.,"Proceedings of the Tenth International Conference on Machine Learning,",Richard Caruana.,"San Mateo, CA,",,1993.,"In Paul E. Utgoff, editor,",,18,"pages 41-48,",Morgan Kaufmann.,,,,,119
1242,Multitask learning: A knowledge-based of source of inductive bias.,"Proceedings of the Tenth International Conference on Machine Learning,",Richard Caruana.,"San Mateo, CA,",,1993.,"In Paul E. Utgoff, editor,",,18,"pages 41-48,",Morgan Kaufmann.,,,,,119
1243,Multitask learning: A knowledge-based of source of inductive bias.,"Proceedings of the Tenth International Conference on Machine Learning,",R. Caruana.,"San Mateo, CA,",,1993.,"In P. E. Utgoff, editor,",,,"pages 41-48,",Morgan Kaufmann.,,,,,119
1244,Multitask learning: A knowledge-based of source of inductive bias.,"Proceedings of the Tenth International Conference on Machine Learning,",R. Caruana.,"San Mateo, CA,",,1993.,"In P. E. Utgoff, editor,",,,"pages 41-48,",Morgan Kaufmann.,,,,,119
1245,Multitask learning: A knowledge-based of source of inductive bias.,"Proceedings of the Tenth International Conference on Machine Learning,",R. Caruana.,"San Mateo, CA,",,1993.,"In P. E. Utgoff, editor,",,,"pages 41-48,",Morgan Kaufmann.,,,,,119
1246,Multitask learning: A knowledge-based of source of inductive bias.,"Proceedings of the Tenth International Conference on Machine Learning,",R. Caruana.,"San Mateo, CA,",,1993.,"In P. E. Utgoff, editor,",,,"pages 41-48,",Morgan Kaufmann.,,,,,119
1247,Multitask learning: A knowledge-based of source of inductive bias.,"Proceedings of the Tenth International Conference on Machine Learning,",R. Caruana.,"San Mateo, CA,",,1993.,"In P. E. Utgoff, editor,",,,"pages 41-48,",Morgan Kaufmann.,,,,,119
1248,Multitask learning: A knowledge-based of source of inductive bias.,"Proceedings of the Tenth International Conference on Machine Learning,",R. Caruana.,"San Mateo, CA,",,1993.,"In P. E. Utgoff, editor,",,,"pages 41-48,",Morgan Kaufmann.,,,,,119
1249,Multitask Learning: A Knowledge-Based of Source of Inductive Bias.,"in: Proceedings of the Tenth International Conference on Machine Learning,","Caruana, R.","San Mateo, CA,",,"1993,",P. E. Utgoff.,,,pp. 41-48.,"Morgan Kaufmann,",,,,,119
1250,Multitask Learning: A Knowledge-Based of Source of Inductive Bias.,"in: Proceedings of the Tenth International Conference on Machine Learning,","Caruana, R.","San Mateo, CA,",,"1993,",P.E. Utgoff.,,,pp. 41-48.,"Morgan Kaufmann,",,,,,119
1251,Multitask Learning: A Knowledge-Based of Source of Inductive Bias.,"in: Proceedings of the Tenth International Conference on Machine Learning,","Caruana, R.","San Mateo, CA,",,"1993,",P E. Utgoff.,,,pp. 41-48.,"Morgan Kaufmann,",,,,,119
1252,Multitask Learning: A Knowledge-Based of Source of Inductive Bias.,"in:Proceedings of the Tenth International Conference on Machine Learning,","Caruana, R.","San Mateo, CA,",,"1993,",edited by P.  E. Utgoff.,,,pp. 41-48.,"Morgan Kaufmann,",,,,,119
1253,Multitask Learning: A Knowledge-Based of Source of Inductive Bias.,"in: Proceedings of the Tenth International Conference on Machine Learning,","Caruana, R.","San Mateo, CA,",,"1993,",edited by P.  E. Utgoff.,,,pp. 41-48.,"Morgan Kaufmann,",,,,,119
1254,Planning for conjunctive goals.,,"Chapman, D.",,,(1987).,,"Artificial Intelligence,","32,",333-377.,,,,,,120
1255,Planning for conjunctive goals.,,"Chapman, D.",,,(1987).,,"Artificial Intelligence,","32,",333-377.,,,,,,120
1256,,"Vision, instruction, and action.","Chapman, D.","Cambridge, MA",,(1991).,,,,,"MIT Press,",,,,,121
1257,,"Vision, instruction, and action.","Chapman, D.","Cambridge, MA",,(1991).,,,,,"MIT Press,",,,,,121
1258,,"Vision, instruction, and action.","Chapman, D.","Cambridge, MA.",,(1991).,,,,,"MIT Press,",,,,,121
1259,Using Qualitative Models to Guide Inductive Learning.,"Proceedings of the Tenth International Machine Learning Conference, ML-93,",P. Clark and S. Matwin.,,,1993.,"In P. Utgoff, editor,",,,"pages 49-56,",,,,,,122
1260,Finite state automata and simple recurrent networks.,,"Cleeremans, A., Servan-Schreiber, D., &amp; McClelland, J.",,,(1989).,,"Neural Computation,",1,372-381.,,,,,,123
1261,A Teaching Method for Reinforcement Learning.,In Proceedings of the Ninth International Conference on Machine Learning.,"Clouse, J. A. &amp; Utgoff, P. E.",,,(1992).,"edited by P. Ed. D. Sleeman, &amp; P. Edwards.",,,92-101.,"Morgan Kaufmann,",,,,,124
1262,A teaching method for reinforcement learning.,Proceedings of the Ninth International Conference,"Clouse, J. A., &amp; Utgoff, P. E.","San Mateo, CA:",,(1992).,,Machine Learning:,,(pp. 92-101).,Morgan Kaufmann.,,,,,124
1263,A teaching method for reinforcement learning.,Proceedings of the Ninth International Conference,"Clouse, J. A., &amp; Utgoff, P. E.","San Mateo, CA:",,(1992).,,Machine Learning:,,(pp. 92-101).,Morgan Kaufmann.,,,,,124
1264,A teaching method for reinforcement learning.,"In Proceedings of the Ninth International Conference on Machine Learning,","Clouse, J., &amp; Utgoff, P.","Aberdeen, Scotland.",,(1992).,,,,pp. 92-101,,,,,,124
1265,A teaching method for reinforcement learning.,"Proc. 9th Intl. ML Conf.,","Clouse, J., &amp; Utgoff, P.",,,1992.,,,,92-101.,,,,,,124
1266,A teaching method for reinforcement learning.,"Proc. 9th Intl. ML Conf.,","Clouse, J., &amp; Utgoff, P.",,,1992.,,,,92-101.,,,,,,124
1267,A teaching method for reinforcement learning.,In Proceedings of the Machine Learning Conference.,"Clouse, J., and Utgoff, P.",,,1992.,,,,,,,,,,124
1268,A teaching method for reinforcement learning.,"Proceedings of the Ninth Conference on Machine Learning,","Clouse, J.A., &amp; P.E. Utgoff,","Aberdeen, Scotland,",,1992.,,,,92-101.,,,,,,124
1269,A teaching method for reinforcement learning.,"In Proceedings of the Machine Learning Conference,",J. Clouse and P. Utgoff.,,,1992.,,,,,,,,,,124
1270,A teaching method for reinforcement learning.,"In Proceedings of the Ninth International Workshop on Machine Learning,",J. A. Clouse and P. E. Utgoff.,,,1992.,,,,pages 92-101.,"Morgan Kaufmann,",,,,,124
1271,A teaching method for reinforcement learning.,In Proceedings of the Ninth Conference on Machine Learning.,J. A. Clouse and P. E. Utgoff.,,,1992.,,,,,"Morgan Kaufmann,",,,,,124
1272,A teaching method for reinforcement learning.,"In Proceedings of the Ninth International Conference of Machine Learning,","Clouse, J.A., &amp; Utgoff, P.E.","San Mateo, CA,",,(1992).,,,,92-101.,"Morgan Kaufmann,",,,,,124
1273,A teaching method for reinforcement learning.,"In Proceedings of the Ninth International Conference on Machine Learning,",J. A. Clouse and P. E. Utgoff.,,,1992.,,,,pages 92-101.,"Morgan Kaufmann,",,,,,124
1274,A teaching method for reinforcement learning.,"In Machine Learning: Proceedings of teh Ninth International Conference,",J.A. Clouse and P.E. Utgoff.,"San Mateo, CA,",,1992.,,,,"pages 92-101,",Morgan Kaufmann.,,,,,124
1275,A teaching method for reinforcement learning.,"In Machine Learning: Proceedings of teh Ninth International Conference,",J.A. Clouse and P.E. Utgoff.,"San Mateo, CA,",,1992.,,,,"pages 92-101,",Morgan Kaufmann.,,,,,124
1276,A teaching method for reinforcement learning.,"In Proceedings of the Ninth International Conference on Machine Learning,",J. Clouse and P. Utgoff.,"Aberdeen, Scotland,",,1992.,,,,"pages 92-101,",Morgan Kaufman.,,,,,124
1277,A teaching method for reinforcement learning.,"In Proceedings of the Machine Learning Conference,",J. Clouse and P. Utgoff.,,,1992.,,,,,,,,,,124
1278,Learning to control a dynamic physical system.,"In Proceeedings AAAI 87,",M. E. Connel and P. E. Utgoff.,,,1987.,,,,"pages 456-459,",,,,,,125
1279,Learning to control a dynamic physical system.,"In Sixth National Conference on Artificial Intelligence,","Connell, M. E. and Utgoff, P. E.","Seattle, WA.",,(1987).,,,,"pages 456-460,","Morgan Kaufmann,",,,,,125
1280,Learning to control a dynamic physical system.,"In Sixth National Conference on Artificial Intelligence,","Connell, M. E. and Utgoff, P. E.","Seattle, WA.",,(1987).,,,,"pages 456-460,","Morgan Kaufmann,",,,,,125
1281,Learning to control a dynamic physical system.,In Proceedings of the Sixth National Conference on Artificial Intelligence,"Connell, M. E., &amp; Utgoff, P. E.","Seattle, WA:",,(1987).,,,,(pp. 456-460).,Morgan Kaufmann.,,,,,125
1282,Learning to control a dynamic physical system.,In Proceedings of the Sixth National Conference on Artificial Intelligence,"Connell, M. E., &amp; Utgoff, P. E.","Seattle, WA:",,(1987).,,,,(pp. 456-460).,Morgan Kaufmann.,,,,,125
1283,Learning to control a dynamic physical system.,In Proceedings of the Sixth National Conference on Artificial Intelligence,"Connell, M. E., &amp; Utgoff, P. E.","Seattle, WA:",,(1987).,,,,(pp. 456-460).,Morgan Kaufmann.,,,,,125
1284,Learning to control a dynamic physical system.,In Proceedings of the Sixth National Conference on Artificial Intelligence,"Connell, M. E., &amp; Utgoff, P. E.","Seattle, WA:",,(1987).,,,,(pp. 456-460).,Morgan Kaufmann.,,,,,125
1285,"Learning to control a dynamic physical system,","in Proceedings AAAI-87,",M. Connell and P. Utgoff.,"Seattle,",,1987.,,,"Vol. 2,",456-460.,"American Association for Arti-ficial Intelligence,",,,,,125
1286,"Learning to control a dynamic physical system,","in Proceedings AAAI-87,",M. Connell and P. Utgoff.,"Seattle,",,1987.,,,"Vol. 2,",456-460.,"American Association for Artificial Intelligence,",,,,,125
1287,"Learning to control a dynamic physical system,","in Proceedings AAAI-87,",M. Connell and P. Utgoff.,"Seattle,",,1987.,,,"Vol. 2,",456-460.,"American Association for Artificial Intelligence,",,,,,125
1288,"Learning symbolic rules using artificial neural networks,","&quot;Proceedings of the Tenth International Conference on Machine Learning&quot;,","Craven, M. W. &amp; Shavlik, J. W.",,,"(1993),","in P. Utgoff, ed.,",,,pp. 73-80.,"Morgan Kaufmann,",,,,,126
1289,"Learning symbolic rules using artificial neural networks,","&quot;Proceedings of the Tenth International Conference on Machine Learning&quot;,","Craven, M. W. &amp; Shavlik, J. W.",,,"(1993),","in P. Utgoff, ed.,",,,pp. 73-80.,"Morgan Kaufmann,",,,,,126
1290,Learning symbolic rules using artificial neural networks.,"Proceedings of the Tenth International Conference on Machine Learning,",Mark W. Craven and Jude W. Shavlik.,"San Mateo, CA,",,1993.,"In Paul E. Utgoff, editor,",,,,Morgan Kaufmann.,,,,to appear,126
1291,Learning symbolic rules using artificial neural networks.,"Proceedings of the Tenth International Conference on Machine Learning,",Mark W. Craven and Jude W. Shavlik.,"San Mateo, CA,",,1993.,"In Paul E. Utgoff, editor,",,,,Morgan Kaufmann.,,,,to appear.,126
1292,Learning symbolic rules using artificial neural networks.,"Proceedings of the Tenth International Conference on Machine Learning,",Mark W. Craven and Jude W. Shavlik.,"San Mateo, CA,",,1993.,"In Paul E. Utgoff, editor,",,,,Morgan Kaufmann.,,,,to appear.,126
1293,Learning symbolic rules using artificial neural networks.,"Proceedings of the Tenth International Conference on Machine Learning,",M. W. Craven and J. W. Shavlik.,,,1993.,"In Paul E. Utgoff, editor,",,,,Morgan Kaufmann.,,,,,126
1294,Learning symbolic rules using artificial neural networks.,"Proceedings of the Tenth International Conference on Machine Learning,",M. W. Craven and J. W. Shavlik.,,,1993.,"In Paul E. Utgoff, editor,",,,,Morgan Kaufmann.,,,,,126
1295,Learning symbolic rules using artificial neural networks.,"Proceedings of the Tenth International Conference on Machine Learning,",M. W. Craven and J. W. Shavlik.,,,1993.,"In Paul E. Utgoff, editor,",,,,Morgan Kaufmann.,,,,,126
1296,Small Disjuncts in Action: Learning to Diagnose Errors in the Local Loop of the Telephone Network.,"Proceedings of the 10th International Conference on Machine Learning,","Danyluk, A.P. and F.J. Provost",,,(1993).,"P. Utgoff (editor),",,,pp. 81-88.,,,,,,127
1297,"Small disjuncts in action: Learning to diagnose errors in the telephone network local loop,","`Machine Learning: Proceedings of the Tenth International Conference&apos;,","Danyluk, A. &amp; Provost, F.",,,"(1993),","in P. Utgoff, ed.,",,,pp. 81-88.,"Morgan Kaufmann Publishers, Inc.,",,,,,127
1298,Goal-directed classification using linear machine decision trees.,,"B. A. Draper, Carla E. Brodley, and Paul E. Utgoff.",,,1994.,,"IEEE Trans. on Pattern Analysis and Machine Intelligence,",16(9),":888,",,,,,,113
1299,Goal-directed classification using linear machine decision trees.,,"B. A. Draper, Carla E. Brodley, and Paul E. Utgoff.",,,1994.,,"IEEE Trans. on Pattern Analysis and Machine Intelligence,",16(9),":888,",,,,,,113
1300,"`Goal-directed classification using linear machine decision trees&apos;,",,"Draper, B. A., Brodley, C. E. &amp; Utgoff, P. E.",,,"(1994),",,IEEE Transactions on Pattern Analysis and Machine Intelligence,"16(9),",888-893.,,,,,,113
1301,"`Goal-directed classification using linear machine decision trees&apos;,",,"Draper, B. A., Brodley, C. E. &amp; Utgoff, P. E.",,,"(1994),",,IEEE Transactions on Pattern Analysis and Machine Intelligence,"16(9),",888-893.,,,,,,113
1302,Goal-directed classification using linear machine decision trees.,,"Draper, B. A., Brodley, C. E., &amp; Utgoff, P. E.",,,(1994).,,"IEEE Transactions on Pattern Analysis and Machine Intelligence,","16,",888-893.,,,,,,113
1303,Goal-directed classification using linear machine decision trees.,,"B. A. Draper, Carla E. Brodley, and Paul E. Utgoff.",,,1994.,,"IEEE Transactions on Pattern Analysis and Machine Intelligence,",16(9):,"888,",,,,,,113
1304,Goal-directed classification using linear machine decision trees.,,"B. A. Draper, Carla E. Brodley, and Paul E. Utgoff.",,,1994.,,"IEEE Transactions on Pattern Analysis and Machine Intelligence,",16(9),":888,",,,,,,113
1305,Goal-directed classification using linear machine decision trees.,,"B. A. Draper, Carla E. Brodley, and Paul E. Utgoff.",,,1994.,,"IEEE Transactions on Pattern Analysis and Machine Intelligence,",16(9),":888,",,,,,,113
1306,Goal-directed classification using linear machine decision trees.,,"B. A. Draper, Carla E. Brodley, and Paul E. Utgoff.",,,1994.,,"IEEE Transactions on Pattern Analysis and Machine Intelligence,",16(9),":888,",,,,,,113
1307,Goal-directed classification using linear machine decision trees.,,"B. A. Draper, Carla E. Brodley, and Paul E. Utgoff.",,,1994.,,"IEEE Transactions on Pattern Analysis and Machine Intelligence,",16(9),":888,",,,,,,113
1308,Goal-directed classification using linear machine decision trees.,,"B. A. Draper, Carla E. Brodley, and Paul E. Utgoff.",,,1994.,,"IEEE Transactions on Pattern Analysis and Machine Intelligence,",16(9),":888,",,,,,,113
1309,Goal-directed classification using linear machine decision trees.,,"B. A. Draper, Carla E. Brodley, and Paul E. Utgoff.",,,1994.,,"IEEE Transactions on Pattern Analysis and Machine Intelligence,",16(9),":888,",,,,,,113
1310,Goal-directed classification using linear machine decision trees.,,"B. A. Draper, Carla E. Brodley, and Paul E. Utgoff.",,,1994.,,"IEEE Transactions on Pattern Analysis and Machine Intelligence,",16(9),":888,",,,,,,113
1311,Goal-directed classification using linear machine decision trees.,,"B. A. Draper, Carla E. Brodley, and Paul E. Utgoff.",,,1994.,,"IEEE Transactions on Pattern Analysis and Machine Intelligence,",16(9),":888,",,,,,,113
1312,Goal-Directed Classification using Linear Machine Decision Trees.,,"Bruce A. Draper, Carla E. Brodley, and Paul E. Utgoff.",,,1994.,,"IEEE Transactions on Pattern Analysis and Machine Intelligence,",16(9),"888-893,",,,,,,113
1313,Goal-directed Classification Using Linear Machine Decision Trees.,,"B. Draper, C. E. Brodley, and P. Utgoff.",,,1994.,,"IEEE Trans. on Pattern Analysis and Machine Intelligence,",16(9):,,,,,,,113
1314,Goal-directed Classification Using Linear Machine Decision Trees.,,"B. Draper, C. E. Brodley, and P. Utgoff.",,September 1994. 9,,,"IEEE Trans. on Pattern Analysis and Machine Intelligence,",16(9):,,,,,,"(to appear),",113
1315,A Hybrid Method for Feature Generation.,"In Proceedings of the Eighth International Workshop on Machine Learning,","Fawcett, T. E. and Utgoff, P. E.",San Mateo.,,1991.,Ed. L. A. Birnbaum and G. C. Collins.,,,137-141.,"Morgan Kaufmann,",,,,,128
1316,A Hybrid Method for Feature Generation.,Proceedings of the Eighth International Workshop on Machine Learning,"Fawcett, T. E., &amp; Utgoff, P. E.","San Mateo, CA:",,(1991).,,,,(pp. 137 -141).,Morgan Kaufmann.,,,,,128
1317,A hybrid method for feature generation.,Machine Learning:  Proceedings of the Eighth International Workshop,"Fawcett, T. E., &amp; Utgoff, P. E.","Evanston, IL:",,(1991).,,,,(pp. 137-141).,Morgan Kaufmann.,,,,,128
1318,A hybrid method for feature generation. Machine Learning:,Proceedings of the Eighth International Workshop,"Fawcett, T. E., &amp; Utgoff, P. E.","Evanston, IL:",,(1991).,,,,(pp. 137-141).,Morgan Kaufmann.,,,,,128
1319,"&quot;A Hybrid Method for Feature Generation,&quot;","Proceedings of the Eight International Workshop on Machine Learning,","Fawcett, T.E. and Utgoff, P.E.,","Evanston, Ill.,",,1991.,,,,"pp. 137-141,",,,,,,128
1320,A hybrid method for feature generation.,Proceedings of the Eighth International Workshop on Machine Learning,"Fawcett, T. and Utgoff, P.","Evanston, Ill.",,(1991).,,,,(pp. 137-141).,,,,,,128
1321,A hybrid method for feature generation.,Proceedings of the Eighth International Workshop on Machine Learning,"Fawcett, T. and Utgoff, P.","Evanston, Ill.",,(1991).,,,,(pp. 137-141).,,,,,,128
1322,"&quot;Automatic Feature Generation for Problem Solving Systems&quot;,","in Proceeding of the 9th International Workshop on Machine Learning,","Fawcett, T. E. &amp; Utgoff, P. E.",,,1992.,,,,"p144-153,",,,,,,129
1323,Automatic feature Generation for Problem Solving Systems.,"In Proceedings of the Ninth International Conference on Machine Learning,","Fawcett, T. and Utgoff, P.","UK,",,1992.,,,,"pages 144-153,",Morgan Kaufmann.,"University of Aberdeen,",,,,129
1324,Automatic feature Generation for Problem Solving Systems.,"In Proceedings of the Ninth International Conference on Machine Learning,","Fawcett, T. and Utgoff, P.","UK,",,1992.,,,,"pages 144-153,",Morgan Kaufmann.,"University of Aberdeen,",,,,129
1325,Automatic feature Generation for Problem Solving Systems.,"In Proceedings of the Ninth International Conference on Machine Learning,","Fawcett, T. and Utgoff, P.","UK,",,1992.,,,,"pages 144-153,",Morgan Kaufmann.,"University of Aberdeen,",,,,129
1326,Automatic feature generation for problem solving systems.,,"Tom E. Fawcett, Paul E. Utgoff.","Amherst, MA.",,1992.,,,,,,"University of Massachusetts,","COINS technical report 92-9,",,,130
1327,"Automatic feature generation for prob lem solving systems,",,"T. E. Fawcett and P. E. Utgoff,",,,"1992,",,,,,,"University of Mas-sachusetts at Amherst, MA, Department of Computer and Information Science,","Technical Report 92-9, COINS,",,Discusses work forthcoming in a PhD dissertation about a system to derive features relevant to solving a problem from automatic analysis of the structure of the problem.,130
1328,"Automatic feature generation for Problem Solving Systems,",,"Tom Fawcett and Paul Utgoff,",,,1992.,,,,,,,"COINS Tech-Report 92-9,",,,130
1329,Automatic feature generation for problem solving systems.,"Proceedings of the Ninth International Workshop on Machine Learning,","T.E. Fawcett and P.E. Utgoff,","San Mateo, CA:",,,,,,144-153.,"Morgan Kaufmann,",,,,,129
1330,Automatic feature generation for problem solving systems.,"Proceedings of the Ninth Interntational Workshop on Machine Learning, Aberdeen,",Tom E. Fawcett and Paul E. Utgoff.,"Scotland,",,1992.,"In Derek Sleeman and Peter Edwards, editors,",,,,,,,,,129
1331,A machine learning system for automated cataloging of large scale sky surveys.,"In ML-93 ,","Usama M. Fayyad, Nicholas Weir, and D. Djorgovski. SKICAT:",,,,Editor: Paul E. Utgoff.,,,pages 112-119.,,,,,,131
1332,A machine learning system for automated cataloging of large scale sky surveys.,"In ML-93 ,","Usama M. Fayyad, Nicholas Weir, and D. Djorgovski. SKICAT:",,,,Editor: Paul E. Utgoff.,,,pages 112-119.,,,,,,131
1333,A machine learning system for automated cataloging of large scale sky surveys.,"In ML-93 ,","Usama M. Fayyad, Nicholas Weir, and D. Djorgovski. SKICAT:",,,,Editor: Paul E. Utgoff.,,,pages 112-119.,,,,,,131
1334,A machine learning system for automated cataloging of large scale sky surveys.,"In ML-93 ,","Usama M. Fayyad, Nicholas Weir, and D. Djorgovski. SKICAT:",,,,Editor: Paul E. Utgoff.,,,pages 112-119.,,,,,,131
1335,A machine learning system for automated cataloging of large scale sky surveys.,"In ML-93 ,","Usama M. Fayyad, Nicholas Weir, and D. Djorgovski. SKICAT:",,,,Editor: Paul E. Utgoff.,,,pages 112-119.,,,,,,131
1336,A machine learning system for automated cataloging of large scale sky surveys.,"In ML-93 ,","Usama M. Fayyad, Nicholas Weir, and D. Djorgovski. SKICAT:",,,,Editor: Paul E. Utgoff.,,,pages 112-119.,,,,,,131
1337,A machine learning system for automated cataloging of large scale sky surveys.,"In ML-93 ,","Usama M. Fayyad, Nicholas Weir, and D. Djorgovski. SKICAT:",,,,Editor: Paul E. Utgoff.,,,pages 112-119.,,,,,,131
1338,A machine learning system for automated cataloging of large scale sky surveys.,"In ML-93 ,","Usama M. Fayyad, Nicholas Weir, and D. Djorgovski. SKICAT:",,,,Editor: Paul E. Utgoff.,,,pages 112-119.,,,,,,131
1339,A machine learning system for automated cataloging of large scale sky surveys.,"In ML-93 ,","Usama M. Fayyad, Nicholas Weir, and D. Djorgovski. SKICAT:",,,,Editor: Paul E. Utgoff.,,,pages 112-119.,,,,,,131
1340,Learning procedures from interactive natural language instructions.,Machine Learning: Proceedings of the Tenth International Conference.,"Huffman, S. B., &amp; Laird, J. E.",,,(1993).,"In Utgoff,  P. (Ed.),",,,,,,,,,132
1341,Learning procedures from interactive natural language instructions.,Machine Learning: Proceedings of the Tenth International Conference.,"Huffman, S. B., &amp; Laird, J. E.",,,(1993).,"In Utgoff,  P. (Ed.),",,,,,,,,,132
1342,"&quot;Learning procedures from interactive natural language instructions,&quot; in Machine Learning:","Proceedings of the Tenth International Conference,","S. B. Huffman and J. E. Laird,",,,1993.,"P. Utgoff, editor,",,,,,,,,,132
1343,Learning procedures from inter-active natural language instructions.,"Machine Learning: Proceedings of the Tenth International Conference,",Scott B. Huffman and John E. Laird.,,,1993.,"In P. Utgoff, editor,",,,,,,,,,132
1344,Learning procedures from inter-active natural language instructions.,"Machine Learning: Proceedings of the Tenth International Conference,",Scott B. Huffman and John E. Laird.,,,1993.,"In P. Utgoff, editor,",,,,,,,,,132
1345,Learning procedures from inter-active natural language instructions.,"Machine Learning: Proceedings of the Tenth International Conference,",Scott B. Huffman and John E. Laird.,,,1993.,"In P. Utgoff, editor,",,,,,,,,,132
1346,Learning procedures from interactive natural language instructions.,"Machine Learning: Proceedings of the Tenth International Conference,",Scott B. Huffman and John E. Laird.,,,1993.,"In P. Utgoff, editor,",,,,,,,,,132
1347,The NP-completeness Column : An Outgoing Guide.,,David S. Johnson.,,,1982,,"Journal of Algorithms,",(3),":381-395,",,,,,,133
1348,"Supervised learning and divide-and-conquer: A statistical approach,","&quot;Proceedings of the Tenth International Conference on Machine Learning&quot;,","Jordan, M. I. &amp; Jacobs, R. A.",,,"(1993),","in P. Utgoff, ed.,",,,,Morgan Kaufmann.,,,,,134
1349,Supervised learning and divide-and-conquer: A statistical approach.,"Proceedings of the Tenth International Conference on Machine Learning,",M. Jordan and R. Jacobs.,,,1993.,"In P. Utgoff, editor,",,,pages 159-166.,"Morgan Kaufmann,",,,,,134
1350,Hierarchical learning in stochastic domains: Preliminary results.,"Proceedings of the Tenth International Conference on Machine Learning,",L. P. Kaelbling.,"San Mateo, CA,",,1993.,"In P. E. Utgoff, editor,",,,"pages 167173,",Morgan Kaufmann.,,,,,135
1351,Hierarchical learning in stochastic domains: Preliminary results.,"Proceedings of the Tenth International Conference on Machine Learning,",L. P. Kaelbling.,"San Mateo, CA,",,1993.,"In P. E. Utgoff, editor,",,,"pages 167173,",Morgan Kaufmann.,,,,,135
1352,Hierarchical learning in stochastic domains: Preliminary results.,"Proceedings of the Tenth International Conference on Machine Learning,",L. P. Kaelbling.,"San Mateo, CA,",,1993.,"In P. E. Utgoff, editor,",,,"pages 167173,",Morgan Kaufmann.,,,,,135
1353,Hierarchical learning in stochastic domains: Preliminary results.,"Proceedings of the Tenth International Conference on Machine Learning,",L. P. Kaelbling.,,,1993.,"In Paul E. Utgoff, editor,",,,,Morgan Kaufmann.,,,,,135
1354,Overcoming incomplete perception with utile distinction memory.,"Machine Learning: Proceedings of the Tenth International Conference,","McCallum, R. A.",,,(1993).,"In Utgoff, P. (Ed.),",,,pages 190-196.,Morgan Kaufmann.,,,,,136
1355,Overcoming incomplete perception with utile distinction memory.,"Machine Learning: Proceedings of the Tenth International Conference,","McCallum, R. A.",,,(1993).,"In Utgoff, P. (Ed.),",,,pages 190-196.,Morgan Kaufmann.,,,,,136
1356,Overcoming incomplete perception with utile distinction memory.,"Machine Learning: Proceedings of the Tenth International Conference,","McCallum, R. A.",,,(1993).,"In Utgoff, P. (Ed.),",,,pages 190-196.,Morgan Kaufmann.,,,,,136
1357,Overcoming incomplete perception with utile distinction memory.,"Proceedings of the Tenth International Conference on Machine Learning,",R. Andrew McCallum.,"San Mateo, CA,",,1993.,"In Paul E. Utgoff, editor,",,,"pages 190-196,",Morgan Kaufmann.,,,,,136
1358,Overcoming incomplete perception with utile distinction memory.,"Machine Learning: Proceedings of the Tenth International Conference,",R.A. McCallum.,,,1993.,"In P. Utgoff, editor,",,,pages 190-196.,"Morgan Kaufmann,",,,,,136
1359,Overcoming incomplete perception with utile distinction memory.,"Machine Learning: Proceedings of the Tenth International Conference,",R.A. McCallum.,,,1993.,"In P. Utgoff, editor,",,,pages 190-196.,"Morgan Kaufmann,",,,,,136
1360,Self-parameterizing protocol stacks for guaranteed quality of service.,,"A. Mehra, Z. Wang, and K. Shin.",,,,,,,,,,,,"available at ftp://rtcl.eecs.umich.edu/outgoing/ashish/selfparam.ps, June 1998.",137
1361,"&quot;Self-parameterizing protocol stacks for guaranteed quality of service,&quot;",,"A. Mehra, Z. Wang, and K. Shin,",,,,,,,,,,,,"available at ftp://rtcl.eecs.umich.edu/outgoing/ashish/selfparam.ps, June 1997. 27",137
1362,"&quot;Self-parameterizing protocol stacks for guaranteed quality of service,&quot;",,"A. Mehra, Z. Wang, and K. Shin,",,,,,,,,,,,,"available at ftp://rtcl.eecs.umich.edu/outgoing/ashish/selfparam.ps, June 1998. 29",137
1363,"&quot;Self-parameterizing protocol stacks for guaranteed quality of service,&quot;",,"A. Mehra, Z. Wang, and K. Shin,",,,,,,,,,,,,"available at ftp://rtcl.eecs.umich.edu/outgoing/ashish/selfparam.ps, June 1998. 27",137
1364,Total order vs. partial order planning: Factors influencing performance.,"In Proceedings of the Third International Conference on Principles of Knowledge Representation and Reasoning,","Minton, S., Drummond, M., Bresina, J. L., &amp; Phillips, A. B.","Cambridge,CA.",,(1992).,,,,pp83-92.,,,,,,138
1365,Total order vs. partial order planning: Factors influencing performance.,"In Proceedings of the Third International Conference on Principles of Knowledge Representation and Reasoning,","Minton, S., Drummond, M., Bresina, J. L., &amp; Phillips, A. B.","Cambridge,CA.",,(1992).,,,,pp. 83-92,,,,,,138
1366,Banerji Learning problem-solving heuristics through practice.,In Proceedings of the Seventh International Joint Conference on AI 127-134 (1981),"T.M. Mitchell, P.E. Utgoff, B. Nudel, R.B.",,,,,,,,,,,,,139
1367,Learning by Experimentation: Acquiring and Refining ProblemSolving Heuristics,"In Machine Learning: An Artificial Intelligence Approach,","Mitchell, T.M., P.E. Utgoff, and R. Banerji.","Palo Alto, California:",,1983.,"ed. R.S.  Michalski, J.G. Carbonell, and T.M. Mitchell,",,,163-190.,Tioga Publishing.,,,,,140
1368,Learning by experimentation: Acquiring and refining problem-solving heuristics.,Machine Learning: An Artificial Intelligence Approach,"Mitchell, T. M., Utgoff, P. E. &amp; Banerji, R. B.","San Mateo, CA.",,(1983).,"In R.S.  Michalski, J.G. Carbonell, &amp; T.M. Mitchell (Eds.),",,"(Vol. I),",,"Morgan Kaufmann,",,,,,140
1369,Learning by experimentation: Acquiring and refining problem-solving heuristics.,Machine Learning: An Artificial Intelligence Approach,"Mitchell, T. M., Utgoff, P. E. &amp; Banerji, R. B.","San Mateo, CA.",,(1983).,"In R.S.  Michalski, J.G. Carbonell, &amp; T.M. Mitchell (Eds.),",,"(Vol. I),",,"Morgan Kaufmann,",,,,,140
1370,(1983) Learning by experimentation: Acquiring and refining problem-solving heuristics.,Machine leaning: An artificial intelligence approach,"Mitchell, T. M., Utgoff, P., &amp; Banerji, R.","San Mateo, CA:",,,"In R. Michalski, J. Carbonell, &amp; T. Mitchell (Eds.),",,,(pp. 163-190).,M. Kaufmann.,,,,,140
1371,"Learning by experimentation: acquiring and refining problem-solving heuristics,","in &quot;Machine Learning, An Artificial Intelligence Approach, Volume I&quot;,","Mitchell, T., Utgoff, P. &amp; Banerji, R.","Palo Alto, California:",,"(1983),",,,,,Tioga Press.,,,,,140
1372,"Learning by experimentation: acquiring and refining problem-solving heuristics,","in &quot;Machine Learning, An Artificial Intelligence Approach, Volume I&quot;,","Mitchell, T., Utgoff, P. &amp; Banerji, R.","Palo Alto, California:",,"(1983),",,,,,Tioga Press.,,,,,140
1373,"Learning by experimentation: acquiring and refining problem-solving heuristics,","in &quot;Machine Learning, An Artificial Intelligence Approach,","Mitchell, T., Utgoff, P. &amp; Banerji, R.","Palo Alto, California:",,"(1983),",,,"Volume I&quot;,",,Tioga Press.,,,,,140
1374,Learning by Experimentation: Acquiring and refining problem-solving heuristics.,Machine Learning: An artificial intelligence approach.,"Mitchell, T., Utgoff, P. E., and Banerji, R.","Los Altos, CA,",,(1983).,"In R. S. Michalski, J. G. Carbonell and T. M. Mitchell (eds.)",,,pp. 163-189.,"Morgan Kaufmann, Inc.,",,,,,140
1375,Learning by Experimentation: Acquiring and refining problem-solving heuristics.,Machine Learning: An artificial intelligence approach.,"Mitchell, T., Utgoff, P. E., and Banerji, R.","Los Altos, CA,",,(1983).,"In R. S. Michalski, J. G. Carbonell and T. M. Mitchell (eds.)",,,pp. 163-189.,"Morgan Kaufmann, Inc.,",,,,,140
1376,Learning by experimentation: Acquiring and refining problem solving heuristics.,,"Mitchell, T., Utgoff, P., &amp; Banerji, R.","Palo Alto, CA.",,(1983).,"In Michalski, R., Carbonell, J., &amp; Mitchell, T. (Eds.),","Machine Learning,",,pp. 163-190.,"Tioga,",,,,,140
1377,Learning by experimentation: Acquiring and refining problem solving heuristics.,,"Mitchell, T., Utgoff, P., &amp; Banerji, R.","Palo Alto, CA.",,(1983).,"In Michalski, R., Carbonell, J., &amp; Mitchell, T. (Eds.),","Machine Learning,",,pp. 163-190.,"Tioga,",,,,,140
1378,Learning by experimentation: Acquiring and refining problem solving heuristics.,,"Mitchell, T., Utgoff, P., &amp; Banerji, R.","Palo Alto, CA.",,(1983).,"In Michalski, R., Carbonell, J., &amp; Mitchell, T. (Eds.),","Machine Learning,",,pp. 163-190.,"Tioga,",,,,,140
1379,Learning by experimentation: Acquiring and refining problem solving heuristics.,,"Mitchell, T., Utgoff, P., &amp; Banerji, R.","Palo Alto, CA.",,(1983).,"In Michalski, R., Carbonell, J., &amp; Mitchell, T. (Eds.),","Machine Learning,",,pp. 163-190.,"Tioga,",,,,,140
1380,Learning by experimentation: Acquiring and refining problem-solving heuristics.,"Machine learning: An artificial intelligence approach,","Mitchell, T., Utgoff, P., &amp; Banerji, R.",,,(1983).,"In Michalski, R., &amp; et al. (Eds.),",,Vol.1.,,Morgan Kaufmann.,,,,,140
1381,Learning by experimentation: Acquiring and refining problem-solving heuristics.,"Machine learning: An artificial intelligence approach,","Mitchell, T., Utgoff, P., &amp; Banerji, R.",,,(1983).,"In Michalski, R., &amp; et al. (Eds.),",,Vol. 1.,,Morgan Kaufmann.,,,,,140
1382,Learning by experimentation: Acquiring and refining problem-solving heuristics. In Machine Learning:,"An Artificial Intelligence Approach, chapter 6,","Mitchell, T., Utgoff, P., and Banerji, R.",,,(1984).,,,,pp. 163-190.,Springer-Verlag.,,,,,140
1383,Learning problem solving heuristics by experimentation.,Machine Learning: An Artificial Intelligence Approach.,"Mitchell, T., Utgoff, T., &amp; Banerji, R.","Palo Alto, CA.",,(1983).,"In Michalski, R., Mitchell, T., &amp; Carbonell, J. (Eds.),",,,,"Morgan Kaufmann,",,,,,140
1384,Learning problem solving heuristics by experimentation.,Machine Learning: An Artificial Intelligence Approach.,"Mitchell, T., Utgoff, T., &amp; Banerji, R.","Palo Alto, CA.",,(1983).,"In Michalski, R., Mitchell, T., &amp; Carbonell, J. (Eds.),",,,,"Morgan Kaufmann,",,,,,140
1385,Learning problem solving heuristics by experimentation.,Machine Learning: An Artificial Intelligence Approach.,"Mitchell, T., Utgoff, T., &amp; Banerji, R.","Palo Alto, CA.",,(1983).,"In Michalski, R., Mitchell, T., &amp; Carbonell, J. (Eds.),",,,,"Morgan Kaufmann,",,,,,140
1386,Learning problem solving heuristics by experimentation.,Machine Learning: An Artificial Intelligence Approach.,"Mitchell, T., Utgoff, T., and Banerji, R.","Palo Alto, CA:",,(1983).,"In Michalski, R., Mitchell, T., and Carbonell, J., editors,",,,,Morgan Kaufmann.,,,,,140
1387,&quot;Learning by Experimentation: Acquiring and Refining Problem-Solving Heuristics.&quot; In Machine Learning:,"An Artificial Intelligence Approach,","Mitchell, T.M., Utgoff, P., and Banerji, R.",,,1983.,"(Eds.). Michalski et al.,",,,,,,,,,140
1388,"Learning by Experimentation: Acquiring and Refining Problem-Solving Heuristics, Machine Learning: An Artificial Intelligence Approach,",,"Mitchell, T.M., Utgoff, P.E., and Banerji, R.","San Mateo, CA,",,1983.,"Mitchell (eds.),   R.S. Michalski, J.G. Carbonell, and T.M.",,,"pp. 163-189,","Morgan Kaufman Publishers,",,,,,140
1389,"Learning by Experimentation: Acquiring and Refining Problem-Solving Heuristics, Machine Learning: An Artificial Intelligence Approach,",,"Mitchell, T.M., Utgoff, P.E., and Banerji, R.","San Mateo, CA,",,1983.,"Mitchell (eds.),  R.S. Michalski, J.G. Carbonell, and T.M.",,,"pp. 163-189,","Morgan Kaufman Publishers,",,,,,140
1390,"Learning by Experimentation: Acquiring and Refining Problem-Solving Heuristics, Machine Learning: An Artificial Intelligence Approach,",,"Mitchell, T.M., Utgoff, P.E., and Banerji, R.","San Mateo, CA,",,1983.,"Mitchell (eds.),  R.S. Michalski, J.G. Carbonell, and T.M.",,,"pp. 163-189,","Morgan Kaufman Publishers,",,,,,140
1391,Learning by experimentation: Acquiring and refining problem-solving heuristics.,In Machine Learning.,"Mitchell, T.M.; Utgoff, P.E.; and Banerji, R.B.",,,1983.,,,,,Morgan Kaufmann.,,,,,140
1392,Learning by experimentation: Acquiring and refining problem-solving heuristics.,,"Mitchell, T.M.; Utgoff, P.E.; and Banerji, R.B.",,,1983.,,Machine Learning.,,,Morgan Kaufmann.,,,,,140
1393,Learning by Experimentation: Acquiring and Refining Problem Solving Heuristics In Machine Learning,,"Mitchell,T.M., Utgoff,P.E. &amp; Banerji,R.,",,,"1983,","eds Michalski,  Carbonell &amp; Mitchell,",,,,Tioga Press,,,,,140
1394,"&quot;Learning by Experimentation: Acquiring and Refining ProblemSolving Heuristics,&quot;","in Machine Learning:  An Artificial Intelligence Approach,","T. Mitchell, Utgoff, P. and Banerji, R.,",,,,"R. Michalski,",,,,J.,,,,,140
1395,"&quot;Learning by Experimentation: Acquiring and Refining ProblemSolving Heuristics,&quot;","in Machine Learning:  An Artificial Intelligence Approach,","T. Mitchell, Utgoff, P. and Banerji, R.,",,,,"R. Michalski,",,,,J.,,,,,140
1396,Learning by experimentation: Acquiring and refining problem-solving heuristics.,Machine Learning: An Artificial Intelligence Approach,"T. M. Mitchell, P. E. Utgoff, and R. B. Banerji.",,,1983.,"In R. S. Michalski, J. G. Carbonell, and T. M. Mitchell, editors,",,(Vol I).,,"Morgan Kaufmann,",,,,,140
1397,Learning problem solving heuristics by experimentation.,"In Machine Learning:  An Artificial Intelligence Approach,","Tom M. Mitchell, Paul E. Utgoff, and Ranan Banerji.","Palo Alto, CA,",,1983.,,,,pages 163-190.,"Morgan Kaufmann,",,,,,140
1398,Learning problem solving heuristics by experimentation.,"In Machine Learning: An Artificial Intelligence Approach,","Tom M. Mitchell, Paul E. Utgoff, and Ranan Banerji.","Palo Alto, CA,",,1983.,,,,pages 163-190.,"Morgan Kaufmann,",,,,,140
1399,Learning by experimentation: Acquiring and refining problem-solving heuristics.,"In Machine Learning, An Artificial Intelligence Approach,","Tom Mitchell, Paul Utgoff, and Ranan Banerji.","Palo Alto, CA,",,1983.,,,Volume I.,,"Tioga Press,",,,,,140
1400,Learning by experimentation: Acquiring and refining problem-solving heuristics.,"Machine learning: An artificial intelligence approach,","Mitchell, T.; Utgoff, P.; and Banerji, R.",,,1983.,"In Michalski, R., and et al., eds.,",,volume 1.,,Morgan Kaufmann.,,,,,140
1401,"Learning by Experimentation: Acquiring and Refining ProblemSolving Heuristics,","Machine Learning : An Artificial Intelligence Approach,","Mitchell, T. M., Utgoff, P. E. and Banerji, R.,","Palo Alto, California,",,1983.,"in:R. S. Michalski, J. G. Carbonell and T. M. Mitchell (eds.),",,,,"Tioga,",,,,,140
1402,Learning by experimentation: Acquiring and refining problem-solving heuristics.,Machine Learning.,"T.M. Mitchell, P.E. Utgoff, and R.B. Banerji.","Palo Alto, CA,",,1983.,"In J.G. Carbonell R.S. Michalski and T.M. Mitchell, editors,",,,,"Tioga,",,,,,140
1403,Learning problem solving heuristics by experimentation.,Machine Learning: An Artificial Intelligence Approach.,"T. Mitchell, T. Utgoff, and R. Banerji.","Palo Alto, CA,",,1983.,"In R. Michalski, T. Mitchell, and J. Carbonell, editors,",,,,"Morgan Kaufmann,",,,,,140
1404,Learning problem solving heuristics by experimentation.,Machine Learning: An Artificial Intelligence Approach.,"T. Mitchell, T. Utgoff, and R. Banerji.","Palo Alto, CA,",,1983.,"In R. Michalski, T. Mitchell, and J. Carbonell, editors,",,,,"Morgan Kaufmann,",,,,,140
1405,Learning by experimentation: Acquiring and refining problem-solving heuristics.,Machine Learning An Artificial Intelligence Approach,"T. M. Mitchell, P. E. Utgoff, and R. B. Banerji.",,,1983.,"In S. Michalski, Ryszard, G. Carbonell, Jaime, REFERENCES 44 and T. M. Mitchell, editors,",,(volume I).,,"Morgan Kaufmann,",,,,,140
1406,Learning by experimentation: Acquiring and refining problem-solving heuristics.,Machine Learning An Artificial Intelligence Approach,"T. M. Mitchell, P. E. Utgoff, and R. B. Banerji.",,,1983.,"In S. Michalski, Ryszard, G. Carbonell, Jaime, REFERENCES 44 and T. M. Mitchell, editors,",,(volume I).,,"Morgan Kaufmann,",,,,,140
1407,Learning by experimentation: Acquiring and refining problem solving heuristics.,"Machine Learning: An Artificial Intelligence Approach,","T.M. Mitchell, P.E. Utgoff, and R. Banerji.",Palo Alto:,,1983.,"In R.S.  Michalski, J.G. Carbonell, and T.M. Mitchell, editors,",,"volume 1,",pages 163-190.,"Tioga Publishing,",,,,,140
1408,Learning by experimentation: acquiring and refining problem-solving heuristics.,"Machine Learning, vol.","T. M. Mitchell, P. Utgoff, and R. Banerji.","Palo Alto, Ca,",,1983.,"In J. G. Carbonell, R. S. Michalski, and T. M. Mitchell, editors,",,"1,",,"Tioga,",,,,,140
1409,Learning by experimentation: Acquiring and refining problem-solving heuristics.,Machine Learning: An Artificial Intelligence Approach,"Mitchell, T. M., Utgoff, P. E. &amp; Banerji, R. B.","San Mateo, CA.",,(1983).,"In R.S.  Michalski, J.G. Carbonell, &amp; T.M. Mitchell (Eds.),",,"(Vol. I),",,"Morgan Kaufmann,",,,,,140
1410,Learning by experimentation: Acquiring and refining problem-solving heuristics.,"Machine learning: An artificial intelligence approach,","T. M. Mitchell, P. E. Utgoff, and R. B. Banerji.",,,1983.,"In R. S. Michalski, J. G. Carbonell, and T. M. Mitchell, editors,",,volume 1.,,"Morgan Kaufmann,",,,,,140
1411,"&quot;Learning by Experimentation: Acquiring and Refining Problem-Solving Heuristics,&quot;","Machine Learning, An Artificial Intelligence Approach,","Mitchell, T. M., Utgoff, P. E. and Banerji, R. B.,","Palo Alto, CA,",,1983.,"in R. S. Michalski, J. G. Carbonell and T. M. Mitchell (eds.),",,,,"Tioga Press,",,,,,140
1412,&quot;Learning by Experimentation: Acquiring and Refining Problem-Solving Heuristics,".&quot; In Machine 58 Learning:  An Artificial Intelligence Approach,","Tom M. Mitchell, Paul E. Utgoff, and Ranan Banerji.","Palo Alto, CA",,(1983).,"Michalski, Ryszard S., Car--bonell, Jamie G., and Mitchell, Tom M. (Eds).",,"Volume I,",,"Tioga Publishing Company,",,,,,140
1413,Learning by experimentation : Acquiring and refining problem-solving heuristics.,"Machine Learning : An Artificial Intelligence Approach,","T. M. Mitchell, P. E. Utgoff, and R. Banerji.","Los Altos, California,",,1983.,"In R. S. Michalski, J. G. Carbonell, and T. M. Mitchell, editors,",,"Vol. 1.,",pages 163-190.,"Morgan Kaufmann,",,,,,140
1414,"Learning and problem solving,",Proceedings of IJCAI-83.,"Mitchell, T. M.","Los Altos, CA:",,(1983),,,,1139-1151.,Morgan-Kaufmann.,,,,,141
1415,Learning by experimentation: acquiring and refining problem-solving heuristics.,,"Tom M. Mitchell, Paul E. Utgoff, and Ranan Banerji.",,,,In Michalski et al.,,"[30],",pages 163 - 190.,,,,,,140
1416,Learning by experimentation: Acquiring and refining problem-solving heuristics.,In Shavlik and Dietterich,Tom M. Mitchaell and Paul E. Utgoff.,,,,,,"[17],",pages 510-522.,,,,,,142
1417,Learning by experimentation: Acquiring and refining problem-solving heuristics.,In Shavlik and Dietterich,Tom M. Mitchaell and Paul E. Utgoff.,,,,,,"[17],",pages 510-522.,,,,,,142
1418,"&quot;Explanation-Based Learning: A Comparison of Symbolic and Neural Network Approaches.&quot;,","In Proceedings of the Tenth International Conference on Machine Learning,","Mitchell, T. and Thrun, S.,","San Mateo, CA,",,"(1993),","P. Utgoff (ed.),",,,,"Morgan Kaufmann,",,,,(http://www.informatik.uni-bonn.de/~thrun/mitchell.EBL-ml93.ps.Z),143
1419,Explanation based learning: A comparison of symbolic and neural network approaches.,"Proceedings of the Tenth International Conference on Machine Learning,",Tom M. Mitchell and Sebastian Thrun.,"San Mateo, CA,",,1993.,"In Paul E. Utgoff, editor,",,,"pages 197-204,",Morgan Kaufmann.,,,,,143
1420,Explanation based learning: A comparison of symbolic and neural network approaches.,"Proceedings of the Tenth International Conference on Machine Learning,",Tom M. Mitchell and Sebastian Thrun.,"San Mateo, CA,",,1993.,"In Paul E. Utgoff, editor,",,,"pages 197-204,",Morgan Kaufmann.,,,,,143
1421,Explanation based learning: A comparison of symbolic and neural network approaches.,"Proceedings of the Tenth International Conference on Machine Learning,",Tom M. Mitchell and Sebastian Thrun.,"San Mateo, CA,",,1993.,"In Paul E. Utgoff, editor,",,,"pages 197-204,",Morgan Kaufmann.,,,,,143
1422,Explanation based learning: A comparison of symbolic and neural network approaches.,"Proceedings of the Tenth International Conference on Machine Learning,",Tom M. Mitchell and Sebastian Thrun.,"San Mateo, CA,",,1993.,"In Paul E. Utgoff, editor,",,,"pages 197-204,",Morgan Kaufmann.,,,,,143
1423,Explanation based learning: A comparison of symbolic and neural network approaches.,"Proceedings of the Tenth International Conference on Machine Learning,",Tom M. Mitchell and Sebastian Thrun.,"San Mateo, CA,",,1993.,"In Paul E. Utgoff, editor,",,,"pages 197-204,",Morgan Kaufmann.,,,,,143
1424,Combinatorial optimization in inductive concept learning.,"In ML-93 ,",Dunja Mladenic.,,,,Editor: Paul E. Utgoff.,,,pages 205-211.,,,,,,144
1425,Combinatorial optimization in inductive concept learning.,"In ML-93 ,",Dunja Mladenic.,,,,Editor: Paul E Utgoff..,,,pages 205-211.,,,,,,144
1426,Combinatorial optimization in inductive concept learning.,"In ML-93 ,",Dunja Mladenic.,,,,Editor: Paul E. Utgoff.,,,pages 205-211.,,,,,,144
1427,Combinatorial optimization in inductive concept learning.,"In ML-93 ,",Dunja Mladenic.,,,,Editor: Paul E. Utgoff.,,,pages 205-211.,,,,,,144
1428,Combinatorial optimization in inductive concept learning.,"In ML-93 ,",Dunja Mladenic.,,,,Editor: Paul E. Utgoff.,,,pages 205-211.,,,,,,144
1429,Combinatorial optimization in inductive concept learning.,"In ML-93 ,",Dunja Mladenic.,,,,Editor: Paul E. Utgoff.,,,pages 205-211.,,,,,,144
1430,Combinatorial optimization in inductive concept learning.,"In ML-93 ,",Dunja Mladenic.,,,,Editor: Paul E. Utgoff.,,,pages 205-211.,,,,,,144
1431,Combinatorial optimization in inductive concept learning.,"In ML-93 ,",Dunja Mladenic.,,,,Editor: Paul E. Utgoff.,,,pages 205-211.,,,,,,144
1432,Combinatorial optimization in inductive concept learning.,"In ML-93 ,",Dunja Mladenic.,,,,Editor: Paul E. Utgoff.,,,pages 205-211.,,,,,,144
1433,Combinatorial optimization in inductive concept learning.,"In Machine Learning Proceedings of the Tenth International Conference,","Mladenic, D.","San Mateo, CA.",,(1993),"(P.E.Utgoff, ed.),",,,pp. 205-211.,"Morgan Kaufmann Pubishers,",,,,,144
1434,Learning Policies for Local Instruction Scheduling.,,"Moss, E., Cavazos, J., Stefanovic, D., Utgoff, P., Precup, D., Scheeff, D., &amp; Brodley, C.",,,(1997).,,,,,,,,,Submitted for publication.,145
1435,Decision theoretic subsampling for induction on large databases.,"Proceedings of the Tenth International Conference on Machine Learning,","Musick, R., Catlett, J., &amp; Russell, S.","San Francisco, CA.",,(1992).,"In Utgoff,  P. E. (Ed.),",,,pp. 212-219,Morgan Kaufmann.,,,,,146
1436,Decision theoretic subsampling for induction on large databases.,"In ML-93 ,","R. Musick, Jason Catlett, and S. Russell.",,,,Editor: Paul E. Utgoff.,,,pages 212-219.,,,,,,146
1437,Decision theoretic subsampling for induction on large databases.,"In ML-93 ,","R. Musick, Jason Catlett, and S. Russell.",,,,Editor: Paul E. Utgoff.,,,pages 212-219.,,,,,,146
1438,Decision theoretic subsampling for induction on large databases.,"In ML-93 ,","R. Musick, Jason Catlett, and S. Russell.",,,,Editor: Paul E. Utgoff.,,,pages 212-219.,,,,,,146
1439,Decision theoretic subsampling for induction on large databases.,"In ML-93 ,","R. Musick, Jason Catlett, and S. Russell.",,,,Editor: Paul E. Utgoff.,,,pages 212-219.,,,,,,146
1440,Decision theoretic subsampling for induction on large databases.,"In ML-93 ,","R. Musick, Jason Catlett, and S. Russell.",,,,Editor: Paul E. Utgoff.,,,pages 212-219.,,,,,,146
1441,Decision theoretic subsampling for induction on large databases.,"In ML-93 ,","R. Musick, Jason Catlett, and S. Russell.",,,,Editor: Paul E. Utgoff.,,,pages 212-219.,,,,,,146
1442,Decision theoretic subsampling for induction on large databases.,"In ML-93 ,","R. Musick, Jason Catlett, and S. Russell.",,,,Editor: Paul E. Utgoff.,,,pages 212-219.,,,,,,146
1443,Decision theoretic subsampling for induction on large databases.,"In ML-93 ,","R. Musick, Jason Catlett, and S. Russell.",,,,Editor: Paul E. Utgoff.,,,pages 212-219.,,,,,,146
1444,Decision theoretic subsampling for induction on large databases.,"In ML-93 ,","R. Musick, Jason Catlett, and S. Russell.",,,,Editor: Paul E. Utgoff.,,,pages 212-219.,,,,,,146
1445,"Quinlan (1993) &quot;Combining instance-based and model-based learning&quot;,",Proc. ML&apos;93,J. R.,San Mateo:,,,"(ed P.E. Utgoff),",,,,Morgan Kaufmann.,,,,,147
1446,Combining instance-based and model-based learning.,Proc. Int. Conf. on Mach. Learn.,"Quinlan, J. R.","San Francisco, CA.",,(1993b).,"In Utgoff, P. E. (Ed.),",,,,Morgan Kaufmann.,,,,,147
1447,Combining instance-based and model-based learning.,"Proceedings of the Machine Learning Conference &apos;93,",Quinlan J. R.,"San Mateo, CA,",,1993.,"In P. E. Utgoff, editor,",,,,Morgan Kaufmann.,,,,,147
1448,Combining instance-based and model-based learning.,"In ML-93 ,",John Ross Quinlan.,,,,Editor: Paul E. Utgoff.,,,pages 236-243.,,,,,,147
1449,Combining instance-based and model-based learning.,"In ML-93 ,",John Ross Quinlan.,,,,Editor: Paul E. Utgoff.,,,pages 236-243.,,,,,,147
1450,Combining instance-based and model-based learning.,"In ML-93 ,",John Ross Quinlan.,,,,Editor: Paul E. Utgoff.,,,pages 236-243.,,,,,,147
1451,Combining instance-based and model-based learning.,"In ML-93 ,",John Ross Quinlan.,,,,Editor: Paul E. Utgoff.,,,pages 236-243.,,,,,,147
1452,Combining instance-based and model-based learning.,"In ML-93 ,",John Ross Quinlan.,,,,Editor: Paul E. Utgoff.,,,pages 236-243.,,,,,,147
1453,Combining instance-based and model-based learning.,"In ML-93 ,",John Ross Quinlan.,,,,Editor: Paul E. Utgoff.,,,pages 236-243.,,,,,,147
1454,Combining instance-based and model-based learning.,"In ML-93 ,",John Ross Quinlan.,,,,Editor: Paul E. Utgoff.,,,pages 236-243.,,,,,,147
1455,Combining instance-based and model-based learning.,"In ML-93 ,",John Ross Quinlan.,,,,Editor: Paul E. Utgoff.,,,pages 236-243.,,,,,,147
1456,Combining instance-based and model-based learning.,"In ML-93 ,",John Ross Quinlan.,,,,Editor: Paul E. Utgoff.,,,pages 236-243.,,,,,,147
1457,Combining instance-based and model-based learn-ing.,"Proceedings of the 10th International Conference on Machine Learning,","Quinlan, J. R.",San Mateo.,,(1993b).,"In Utgoff, P. E., editor,",,,,Morgan Kaufmann.,,,,,147
1458,Combining instance-based and model-based learning.,"Proceedings of the 10th International Conference on Machine Learning,","Quinlan, J. R.",San Mateo.,,(1993b).,"In Utgoff, P. E., editor,",,,,Morgan Kaufmann.,,,,,147
1459,Lookahead feature construction for learning hard concepts.,"Machine Learning. Proceedings of the Tenth International Conference,","Ragavan, H., &amp; Rendell, L.","Amherst, MA.",,(1993).,"In Utgoff, P. E. (Ed.), MLC-93:",,,pp. 252-259,Morgan Kaufmann Publishers Inc.,"University of Massachusetts,",,,,148
1460,Lookahead feature construction for learning hard concepts.,"In ML-93 ,",Harish Ragavan and Larry Rendell.,,,,Editor: Paul E. Utgoff.,,,pages 252-259.,,,,,,148
1461,Lookahead feature construction for learning hard concepts.,"In ML-93 ,",Harish Ragavan and Larry Rendell.,,,,Editor: Paul E. Utgoff,,,pages 252-259.,,,,,,148
1462,Lookahead feature construction for learning hard concepts.,"In ML-93 ,",Harish Ragavan and Larry Rendell.,,,,Editor: Paul E. Utgoff.,,,pages 252-259.,,,,,,148
1463,Lookahead feature construction for learning hard concepts.,"In ML-93 ,",Harish Ragavan and Larry Rendell.,,,,Editor: Paul E. Utgoff.,,,pages 252-259.,,,,,,148
1464,Lookahead feature construction for learning hard concepts.,"In ML-93 ,",Harish Ragavan and Larry Rendell.,,,,Editor: Paul E. Utgoff,,,pages 252-259.,,,,,,148
1465,Lookahead feature construction for learning hard concepts.,"In ML-93 ,",Harish Ragavan and Larry Rendell.,,,,Editor: Paul E. Utgoff,,,pages 252-259.,,,,,,148
1466,Lookahead feature construction for learning hard concepts.,"In ML-93 ,",Harish Ragavan and Larry Rendell.,,,,Editor: Paul E. Utgoff.,,,pages 252-259.,,,,,,148
1467,Lookahead feature construction for learning hard concepts.,"In ML-93 ,",Harish Ragavan and Larry Rendell.,,,,Editor: Paul E. Utgoff,,,pages 252-259.,,,,,,148
1468,Lookahead feature construction for learning hard concepts.,"In ML-93 ,",Harish Ragavan and Larry Rendell.,,,,Editor: Paul E. Utgoff.,,,pages 252-259.,,,,,,148
1469,An SE-tree based characterization of the induction problem.,"In ML-93 ,",Ron Rymon.,,,,Editor: Paul E. Utgoff.,,,pages 268-275.,,,,,,149
1470,An SE-tree based characterization of the induction problem.,"In ML-93 ,",Ron Rymon.,,,,Editor: Paul E. Utgoff.,,,pages 268-275.,,,,,,149
1471,An SE-tree based characterization of the induction problem.,"In ML-93 ,",Ron Rymon.,,,,Editor: Paul E. Utgoff.,,,pages 268-275.,,,,,,149
1472,An SE-tree based characterization of the induction problem.,"In ML-93 ,",Ron Rymon.,,,,Editor: Paul E. Utgoff.,,,pages 268-275.,,,,,,149
1473,An SE-tree based characterization of the induction problem.,"In ML-93 ,",Ron Rymon.,,,,Editor: Paul E. Utgoff.,,,pages 268-275.,,,,,,149
1474,An SE-tree based characterization of the induction problem.,"In ML-93 ,",Ron Rymon.,,,,Editor: Paul E. Utgoff.,,,pages 268-275.,,,,,,149
1475,An SE-tree based characterization of the induction problem.,"In ML-93 ,",Ron Rymon.,,,,Editor: Paul E. Utgoff.,,,pages 268-275.,,,,,,149
1476,An SE-tree based characterization of the induction problem.,"In ML-93 ,",Ron Rymon.,,,,Editor: Paul E. Utgoff.,,,pages 268-275.,,,,,,149
1477,An SE-tree based characterization of the induction problem.,"In ML-93 ,",Ron Rymon.,,,,Editor: Paul E. Utgoff.,,,pages 268-275.,,,,,,149
1478,The TAMU Security Package: An Outgoing Response to Internet Intruders in an Academic Environment.,"In Proceedings of the Fourth USENIX Security Symposium. USENIX Association,","David R. Safford, Douglas L. Schales, and David K. Hess.",,,1993.,,,,,,,,,,150
1479,Learning what is relevant to the effects of actions for a mobile robot.,,"Schmill, M. D.; Rosenstein, M. T.; Cohen, P. R.; and Utgoff, P.",,,1998.,,,,,,,,,To appear in Proceedings of the Second International Conference on Autonomous Agents.,151
1480,"A reinforcement learning method for maximizing undiscounted rewards,","&quot;Proceedings of the Tenth International Conference on Machine Learning&quot;,","Schwartz, A.",,,"(1993),","in P. Utgoff, ed.,",,,,Morgan Kaufmann.,,,,,152
1481,A reinforcement learning method for maximizing undiscounted rewards.,"Proceedings of the Tenth International Conference on Machine Learning,","Schwartz, A.","San Francisco, CA.",,(1993).,"In Utgoff, P. (Ed.),",,,pp. 298-305,Morgan Kaufmann.,,,,,152
1482,: Consistent nonparametric regression.,,"Stone, C.J.",,,(1977),,"The Annals of Statistics,","5 ,",595-645.,,,,,,153
1483,&quot;Incremental Rule Learning Using Entropy Based Search&quot;,,Torgo L.,,,(1990):,,,,,,,,,,154
1484,: Data Fitting with Rule-based Regression.,"In Proceedings of the 2nd international workshop on Artificial Intelligence Techniques (AIT95) ,","Torgo, L.",Czech Republic.,,(1995),"Zizka,J.  and Brazdil,P. (eds.)",,,,,,,,,155
1485,Acquisition of appropriate bias for inductive concept learning.,In Proceedings of AAAI-82.,"Utgoff, P. E., &amp; Mitchell, T. M.","Los Altos, CA:",,(1982).,,,,414-417.,Morgan-Kaufmann.,,,,,156
1486,Acquisition of appropriate bias for inductive concept learning.,Proceedings of the Second National Conference on Artificial Intelligence,"Utgoff, P. E., &amp; Mitchell, T. M.","Pittsburgh, PA:",,(1982).,,,,(pp.  414-417).,Morgan Kaufmann.,,,,,156
1487,Acquisition of Appropriate Bias for Inductive Concept Learning.,"In Proc. of AAAI-82,",P. E. Utgoff and T. M. Mitchell.,"Pittsburgh, PA,",,1982.,,,,,,,,,,156
1488,Acquisition of appropriate bias for inductive concept learning.,"In AAAI-82,",Paul Utgoff and Tom M. Mitchell.,,,1982.,,,,"pages 414-417,",,,,,,156
1489,Learning by experimentation: Acquiring and refining problem- solving heuristics.,In Machine Learning.,Utgoff P. E. Mitchell Tom M. and Banerji R. B.,,,1982.,,,,,"Tioga,",,,,,140
1490,Adjusting bias in concept learning.,"In IJCAI-83,",P.E. Utgoff.,"Los Angeles, CA,",,1983.,,,,"pages 447-449,",Kaufmann.,,,,,157
1491,Shift of bias for inductive concept learning.,,"Utgoff, P. E.","Rutgers University, New Brunswick, NJ.",,(1984).,,,,,,"Department of Computer Science,","Doctoral Dissertation,",,,158
1492,Shift of bias for inductive concept learning.,,Paul Utgoff.,,,1984.,,,,,,"Rutgers University,","Technical Report CBM-TR-145,",,,159
1493,Shift of Bias for Inductive Concept Learning.,,P. E. Utgoff.,,,1984.,,,,,,"Rutgers, Laboratory for Computer Science Research,","PhD thesis,",,,158
1494,Shift of Bias for Inductive Concept Learning.,,P. E. Utgoff.,,,1984.,,,,,,"Rutgers, Laboratory for Computer Science Research,","PhD thesis,",,,158
1495,Shift of Bias for Inductive Concept Learning.,,P. Utgoff.,,,1984.,,,,,,"Rutgers, Laboratory for Computer Science Research,","PhD thesis,",,,158
1496,Shift of Bias for Inductive Concept Learning.,,P. Utgoff.,,,1984.,,,,,,"Rutgers, Laboratory for Computer Science Research,","PhD thesis,",,,158
1497,Machine Learning of Inductive Bias.,,"Utgoff, P. E.",Boston MA.,,(1986).,,,12,,"Kluwer Academic,",,,,,160
1498,,"Machine Learning of Inductive Bias. Hingham,","Utgoff, P. E.",,,(1986).,,,,,MA: Kluwer.,,,,,160
1499,,"Machine Learning of Inductive Bias. Hingham,","Utgoff, P. E.",,,(1986).,,,,,MA: Kluwer.,,,,,160
1500,,Machine Learning of Inductive Bias.,P. Utgoff.,,,1986.,,,,,"Kluwer Academic,",,,,,160
1501,,Machine Learning of Inductive Bias.,P. Utgoff.,,,1986.,,,,,"Kluwer Academic,",,,,,160
1502,,Machine Learning of Inductive Bias.,Paul E. Utgoff.,,,1986.,,,,,"Kluwer Academic Publishers,",,,,,160
1503,,Machine Learning of Inductive Bias.,Paul E. Utgoff.,,,1986.,,,,,"Kluwer Academic Publishers,",,,,,160
1504,,Machine Learning of Inductive Bias.,"P. E. Utgoff,","Boston, MA:",,1986.,,,,,"Kluwer Academic Publishers,",,,,,160
1505,,Machine Learning of Inductive Bias.,"P. E. Utgoff,","Boston, MA:",,1986.,,,,,"Kluwer Academic Publishers,",,,,,160
1506,,Machine Learning of Inductive Bias.,P. E. Utgoff.,,,1986.,,,,,"Kluwer Academic Publishers,",,,,,160
1507,,Machine Learning of Inductive Bias.,P. E. Utgoff.,,,1986.,,,,,"Kluwer Academic Publishers,",,,,,160
1508,,Machine Learning of Inductive Bias.,P. E. Utgoff.,,,1986.,,,,,"Kluwer Academic Publishers,",,,,,160
1509,,Machine Learning of Inductive Bias.,"Utgoff, P.",,,(1986).,,,"Vol.15,",28,Kluwer Academic.,,,,"Kluwer International Series in Engineering and Computer Science,",160
1510,,Machine Learning of Inductive Bias.,"Utgoff, P. E.",,,1986.,,,32,,"Kluwer Academic Publishers,",,,,,160
1511,,Machine Learning of Inductive Bias.,"Utgoff, P. E.",,,1986.,,,32,,"Kluwer Academic Publishers,",,,,,160
1512,,Machine Learning of Inductive Bias.,P. Utgoff.,"Boston, MA,",,1986.,,,,,"Kluwer Academic Publishers,",,,,,160
1513,,Machine Learning of Inductive Bias.,"Utgoff, P.",,,(1986).,,,"Vol.15,",6,Kluwer Academic.,,,,"Kluwer International Series in Engineering and Computer Science,",160
1514,,Machine Learning of Inductive Bias.,"Utgoff, P. E.",,,1986.,,,35,,"Kluwer Academic Publishers,",,,,,160
1515,,Machine Learning of Inductive Bias.,"Utgoff, P. E.",,,1986.,,,35,,"Kluwer Academic Publishers,",,,,,160
1516,,Machine Learning of Inductive Bias.,"Utgoff, P. E.",,,1986.,,,35,,"Kluwer Academic Publishers,",,,,,160
1517,,Machine Learning of Inductive Bias.,"Utgoff, P.",,,(1986).,,,"Vol.15,",,Kluwer Academic.,,,,"Kluwer International Series in Engineering and Computer Science,",160
1518,,Machine Learning of Inductive Bias.,P.E. Utgoff.,,,1986.,,,,,"Kluwer Academic Publishers,",,,,,160
1519,,"&quot;Machine Learning of Inductive Bias&quot;,","Paul E. Utgoff,","Boston, MA,",,1986.,,,,,"Kluwer Academc Publisher,",,,,,160
1520,,"&quot;Machine Learning of Inductive Bias&quot;,","Paul E. Utgoff,","Boston, MA,",,1986.,,,,,"Kluwer Academc Publisher,",,,,,160
1521,,Machine Learning of Inductive Bias.,"Utgoff, P. E.,","Boston MA,",,1986.,,,,,"Kluwer Academic,",,,,,160
1522,Shift of bias for inductive concept-learning.,"Machine Learning: an artificial intelligence approach,",P.E. Utgoff.,,,1986.,"In R.S Michalski, J.G. Carbonell, and T.M. Mitchell, editors,",,,pages 107-148.,"Morgan Kaufmann,",,,,This article was processed using the L a T E X macro package with LLNCS style,161
1523,"&quot;Shift of Bias for Inductive Learning,&quot;,","in Machine Learning:  An Artificial Intelligence Approach,","Utgoff, P.,","Los Altos, CA,",,1986.,"R. Michalski, J. Carbonell, and T. Mitchell (eds.),",,"Vol. II,","pp. 107-148,","Morgan Kaufman,",,,,,161
1524,"&quot;Shift of Bias for Inductive Learning,&quot;,","in Machine Learning: An Artificial Intelligence Approach,","Utgoff, P.,","Los Altos, CA,",,1986.,"R. Michalski, J. Carbonell, and T. Mitchell (eds.),",,"Vol. II,","pp. 107-148,","Morgan Kaufman,",,,,,161
1525,Shift of bias for inductive concept learning.,"Machine Learning II,","Utgoff, P.",,,(1986).,"In Michalski, R., Carbonell, J., and Mitchell, T., editors,",,,pages 107-148.,Morgan Kaufman.,,,,,161
1526,Shift of bias for inductive concept learning.,"Machine Learning II,","Utgoff, P.",,,(1986).,"In Michalski, R., Carbonell, J., and Mitchell, T., editors,",,,pages 107-148.,Morgan Kaufman.,,,,,161
1527,Shift of bias for inductive concept learning.,"Machine Learning II,","Utgoff, P.",,,(1986).,"In Michalski, R., Carbonell, J., and Mitchell, T., editors,",,,pages 107-148.,Morgan Kaufman.,,,,,161
1528,Shift of bias for inductive concept learning.,"Machine Learning II,","Utgoff, P.",,,(1986).,"In Michalski, R., Carbonell, J., and Mitchell, T., editors,",,,pages 107-148.,Morgan Kaufman.,,,,,161
1529,"&quot;Shift of Bias for Inductive Learning,&quot;,","in Machine Learning: An Artificial Intelligence Approach,","P. Utgoff,","Los Altos, CA,",,1986.,"R. Michalski, J. Carbonell, and T. Mitchell (eds.),",,"Vol. II,","pp. 107-148,","Morgan Kaufman,",,,,,161
1530,"&quot;Shift of Bias for Inductive Learning,&quot;,","in Machine Learning: An Artificial Intelligence Approach,","P. Utgoff,","Los Altos, CA,",,1986.,"R. Michalski, J. Carbonell, and T. Mitchell (eds.),",,"Vol. II,","pp. 107-148,","Morgan Kaufman,",,,,,161
1531,"&quot;Shift of Bias For Inductive Concept Learning&quot;,","Machine Learning: An AI Approach,","Utgoff, P.","Los Altos, CA:",,(1985).,"Eds) in Michalski R., Carbonell J. &amp; Mitchell T.(",,Vol. II.,pp.107-148.,"Morgan Kaufmann),",,,,,161
1532,Shift of bias for inductive concept learning.,"Machine Learning: An Artificial Intelligence Approach,","Utgoff, P.",,,(1986).,"In Michalski, R. S., Carbonell, J. G., &amp; Mitchell, T. M. (Eds.),",,"Vol. II,",pp. 107-148.,Morgan Kaufman.,,,,,161
1533,Shift of bias for inductive concept learning.,"Machine Learning: An Artificial Intelligence Approach,","Utgoff, P.",,,(1986).,"In Michalski, R. S., Carbonell, J. G., &amp; Mitchell, T. M. (Eds.),",,"Vol. II,",pp. 107-148.,Morgan Kaufman.,,,,,161
1534,Shift of bias for inductive concept learning.,"Machine Learning,","Utgoff, P.","Los Altos, CA.",,(1986).,"In Michalski, R., Carbonell, J., and Mitchell, T., editors,",,"volume 2,",pages 163-190.,"Morgan Kaufmann,",,,,,161
1535,Shift of bias for inductive concept learning.,"Machine Learning,","Utgoff, P.","Los Altos, CA.",,(1986).,"In Michalski, R., Carbonell, J., and Mitchell, T., editors,",,"volume 2,",pages 163-190.,"Morgan Kaufmann,",,,,,161
1536,Shift of bias for inductive concept learning.,"Machine Learning,","Utgoff, P.","Los Altos, CA.",,(1986).,"In Michalski, R., Carbonell, J., and Mitchell, T., editors,",,"volume 2,",pages 163-190.,"Morgan Kaufmann,",,,,,161
1537,Shift of bias for inductive concept learning.,"In Machine Learning,","Utgoff, P.","Los Altos, CA.",,(1986).,,,volume 2.,,"Morgan Kaufmann,",,,,,161
1538,Shift of bias for inductive concept learning.,"In Machine Learning,","Utgoff, P.","Los Altos, CA.",,(1986).,,,volume 2.,,"Morgan Kaufmann,",,,,,161
1539,Shift of bias for inductive concept learning.,"In Machine Learning,","Utgoff, P.","Los Altos, CA.",,(1986).,,,volume 2.,,"Morgan Kaufmann,",,,,,161
1540,Shift of bias for inductive concept learning.,"In Machine Learning,","Utgoff, P.","Los Altos, CA.",,(1986).,,,volume 2.,,"Morgan Kaufmann,",,,,,161
1541,Shift of bias for inductive concept learning.,"In Machine Learning,","Utgoff, P.","Los Altos, CA.",,(1986).,,,volume 2.,,"Morgan Kaufmann,",,,,,161
1542,Shift of bias for inductive concept learning.,"Machine Learning: An Artificial Intelligence Approach,","Utgoff, P.","Los Altos, CA:",,(1986).,,,volume 2.,,Morgan Kauf-mann.,,,,,161
1543,Shift of bias for inductive concept learning.,Machine Learning: An Artificial Intelligence Approach II.,"Utgoff, P.","Los Altos, CA.",,1986.,"editors In Michalski, R.; Carbonell, J.; and Mitchell, T.,",,,107-148.,Morgan Kaufmann:,,,,,161
1544,Shift of Bias for Inductive Concept Learning.,Machine learning.,"Utgoff, P. E.",,,(1986).,"In R. S. Michalski, J. G. Carbonell, &amp; T.",,,,,,,,,161
1545,Shift of bias for inductive concept learning.,Machine learning: An artificial intelligence approach.,"Utgoff, P. E.","San Mateo, CA:",,(1986).,"In Michalski, Carbonell &amp; Mitchell (Eds.),",,,,Morgan Kaufmann.,,,,,161
1546,Shift of bias for inductive concept learning.,Machine learning: An artificial intelligence approach.,"Utgoff, P. E.","San Mateo, CA:",,(1986).,"In Michalski, Carbonell &amp; Mitchell (Eds.),",,,,Morgan Kaufmann.,,,,,161
1547,Shift of bias for inductive concept learning.,,"Utgoff, P. E.","San Mateo, CA:",,(1986).,"In Michalski, Carbonell, &amp; Mitchell (Eds.),","Machine Learning,","Vol. 2, chap. 5,",pp. 107-148.,Morgan Kaufmann.,,,,,161
1548,Shift of bias for inductive concept learning.,,"Utgoff, P. E.","San Mateo, CA:",,(1986).,"In Michalski, Carbonell, &amp; Mitchell (Eds.),","Machine Learning,","Vol.2, chap. 5,",pp. 107-148.,Morgan Kaufmann.,,,,,161
1549,Shift of bias for inductive concept learning.,"Machine Learning: An Artificial Intelligence Approach,","Utgoff, P. E.","Los Altos, CA.",,(1986).,"In Michalski, R., Carbonell, J., &amp; Mitchell, T. (Eds.),",,"Vol. II,",pp. 107-148.,"Morgan Kaufmann,",,,,,161
1550,Shift of bias for inductive concept learning.,"Machine Learning: An Artificial Intelligence Approach,","Utgoff, P. E.","Los Altos, CA.",,(1986).,"In Michalski, R., Carbonell, J., &amp; Mitchell, T. (Eds.),",,"Vol. II,",pp. 107-148.,"Morgan Kaufmann,",,,,,161
1551,Shift of bias for inductive concept learning.,"Machine Learning: An Artificial Intelligence Approach,","Utgoff, P. E.","Los Altos, CA.",,(1986).,"In Michalski, R., Carbonell, J., &amp; Mitchell, T. (Eds.),",,"Vol. II,",pp. 107-148.,"Morgan Kaufmann,",,,,,161
1552,Shift of Bias for Inductive Concept Learning.,,"Utgoff, P. E.",,,1986.,"In R. S. Michalski, J. G.",,,,,,,,,161
1553,Shift of Bias for Inductive Concept Learning.,In Machine Learning:  An Artificial Intelligence Approach:,"Utgoff, P. E.,",,,1986.,eds R.,,"Volume II,",,,,,,,161
1554,Shift of Bias for Inductive Concept Learning.,In Machine Learning: An Artificial Intelligence Approach:,"Utgoff, P. E.,",,,1986.,eds R.,,"Volume II,",,,,,,,161
1555,"Shift of Bias for Inductive Concept Learning,",in Machine Learning:  An Artificial Intelligence Approach,"Utgoff, P.,",,,,"Michalski, R.S., Carbonell, J.G., and Mitchell, T. M. (Eds.),",,"Vol. II,",,"Morgan Kaufmann Publishers,",,,,,161
1556,Shift of bias for inductive concept learning.,,"Utgoff, P.E.",,,(1986).,"In J.G.  Carbonell, R.S.",,,,,,,,,161
1557,"Shift of Bias for Inductive Learning,","Machine Learning: An Artificial Intelligence Approach,","Utgoff, P.E.,","Los Altos, CA,",,1986.,"J.G. Carbonell and T.M. Mitchell (Eds.) R.S. Michalski (Eds.),",,"Vol. II,",,"Morgan Kaufmann,",,,,,161
1558,Shift of Bias for Inductive Concept Learning.,,"Utgoff, Paul E.",,,(1986).,"In R. T. Michalski, J. Carbonell,",,,,,,,,,161
1559,Shift of bias for inductive concept learning.,"Machine Learning: An Artificial Intelligence Approach,",P.E. Utgoff.,,,1986.,"In R.S. Michalski, J.G. Carbonell, and T.M. Mitchell, editors,",,Volume II.,,"Morgan Kaufmann,",,,,,161
1560,Shift of bias for inductive concept learning.,"Machine Learning: An Artificial Intelligence Approach,",P.E. Utgoff.,,,1986.,"In R.S. Michalski, J.G. Carbonell, and T.M. Mitchell, editors,",,Volume II.,,"Morgan Kaufmann,",,,,,161
1561,Shift of bias for inductive concept learning.,"Machine Learning: An Artificial Intelligence Approach,",P.E. Utgoff.,,,1986.,"In R.S. Michalski, J.G. Carbonell, and T.M. Mitchell, editors,",,Volume II.,,"Morgan Kaufmann,",,,,,161
1562,Shift of bias of induc tive concept learning.,"Machine Learning: An Artificial Intelligence Approach,","Utgoff, P. E.",,,1986.,"In Michalski, R.S.; Carbonell, J.G.; and T.M., Mitchell,",,Vol II.,107-148.,Morgan Kaufmann Publishers.,,,,,161
1563,Shift of bias of inductive concept learning.,"Machine Learning: An Artificial Intelligence Approach,","Utgoff, P. E.",,,1986.,"In Michalski, R.S.; Carbonell, J.G.; and T.M.,  Mitchell,",,Vol II.,107-148.,Morgan Kaufmann Publishers.,,,,,161
1564,Shift of bias of inductive concept learning.,"Machine Learning: An Artificial Intelligence Approach,","Utgoff, P. E.",,,1986.,"In Michalski, R.S.; Carbonell, J.G.; and T.M., Mitchell,",,Vol II.,107-148.,Morgan Kaufmann Publishers.,,,,,161
1565,Shift of bias of inductive concept learning.,"Machine Learning: An Artificial Intelligence Approach,","Utgoff, P. E.",,,1986.,"In Michalski, R.S.; Carbonell, J.G.; and T.M., Mitchell,",,Vol II.,107-148.,Morgan Kaufmann Publishers.,,,,,161
1566,Shift of bias of inductive concept learning.,"Machine Learning: An Artificial Intelligence Approach,","Utgoff, P. E.",,,1986.,"In Michalski, R.S.; Carbonell, J.G.; and T.M., Mitchell,",,Vol II.,107-148.,Morgan Kaufmann Publishers.,,,,,161
1567,Shift of bias for Inductive Concept Learning.,In Machine learning,P. E. Utgoff.,,,1986.,,,II.,,"Morgan Kaufman,",,,,,161
1568,"Shift of bias for inductive concept learning,","Machine Learning: An Artificial Intelligence Approach 2 (Springer-Verlag,","P. Utgoff,","Palo Alto (CA),",,1986),"in: R.S. Mickalski, J.G. Carbonell and T.M. Mitchell, eds.,",,,107-149.,,,,,,161
1569,"Shift of bias for inductive concept learning,.","Machine Learning: An Artificial Intelligence Approach 2 (Springer-Verlag,","P. Utgoff,","Palo Alto (CA),",,1986),"in: R.S. Mickalski, J.G Carbonell and T.M. Mitchell, eds.,",,,107-149.,,,,,,161
1570,Shift of bias for inductive concept learning.,"In Machine Learning:  An Artificial Intelligence Approach,",P. Utgoff.,"San Mateo, CA, USA,",,1986.,,,volume III.,,"Morgan Kaufmann,",,,,,161
1571,Shift of bias for inductive concept learning.,Machine Learning: An Artificial Intelligence Approach:,"Utgoff, P.",Los Altos:,,(1986).,"In R. Michal ski, J. Carbonell and T. Mitchell (Eds.),",,Vol II,(pp. 107-148,Morgan Kaufmann.,,,,,161
1572,Shift of bias for inductive concept learning.,"Machine Learning: An Artificial Intelligence Approach,",P. E. Utgoff.,"Los Altos, CA,",,1986.,"In R. S. Michalski, J. G. Carbonell, and T. M. Mitchell, editors,",,10,"pages 107-148,",Morgan Kaufmann.,,,,,161
1573,Shift of bias for inductive concept learning.,"In Machine Learning,",P. Utgoff.,"Los Altos, CA,",,1986.,,,volume 2.,,"Morgan Kaufmann,",,,,,161
1574,Shift of bias for inductive concept learning.,,P. Utgoff.,"Los Altos, CA,",,1986.,"In R. Michalski, J. Carbonell, and T. Mitchell, editors,","Machine Learning,","volume 2,",pages 163-190.,"Morgan Kauf-mann,",,,,,161
1575,Shift of bias for inductive concept learning.,,P. Utgoff.,"Los Altos, CA,",,1986.,"In R. Michalski, J. Carbonell, and T. Mitchell, editors,","Machine Learning,","volume 2,",pages 163-190.,"Morgan Kaufmann,",,,,,161
1576,Shift of bias for inductive concept learning.,,P. Utgoff.,"Los Altos, CA,",,1986.,"In R. Michalski, J. Carbonell, and T. Mitchell, editors,","Machine Learning,","volume 2,",pages 163-190.,"Morgan Kaufmann,",,,,,161
1577,Shift of bias for inductive concept learning.,,P. Utgoff.,"Los Altos, CA,",,1986.,"In R. Michalski, J. Carbonell, and T. Mitchell, editors,","Machine Learning,","volume 2,",pages 163-190.,"Morgan Kaufmann,",,,,,161
1578,Shift of bias for inductive concept learning.,Machine Learning: An Artificial Intelligence Approach:,"Utgoff, P.",Los Altos:,,(1986).,"In R. Michal-ski, J. Carbonell and T. Mitchell (Eds.),",,Vol II,(pp.  107-148,Morgan Kaufmann.,,,,,161
1579,Shift of bias for inductive concept learning.,Machine Learning: An Artificial Intelligence Approach,P E Utgoff.,,,1986.,"In R S Michalski, J G Carbonell, and T M Mitchell, editors,",,(Volume 2).,,"Morgan Kaufmann,",,,,,161
1580,Shift of bias for inductive concept learning.,Machine Learning. An Artificial Intelligence Approach.,"Utgoff, Paul E.","Los Altos, CA,",,,"In Michalski, Ryszard S., Car-bonell, Jaime G., and Mitchell, Tom M., editors,",,"Volume II,",pages 107-148.,"Morgan Kauf-mann,",,,,,161
1581,Shift of bias for inductive concept learning.,Machine Learning. An Artificial Intelligence Approach.,"Utgoff, Paul E.","Los Altos, CA,",,1986.,"In Michalski, Ryszard S., Carbonell, Jaime G., and Mitchell, Tom M., editors,",,"Volume II,",pages 107-148.,"Morgan Kaufmann,",,,,,161
1582,Shift of bias for inductive concept learning.,Machine Learning. An Artificial Intelligence Approach.,"Utgoff, Paul E.","Los Altos, CA,",,1986.,"In Michalski, Ryszard S., Carbonell, Jaime G., and Mitchell, Tom M., editors,",,"Volume II,",pages 107-148.,"Morgan Kaufmann,",,,,,161
1583,Utgoff &quot;Shift of Bias for Inductive Concept Learning&quot;,"in Machine Learning:  An Artificial Intelligence Approach,",P. E.,,,"1986,",,,,,Morgan Kaufmann.,,,,,161
1584,Utgoff &quot;Shift of Bias for Inductive Concept Learning&quot;,"in Machine Learning: An Artificial Intelligence Approach,",P. E.,,,"1986,",,,,,Morgan Kaufmann.,,,,,161
1585,Shift of Bias for Inductive Concept Learning.,"Machine Learning: An Artificial Intelligence Approach,","Utgoff, P. E.","Los Altos, CA,",,"1986,","In R. S. Michalski, J. G. Carbonell and T. M. Mitchell, Ed.,",,"Volume II,",pp. 107-148.,"Morgan Kaufmann,",,,,,161
1586,Shift Of Bias For Inductive Concept Learning.,,P. Utgoff.,"Los Altos, Ca,",,1986.,"In R. S. Michalshi, J. G. Carbonell, and T. M. Mitchell, editors,","Machine Learning,",,page 107.,"Morgan Kaufman,",,,,,161
1587,Shift Of Bias For Inductive Concept Learning.,,P. Utgoff.,"Los Altos, Ca,",,1986.,"In R. S. Michalshi, J. G. Carbonell, and T. M. Mitchell, editors,","Machine Learning,",,page 107.,"Morgan Kaufman,",,,,,161
1588,Shift Of Bias For Inductive Concept Learning.,,P. Utgoff.,"Los Altos, Ca,",,1986.,"In R. S. Michalshi, J. G. Carbonell, and T. M. Mitchell, editors,","Machine Learning,",,page 107.,"Morgan Kaufman,",,,,,161
1589,Learning a preference predicate.,Proceedings of the Fourth International Workshop on Machine Learning,"Utgoff, P. E., &amp; Saxena, S.","Irvine, CA:",,(1987).,,,,(pp. 115-121).,Morgan Kauf-mann.,,,,,162
1590,Learning a preference predicate.,"In Proceedings of the Fourth International Workshop on Machine Learning,","Utgoff, P., and Saxena, S.",,,1987.,,,,115-121.,,,,,,162
1591,"&quot;Learning a Preference Predicate,&quot;","Proceedings of the 4th International Conference on Machine Learning,","P. Utgoff and S. Saxena,",,,1987.,,,,"pp. 115-121,",,,,,,162
1592,Learning a preference predicate.,"In Proceedings of the Fourth International Workshop on Machine Learning,","Utgoff, P. and Saxena, S.",,,(1987).,,,,pages 115-121.,,,,,,162
1593,Learning and Generalizing Move Selection Preferences.,"In Proceedings of the AAAI 1988 Spring Symposium Series: Computer Game Playing,","Utgoff, P.E., and P.S. Heitman.","Stanford, California.",,1988.,,,,36-40.,,,,,,163
1594,"&quot;ID5: An Incremental ID3&quot;,","in Proc. of 5th International Workshop on Machine Learning , J.",Utgoff P.E.,"Ann Harbour,",,(1988):,"Laird (ed.),",,,,Morgan Kaufmann Inc.,,,,,164
1595,"&quot;ID5: An Incremental ID3&quot;,","in Proc. of 5th International Workshop on Machine Learning , J.",Utgoff P.E.,"Ann Harbour,",,(1988):,"Laird (ed.),",,,,Morgan Kaufmann Inc.,,,,,164
1596,ID5R: An incremental ID3.,Proceedings of the Fifth International Conference on Machine Learning,"Utgoff, P.","Ann Arbor, Michigan:",,(1988).,,,27,(pp. 107 - 120).,Morgan Kaufmann.,,,,,164
1597,ID5R: An incremental ID3.,Proceedings of the Fifth International Conference on Machine Learning,"Utgoff, P.","Ann Arbor, Michigan:",,(1988).,,,28,(pp. 107 - 120).,Morgan Kaufmann.,,,,,164
1598,ID5: An Incremental ID3.,In Proceedings of the Fifth International Conference on Machine Learning.,"Utgoff, P.",,,1988.,,,,107-120.,,,,,,164
1599,ID5: An Incremental ID3.,In Proceedings of the Fifth International Conference on Machine Learning.,"Utgoff, P.",,,1988.,,,,107-120.,,,,,,164
1600,ID5: An Incremental ID3.,In Proceedings of the Fifth International Conference on Machine Learning.,"Utgoff, P.",,,1988.,,,,107-120.,,,,,,164
1601,ID5: An Incremental ID3.,In Proceedings of the Fifth International Conference on Machine Learning.,"Utgoff, P.",,,1988.,,,,107-120.,,,,,,164
1602,An incremental ID3.,In Proceedings of the Fifth National Conference on Machine Learning.,"Utgoff, P. E.",,,(1988).,,,,,,,,,,164
1603,ID5: An incremental ID3.,In Proceedings of the Fifth International Conference on Machine Learning,"Utgoff, P. E.","Ann Arbor, MI:",,(1988a).,,,,(pp. 107-120).,Morgan Kaufmann.,,,,,164
1604,ID5: An incremental ID3.,In Proceedings of the Fifth International Conference on Machine Learning,"Utgoff, P. E.","Ann Arbor, MI:",,(1988a).,,,,(pp. 107-120).,Morgan Kaufmann.,,,,,164
1605,An Incremental ID3.,"In Proceedings of the Fifth International Conference on Machine Learning,",P. Utgoff. ID5:,,,1988.,,,,"pages 107-120,",,,,,,164
1606,An incremental ID3.,"In Proc. 5th Intl. Conf. Mach. Learning,",P. Utgoff. ID5:,,,1988.,,,,pages 107-120.,"Morgan Kaufmann,",,,,,164
1607,An incremental ID3.,"In Proc. 5th Intl. Conf. Mach. Learning,",P. Utgoff. ID5:,,,1988.,,,,pages 107-120.,"Morgan Kaufmann,",,,,,164
1608,An incremental ID3.,"In Proc. 5th Intl. Conf. Mach. Learning,",P. Utgoff. ID5:,,,1988.,,,,pages 107-120.,"Morgan Kaufmann,",,,,,164
1609,Id5: an incremental id3.,"In Proc. 5th Int. Conf. on Machine Learning Ca,","Utgoff, P. E.",,,(1988).,"J. Laird, Ed.,",,,pp. 107-120.,"Kaufmann,",,,,,164
1610,an incremental id3.,"Proc. 5th Int. Conf. on Machine Learning,",P. E. Utgoff. Id5:,"Ca,",,1988.,"In J. Laird, editor,",,,"pages 107-120,","Kaufmann,",,,,,164
1611,An incremental ID3.,"Proceedings of the Fifth International Conference on Machine Learning,",Paul E. Utgoff. ID5:,"San Mateo, CA,",June 1988.,,"In John E. Laird, editor,",,,"pages 107-120,",Morgan Kaufman.,,,,,164
1612,An incremental ID3.,"In Proceedings of the Fifth National Conference on Machine Learning,",P. E. Utgoff.,,,1988.,,,,,,,,,,164
1613,An Incremental ID3.,"Proceedings of the Fifth National Conference on Machine Learning,","Utgoff, P.E.; ID5:",,,"1988,",,,,pp 107-120.,,"University of Michigan,",,,,164
1614,an incremental ID3.,"Proceedings of the Fifth International Conference on Machine Learning,","P.E. Utgoff, ID5:","San Mateo, CA:",,,,,,107-120.,"Morgan Kaufmann,",,,,,164
1615,Perceptron trees: A case study in hybrid concept representations.,Proceedings of the Seventh National Conference on Artificial Intelligence,"Utgoff, P.","Boston, MA:",,(1988).,,,,(pp. 601-606).,,,,,Morgan Kaufmann. Appeared in: Machine Learning: Proceedings of the Eighth International Workshop (ML91).,165
1616,Perceptron trees: A case study in hybrid concept representations.,Proceedings of the Seventh National Conference on Artificial Intelligence,"Utgoff, P.","Boston, MA:",,(1988).,,,,(pp. 601-606).,,,,,Morgan Kaufmann. Appeared in: Machine Learning: Proceedings of the Eighth International Workshop (ML91).,165
1617,Perceptron trees: A case study in hybrid concept representations.,Proceedings of the Seventh National Conference on Artificial Intelligence,"Utgoff, P. E.","St. Paul, MN:",,(1988).,,,,(pp. 601-606).,Morgan Kaufmann.,,,,,165
1618,Perceptron trees: A case study in hybrid concept representations.,Proceedings of the Seventh National Conference on Artificial Intelligence,"Utgoff, P. E.","St. Paul, MN:",,(1988).,,,,(pp. 601-606).,Morgan Kaufmann.,,,,,165
1619,Perceptron trees: A case study in hybrid concept representations.,"Proceedings of the Seventh National Conference on Artificial Intelligence,","Utgoff, P. E.",,,(1988).,,,,pages 601-606.,,,,,,165
1620,Perceptron trees: A case study in hybrid concept representations.,In Proceedings of the Seventh National Conference on Artificial Intelligence,"Utgoff, P. E.","St. Paul, MN:",,(1988b).,,,,(pp. 601-606).,Morgan Kaufmann.,,,,,165
1621,Perceptron trees: A case study in hybrid concept representations.,In Proceedings of the Seventh National Conference on Artificial Intelligence,"Utgoff, P. E.","St. Paul, MN:",,(1988b).,,,,(pp. 601-606).,Morgan Kaufmann.,,,,,165
1622,Perceptron Trees: A Case Study in Hybrid Concept Representation.,"In AAAI-88 Proceedings of the Seventh National Conference on Artificial Intelligence,","Utgoff, P. E.","San Mateo, CA:",,1988.,,,,601-6.,Morgan Kaufmann.,,,,,165
1623,Perceptron trees: a case study in hybrid concept representation.,"In Proceedings of the Seventh National Conference on Artificial Intelligence,","Utgoff, P. E.",,,1988.,,,,601-606.,Morgan Kaufmann.,,,,,165
1624,Perceptron trees: A case study in hybrid concept representations.,,Paul. E. Utgoff.,,,1990.,,"Connection Science,","1(4),",,,,,,,166
1625,Perceptron Trees: A Case Study in Hybrid Concept Representation.,"In A A A I - 8 8 Proceedings of the Seventh National Conference on Artificial Intelligence,","Utgoff, P. E.","San Mateo, CA:",,1988.,,,,601-6.,Morgan Kaufmann.,,,,,165
1626,Perceptron trees: a case study in hybrid concept representation.,"In Proceedings of the Seventh National Conference on Artificial Intelligence,",Paul E. Utgoff.,,,1988.,,,,pages 601-606.,"Morgan Kaufmann,",,,,,165
1627,Perceptron trees: a case study in hybrid concept representation.,"In Proceedings of the Seventh National Conference on Artificial Intelligence,",Paul E. Utgoff.,,,1988.,,,,pages 601-606.,"Morgan Kaufmann,",,,,,165
1628,Incremental induction of decision trees.,,P.E. Utgoff.,,,1989.,,"Machine Learning,",(4),":161-186,",,,,,This article was processed using the L a T E X macro package with LLNCS style,167
1629,Incremental induction of decision trees.,,Paul E. Utgoff.,,,1989.,,"Machine Learning,",4,":161 - 186,",,,,,,167
1630,. Incremental induction of decision trees.,,P. Utgoff,,,(1989),,Machine Learning.,"Vol.4,",161-186.,,,,,,167
1631,"Incremental Induction of Decision Trees,",,Utgoff P. E.,,,(1989).,,"Machine Learning,",4,161-186.,,,,,,167
1632,Incremental induction of decision trees.,,"Utgoff, P.",,,(1989).,,"Machine Learning,",4(2),161-186.,,,,,,167
1633,Incremental induction of decision trees.,,"Utgoff, P.",,,(1989).,,"Machine Learning,","4,",161-186.,,,,,,167
1634,Incremental induction of decision trees.,,"Utgoff, P.",,,(1989).,,"Machine Learning,","4,",161-186.,,,,,,167
1635,Incremental induction of decision trees.,,"Utgoff, P.",,,(1989).,,"Machine Learning,","4,",161-186.,,,,,,167
1636,Incremental induction of decision trees.,,"Utgoff, P.",,,(1989).,,"Machine Learning,","4,",161-186.,,,,,,167
1637,Incremental induction of decision trees.,,"Utgoff, P.",,,(1989).,,"Machine Learning,","4,",161-186.,,,,,,167
1638,Incremental induction of decision trees.,,"Utgoff, P. E.",,,(1989).,,"Machine Learning,","4 ,",161-186.,,,,,,167
1639,Incremental induction of decision trees.,,"Utgoff, P. E.",,,(1989).,,"Machine Learning,","4 ,",161-186.,,,,,,167
1640,Incremental induction of decision trees.,,"Utgoff, P. E.",,,(1989).,,"Machine Learning,","4 ,",161-186.,,,,,,167
1641,Incremental induction of decision trees.,,"Utgoff, P. E.",,,(1989).,,"Machine Learning,","4,",161-186.,,,,,,167
1642,Incremental induction of decision trees.,,"Utgoff, P. E.",,,(1989).,,"Machine Learning,","4,",161-186.,,,,,,167
1643,Incremental induction of decision trees.,,"Utgoff, P. E.",,,(1989).,,"Machine Learning,","4,",161-186.,,,,,,167
1644,Incremental induction of decision trees.,,"Utgoff, P. E.",,,(1989).,,"Machine Learning,","4,",161-186.,,,,,,167
1645,Incremental induction of decision trees.,,"Utgoff, P. E.",,,(1989).,,"Machine Learning,","4,",161-186.,,,,,,167
1646,Incremental induction of decision trees.,,"Utgoff, P. E.",,,(1989).,,"Machine Learning,","4,",161-186.,,,,,,167
1647,Incremental induction of decision trees.,,"Utgoff, P. E.",,,(1989).,,"Machine Learning,","4,",161-186.,,,,,,167
1648,Incremental induction of decision trees.,,"Utgoff, P. E.",,,(1989).,,"Machine Learning,","4,",161-186.,,,,,,167
1649,Incremental induction of decision trees.,,"Utgoff, P. E.",,,(1989).,,"Machine Learning,","4,",161-186.,,,,,,167
1650,Perceptron trees: A case study in hybrid concept representa tions.,,"Utgoff, P. E.",,,(1989).,,"Connection Science,","1,",377-391.,,,,,,166
1651,Incremental induction of decision trees.,,"Utgoff, P. E.",,,(1989a).,,"Machine Learning,","4,",161-186.,,,,,,167
1652,Incremental induction of decision trees.,,"Utgoff, P. E.",,,(1989a).,,"Machine Learning,","4,",161-186.,,,,,,167
1653,Incremental induction of decision trees.,,"Utgoff, P. E.",,,(1989b).,,"Machine Learning,","4,",161-186.,,,,,,167
1654,Incremental induction of decision trees.,,"Utgoff, P. E.",,,(1989b).,,"Machine Learning,","4,",161-186.,,,,,,167
1655,Incremental induction of decision trees.,Machine Learning,"Utgoff, P. E.",,,1989.,,,4,161-186.,,,,,,167
1656,Incremental induction of decision trees.,Machine Learning,"Utgoff, P. E.",,,1989.,,,4,161-186.,,,,,,167
1657,Incremental induction of decision trees.,Machine Learning,"Utgoff, P. E.",,,1989.,,,4(2),161-186.,,,,,,167
1658,Incremental Induction of Decision Trees.,"Machine Learning 4,","Utgoff, P.,",,,1989.,,,,161-186.,,,,,,167
1659,(1989) Incremental induction of decision trees.,Machine Learning,"Utgoff, P.E.",,,,,,"4(2),",pp. 161-186.,,,,,,167
1660,Incremental induction of decision trees.,,"Utgoff, P.E.",,,(1989),,Machine Learning,4:,161-186.,,,,,,167
1661,"Incremental Decision Tress. Machine Learning,",,"Utgoff, P.E.",,,(1989).,,,,,,pp.161-186.,"vol.4,",,,167
1662,Incremental induction of decision trees.,,"Utgoff, P.E.",,,1989.,,Machine Learning,4(2),161-186.,,,,,,167
1663,Perceptron trees: A case study in hybrid concept representations.,,P. E. Utgoff.,,,1989.,,"Connection Science,",1,"377-391,",,,,,,166
1664,Perceptron trees: A case study in hybrid concept representations.,,P. E. Utgoff.,,,1989.,,"Connection Science,",1,"377-391,",,,,,,166
1665,Incremental induction of decision trees.,,P. Utgoff.,,,1989.,,"Machine Learning,",4(2),"161-186,",,,,,,167
1666,Incremental induction of decision trees.,,P. Utgoff.,,,1989.,,"Machine Learning,",4(2),"161-186,",,,,,,167
1667,Incremental induction of decision trees.,,P.E. Utgoff.,,1989.,,,"Machine Learning,",(4):,"161-186,",,,,,,167
1668,Incremental induction of decision trees.,,P.E. Utgoff.,,,1989.,,"Machine Learning,",4(2),"161-186,",,,,,,167
1669,Incremental induction of decision trees.,,"Utgoff, P.",,,1989.,,"Machine Learning,",4,"161-186,",,,,,,167
1670,Incremental induction of decision trees.,,"Utgoff, P.",,,1989.,,"Machine Learning,",4,"161-186,",,,,,,167
1671,Incremental induction of decision trees.,,"Utgoff, P.",,,1989.,,"Machine Learning,",4,"161-186,",,,,,,167
1672,Incremental induction of decision trees.,,P. E. Utgoff.,,,1989.,,"Machine Learning,","4,",,,,,,,167
1673,Incremental induction of decision trees.,,P.E. Utgoff.,,1989.,,,"Machine Learning,",(4):,161-186,,,,,,167
1674,Incremental induction of decision trees.,,Paul E. Utgoff.,,,1989.,,"Machine Learning,",4,"161-186,",,,,,,167
1675,Incremental induction of decision trees.,,Paul E. Utgoff.,,,1989.,,"Machine Learning,",4,"161-186,",,,,,,167
1676,Incremental induction of decision trees.,,Paul E. Utgoff.,,,1989.,,"Machine Learning,",4,"161-186,",,,,,,167
1677,Incremental induction of decision trees.,,Paul E. Utgoff.,,,1989.,,"Machine Learning,",4,"161-186,",,,,,,167
1678,Incremental induction of decision trees.,,Paul E. Utgoff.,,,1989.,,"Machine Learning,",4,"161-186,",,,,,,167
1679,Incremental induction of decision trees.,,Paul E. Utgoff.,,,1989.,,"Machine Learning,",4,"161-186,",,,,,,167
1680,Incremental induction of decision trees.,,Paul E. Utgoff.,,,1989.,,"Machine Learning,",4,"161-186,",,,,,,167
1681,Incremental induction of decision trees.,,Paul E. Utgoff.,,,1989.,,"Machine Learning,",4,"161-186,",,,,,,167
1682,Incremental induction of decision trees.,,Paul E. Utgoff.,,,1989.,,"Machine Learning,",4,"161-186,",,,,,,167
1683,Incremental induction of decision trees.,,Paul E. Utgoff.,,,1989.,,"Machine Learning,",4,"161-186,",,,,,,167
1684,Incremental induction of decision trees.,,P. E. Utgoff.,,,1989.,,"Machine Learning,",4,"161-186,",,,,,,167
1685,Incremental induction of decision trees.,,P. E. Utgoff.,,,1989.,,"Machine Learning,",4,"161-186,",,,,,,167
1686,Incremental induction of decision trees.,,P.E. Utgoff.,,,1989.,,"Machine Learning,",4,"161-186,",,,,,,167
1687,"Incremental Learning of Decision trees.,",,Utgoff P.E.:,,,1989,,Machine Learning,4,"161-186,",,,,,,167
1688,Incremental induction of decision trees.,,"P.E. Utgoff,",,,,,"Machine Learning,","4,",161-186.,,,,,,167
1689,Improved training via incremental learning.,"In Sixth International Workshop on Machine Learning,",P. E. Utgoff.,,,1989.,,,,"pages 362-365,",,,,,,168
1690,Improved training via incremental learning.,"In Sixth International Workshop on Machine Learning,",P. E. Utgoff.,,,1989.,,,,"pages 362-365,",,,,,,168
1691,"Improved Training via Incremental Learning,","Proceedings of the Sixth International Workshop on Machine Learning,","P. E. Utgoff,",,,1989,,,,pgs. 62 - 65.,"(Morgan Kaufmann,",,,,,168
1692,Improved training via incremental learning.,In Proceedings of the Sixth International Workshop on Machine Learning,"Utgoff, P. E.","Ithaca, NY:",,(1989a).,,,,(pp.  362-365,Morgan Kaufmann.,,,,,168
1693,Improved training via incremental learning.,In Proceedings of the Sixth International Workshop on Machine Learning,"Utgoff, P. E.","Ithaca, NY:",,(1989a).,,,,(pp.  362-365,Morgan Kaufmann.,,,,,168
1694,Improved training via incremental learning.,Proceedings of the Sixth International Workshop on Machine Learning.,"Utgoff, P. E.","Ithaca, NY:",,(1989a).,,,,,Morgan Kaufmann.,,,,,168
1695,Improved training via incremental learning.,Proceedings of the Sixth International Workshop on Machine Learning.,"Utgoff, P. E.","Ithaca, NY:",,(1989a).,,,,,Morgan Kaufmann.,,,,,168
1696,"Improved Training via Incremental Learning,","Proc. of the 6th Int&apos;l Workshop on Machine Learning,","Utgoff, Paul E.",,,(1989).,,,,62-65.,,,,,,168
1697,"Improved Training via Incremental Learning,","Proc. of the 6th Int&apos;l Workshop on Machine Learning,","Utgoff, Paul E.",,,(1989).,,,,62-65.,,,,,,168
1698,Improved training via incremental learning.,"In Sixth International Workshop on Machine Learning,",Paul E. Utgoff.,,,1989.,,,,"pages 362-365,",,,,,,168
1699,Perceptron trees: A case study in hybrid concept representa-tions.,,"Utgoff, P. E.",,,(1989).,,"Connection Science,","1,",377-391.,,,,,,166
1700,Perceptron trees: A case study in hybrid concept representations.,,"Utgoff, P. E.",,,(1989).,,"Connection Science,","1 (4),",377-391.,,,,,,166
1701,Perceptron trees: A case study in hybrid concept representations.,,"Utgoff, P. E.",,,(1989).,,"Connection Science,","1 (4),",377-391.,,,,,,166
1702,Perceptron trees: A case study in hybrid concept representations.,,"Utgoff, P. E.",,,(1989).,,"Connection Science,","1 (4),",377-391.,,,,,,166
1703,Perceptron trees: A case study in hybrid concept representations.,,"Utgoff, P. E.",,,(1989).,,"Connection Science,","1 (4),",377-391.,,,,,,166
1704,Perceptron trees: A case study in hybrid concept representations.,,"Utgoff, P. E.",,,(1989).,,"Connection Science,","1 (4),",377-391.,,,,,,166
1705,Perceptron trees: A case study in hybrid concept representations.,,"Utgoff, P. E.",,,(1989).,,"Connection Science,","1 (4),",377-391.,,,,,,166
1706,Perceptron trees: A case study in hybrid concept representations.,,"Utgoff, P. E.",,,(1989).,,"Connection Science,","1 (4),",377-391.,,,,,,166
1707,Perceptron trees: A case study in hybrid concept representations.,,"Utgoff, P. E.",,,(1989).,,"Connection Science,","1,",377-391.,,,,,,166
1708,Perceptron trees: A case study in hybrid concept representations.,,"Utgoff, P. E.",,,(1989).,,"Connection Science,","1,",377-391.,,,,,,166
1709,Perceptron trees: A case study in hybrid concept representations.,,"Utgoff, P. E.",,,(1989).,,"Connection Science,","1,",377-391.,,,,,,166
1710,Perceptron trees: A case study in hybrid concept representations.,,"Utgoff, P. E.",,,(1989b).,,"Connection Science,","1,",377-391.,,,,,,166
1711,Perceptron trees: A case study in hybrid concept representations.,,"Utgoff, P. E.",,,(1989b).,,"Connection Science,","1,",377-391.,,,,,,166
1712,"Perceptron Trees: A case study in hybrid concept representations,",,"Utgoff, P.E.",,,"(1989),",,"Connection Science,","1,",pp. 337-391.,,,,,,166
1713,"Perceptron Trees: A case study in hybrid concept representations,",,"Utgoff, P.E.",,,"(1989),",,"Connection Science,","1,",pp. 337-391.,,,,,,166
1714,Perceptron Trees: A case study in Hybrid Concept Representations.,,"Utgoff, P., E.,",,,(1989),,"Connection Science,",Volume 1.,,,,,,,166
1715,Perceptron Trees: A case study in Hybrid Concept Representations.,,"Utgoff, P., E.,",,,(1989),,"Connection Science,",Volume 1.,,,,,,,166
1716,Perceptron trees: A case study in hybrid concept representations.,,Paul E. Utgoff.,,,1989.,,"Connection Science,",1(4),"377-391,",,,,,,166
1717,Perceptron trees: A case study in hybrid concept representations.,,Paul E. Utgoff.,,,1989.,,"Connection Science,",1(4),"377-391,",,,,,,166
1718,Perceptron trees: A case study in hybrid concept representations.,,Paul E. Utgoff.,,,1989.,,"Connection Science,",1(4),"377-391,",,,,,,166
1719,Perceptron trees: A case study in hybrid concept representations.,,Paul E. Utgoff.,,,1989.,,"Connection Science,",1(4),"377-391,",,,,,,166
1720,Perceptron trees: A case study in hybrid concept representations.,,Paul E. Utgoff.,,,1989.,,"Connection Science,",1(4),"377-391,",,,,,,166
1721,Perceptron trees: A case study in hybrid concept representations.,,Paul E. Utgoff.,,,1989.,,"Connection Science,",1(4),"377-391,",,,,,,166
1722,Perceptron trees: A case study in hybrid concept representations.,,Paul E. Utgoff.,,,1989.,,"Connection Science,",1(4),"377-391,",,,,,,166
1723,Perceptron trees: A case study in hybrid concept representations.,,Paul E. Utgoff.,,,1989.,,"Connection Science,",1(4),"377-391,",,,,,,166
1724,Perceptron trees: A case study in hybrid concept representations.,,Paul E. Utgoff.,,,1989.,,"Connection Science,",1(4),"377-391,",,,,,,166
1725,Perceptron trees: A case study in hybrid concept representations.,,P. E. Utgoff.,,,1989.,,"Connection Science,",1(4),"377-391,",,,,,,166
1726,Perceptron trees: A case study in hybrid concept representation.,16 Set Curves Set Curves 17 Set Curves Set Curves 18 Set Curves Set Curves 19,"Utgoff, P.",,,(1989).,,Connection Science.,,,,,,,,166
1727,Perceptron trees: A case study in hybrid concept representation.,Connection Science. Set Curves Set Curves Set Curves Set Curves Curves Curves,"Utgoff, P.",,,(1989).,,,,,,,,,,166
1728,"Representation problems in machine learning: A proposal,",,"Utgoff, P. E., Saxena, S., Callan, J. P., &amp; Fawcett, T. E.","Amherst, MA: University of Massachusetts,",,(1989).,,,,,,Department of Computer and Information Science.,"(COINS Technical Report 89-23),",,,169
1729,An incre-mental method for finding multivariate splits for decision trees.,"Proceedings of the Ninth National Conference on Artificial Intelligence,","Utgoff, P. E. and Brodley, C. E.",,,(1990).,,,6,pages 58-65.,,,,,,170
1730,An incremental method for finding multivariate splits for decision trees.,In Proceedings of the Seventh International Conference on Machine Learning,"Utgoff, P. E. and Brodley C. E.","Austin, TX:",,(1990),,,,(pp. 58-65).,Morgan Kaufmann.,,,,,170
1731,An incremental method for finding multivariate splits for decision trees.,In Proceedings of the Seventh International Conference on Machine Learning,"Utgoff, P. E. and Brodley C. E.","Austin, TX:",,(1990).,,,,(pp. 58-65).,Morgan Kaufmann.,,,,,170
1732,An incremental method for finding mul-tivariate splits for decision trees.,"In Proceedings of the Seventh International Conference on Machine Learning,","Utgoff, P. E., &amp; Brodley, C. E.","Los Altos, CA.",,(1990).,,,,,,,,,,170
1733,An incremental method for finding multivariate splits for decision trees.,In Proceedings of the Seventh International Conference on Machine Learning,"Utgoff, P. E., &amp; Brodley, C. E.","Austin, TX:",,(1990).,,,,(pp. 58-65).,Morgan Kaufmann.,,,,,170
1734,An incremental method for finding multivariate splits for decision trees.,"In Proceedings of the Seventh International Conference on Machine Learning,","Utgoff, P. E., &amp; Brodley, C. E.","Los Altos, CA.",,(1990).,,,,,,,,,,170
1735,An incremental method for finding multivariate splits for decision trees.,"In Proceedings of the Seventh International Conference on Machine Learning,","Utgoff, P. E., &amp; Brodley, C. E.","Los Altos, CA.",,(1990).,,,,pp. 58-65.,Morgan Kaufmann.,,,,,170
1736,An incremental method for finding multivariate splits for decision trees.,"In Proceedings of the Seventh International Conference on Machine Learning,","Utgoff, P. E., &amp; Brodley, C. E.","Los Altos, CA.",,(1990).,,,,pp. 58-65.,Morgan Kaufmann.,,,,,170
1737,An incremental method for finding multivariate splits for decision trees.,"In Proceedings of the Seventh International Conference on Machine Learning,","Utgoff, P. E., &amp; Brodley, C. E.","Los Altos, CA.",,(1990).,,,,pp. 58-65.,Morgan Kaufmann.,,,,,170
1738,An incremental method for finding multivariate splits for decision trees.,"In Proceedings of the Seventh International Conference on Machine Learning,","Utgoff, P. E., &amp; Brodley, C. E.","Los Altos, CA.",,(1990).,,,,pp. 58-65.,Morgan Kaufmann.,,,,,170
1739,An incremental method for finding multivariate splits for decision trees.,"In Proceedings of the Seventh International Conference on Machine Learning,","Utgoff, P. E., &amp; Brodley, C. E.","Los Altos, CA.",,(1990).,,,,pp. 58-65.,Morgan Kaufmann.,,,,,170
1740,An incremental method for finding multivariate splits for decision trees.,"In Proceedings of the Seventh International Conference on Machine Learning,","Utgoff, P. E., &amp; Brodley, C. E.","Los Altos, CA.",,(1990).,,,,pp. 58-65.,Morgan Kaufmann.,,,,,170
1741,An incremental method for finding multivariate splits for decision trees.,"In Proceedings of the Seventh International Conference on Machine Learning,","Utgoff, P. E., &amp; Brodley, C. E.","Los Altos, CA.",,(1990).,,,,pp. 58-65.,Morgan Kaufmann.,,,,,170
1742,An incremental method for finding multivariate splits for decision trees.,Proceedings of the Seventh International Conference on Machine Learning,"Utgoff, P. E., &amp; Brodley, C. E.","Austin, TX:",,(1990).,,,,(pp. 58-65).,Morgan Kaufmann.,,,,,170
1743,An incremental method for finding multivariate splits for decision trees.,Proceedings of the Seventh International Conference on Machine Learning,"Utgoff, P. E., &amp; Brodley, C. E.","Austin, TX:",,(1990).,,,,(pp. 58-65).,Morgan Kaufmann.,,,,,170
1744,An incremental method for finding multivariate splits for decision trees.,Proceedings of the Seventh International Conference on Machine Learning,"Utgoff, P. E., &amp; Brodley, C. E.","Austin, TX:",,(1990).,,,,(pp. 58-65).,Morgan Kaufmann.,,,,,170
1745,An incremental method for finding multivariate splits for decision trees.,Proceedings of the Seventh International Conference on Machine Learning,"Utgoff, P. E., &amp; Brodley, C. E.","Austin, TX:",,(1990).,,,14,(pp. 58-65).,Morgan Kaufmann.,,,,,170
1746,An incremental method for finding multivariate splits for decision trees.,Proceedings of the Seventh International Conference on Machine Learning,"Utgoff, P. E., &amp; Brodley, C. E.","Austin, TX:",,(1990).,,,14,(pp. 58-65).,Morgan Kaufmann.,,,,,170
1747,An incremental method for finding multivariate splits for decision trees.,Proceedings of the Seventh International Conference on Machine Learning,"Utgoff, P. E., &amp; Brodley, C. E.","Austin, TX:",,(1990).,,,,(pp. 58-65).,Morgan Kaufmann.,,,,,170
1748,An incremental method for finding multivariate splits for decision trees.,"In Proceedings 7th International Conference on Machine Learning,","Utgoff, P. E., and Brodley, C. E.",San Francisco:,,1990.,,,,58-65.,Morgan Kaufmann.,,,,,170
1749,An incremental method for find multivariate splits for decision trees.,"In Proceedings of the Seventh International Conference on Machine Learning,",P. Utgoff and C. Brodley.,"Los Altos, CA.",,,,,,"pages 56-65,",Morgan Kaufmann.,,,,,170
1750,An incremental method for find multivariate splits for decision trees.,"In Proceedings of the Seventh International Conference on Machine Learning,",P. Utgoff and C. Brodley.,"Los Altos, CA.",,,,,,"pages 56-65,",Morgan Kaufmann.,,,,,170
1751,An incremental method for finding mul--tivariate splits for decision trees.,"In Machine Learning:Proceedings of the Seventh International Conference,",P.E. Utgoff and C.E. Brodley.,"University of Texas, Austin, Texas,",,1990.,,,,pages 58-65.,,,,,,170
1752,An incremental method for finding multivariate splits for decision trees.,"In Proceedings of the Seventh International Conference on Machine Learning,",P. E. Utgoff and C. E. Brodley.,"Los Altos, CA,",1990.,,,,16,"pages 58-65,",Morgan Kaufmann.,,,,,170
1753,An incremental method for finding multivariate splits for decision trees.,"In Proceedings of the Seventh International Conference on Machine Learning,",P. E. Utgoff and C. E. Brodley.,"Los Altos, CA,",,1990.,,,16,"pages 58-65,",Morgan Kaufmann.,,,,,170
1754,An incremental method for finding multivariate splits for decision trees.,"In Proceedings of the Seventh International Conference on Machine Learning,",Paul E. Utgoff and Carla E. Brodley.,"Los Altos, CA,",,1990.,,,,"pages 58-65,",Morgan Kauf-mann.,,,,,170
1755,An incremental method for finding multivariate splits for decision trees.,"In Proceedings of the Seventh International Conference on Machine Learning,",Paul E. Utgoff and Carla E. Brodley.,"Los Altos, CA,",,1990.,,,,"pages 58-65,",Morgan Kauf-mann.,,,,,170
1756,An incremental method for finding multivariate splits for decision trees.,"In Proceedings of the Seventh International Conference on Machine Learning,",Paul E. Utgoff and Carla E. Brodley.,"Los Altos, CA,",,1990.,,,,"pages 58-65,",Morgan Kauf-mann.,,,,,170
1757,An incremental method for finding multivariate splits for decision trees.,"In Proceedings of the Seventh International Conference on Machine Learning,",Paul E. Utgoff and Carla E. Brodley.,"Los Altos, CA,",,1990.,,,,"pages 58-65,",Morgan Kauf-mann.,,,,,170
1758,An incremental method for finding multivariate splits for decision trees.,"In Proceedings of the Seventh International Conference on Machine Learning,",Paul E. Utgoff and Carla E. Brodley.,"Los Altos, CA,",,1990.,,,,"pages 58-65,",Morgan Kauf-mann.,,,,,170
1759,An incremental method for finding multivariate splits for decision trees.,"In Proceedings of the Seventh International Conference on Machine Learning,",Paul E. Utgoff and Carla E. Brodley.,"Los Altos, CA,",1990.,,,,,"pages 58-65,",Morgan Kauf-mann.,,,,,170
1760,An incremental method for finding multivariate splits for decision trees.,"In Proceedings of the Seventh International Conference on Machine Learning,",Paul E. Utgoff and Carla E. Brodley.,"Los Altos, CA,",,1990.,,,,"pages 58-65,",Morgan Kauf-mann.,,,,,170
1761,An incremental method for finding multivariate splits for decision trees.,"In Proceedings of the Seventh International Conference on Machine Learning,",Paul E. Utgoff and Carla E. Brodley.,"Los Altos, CA,",,1990.,,,,"pages 58-65,",Morgan Kauf-mann.,,,,,170
1762,An incremental method for finding multivariate splits for decision trees.,"In Proceedings of the Seventh International Conference on Machine Learning,",Paul E. Utgoff and Carla E. Brodley.,"Los Altos, CA,",1990.,,,,,"pages 58-65,",Morgan Kauf-mann.,,,,,170
1763,Two kinds of training information for evaluation function learning.,"In Proceedings of the Ninth National Conference on Artificial Intelligence,","Utgoff, P. &amp; Clouse, J.","Anaheim, CA.",,(1991).,,,,"(pp. 596-600),",,,,,,171
1764,Two kinds of training information for evaluation function learning.,"In Proceedings of the Ninth National Conference on Artificial Intelligence,","Utgoff, P. &amp; Clouse, J.","Anaheim, CA.",,(1991).,,,,"(pp. 596-600),",,,,,,171
1765,Two kinds of training information for evaluation function learning.,"In Proceedings of the Ninth National Conference on Artificial Intelligence,","Utgoff, P. &amp; Clouse, J.","Anaheim, CA.",,(1991).,,,,"(pp. 596-600),",,,,,,171
1766,Two kinds of training information for evaluation function learning.,"In Proceedings of the Ninth National Conference on Artificial Intelligence,","Utgoff, P. &amp; Clouse, J.","Anaheim, CA.",,(1991).,,,,"(pp. 596-600),",,,,,,171
1767,Two kinds of training information for evaluation function learning.,"In Proceedings of the Ninth Annual Conference on Artificial Intelligence,","Utgoff, P. E. &amp; Clouse, J. A.","San Mateo, CA.",,(1991).,,,,"pages 596-600,",Morgan Kaufmann.,,,,,171
1768,Two kinds of training information for evaluation function learning.,"In Proceedings of the Ninth Annual Conference on Artificial Intelligence,","Utgoff, P. E. &amp; Clouse, J. A.","San Mateo, CA.",,(1991).,,,,"pages 596-600,",Morgan Kaufmann.,,,,,171
1769,Two kinds of training information for evaluation function learning.,Proceedings of the Ninth National Conference on Artificial Intelligence,"Utgoff, P. E., &amp; Clouse, J. A.","Anaheim, CA:",,(1991).,,,,(pp. 596-600).,MIT Press.,,,,,171
1770,Two kinds of training information for evaluation function learning.,Proceedings of the Ninth National Conference on Artificial Intelligence,"Utgoff, P. E., &amp; Clouse, J. A.","Anaheim, CA:",,(1991).,,,,(pp. 596-600).,MIT Press.,,,,,171
1771,Two kinds of training information for evaluation function learning.,Proceedings of the Ninth National Conference on Artificial Intelligence,"Utgoff, P. E., &amp; Clouse, J. A.","Anaheim, CA:",,(1991).,,,15,(pp. 596-600).,MIT Press.,,,,,171
1772,Two kinds of training information for evaluation function learning.,"In Proceedings of the Ninth National Conference on Artificial Intelligence,","Utgoff, P., &amp; Clouse, J.","Anaheim, CA.",,(1991).,,,,pp.,,,,,,171
1773,Two kinds of training information for evaluation function learning.,"In Proceedings of Ninth National Conference on Artificial Intelligence,","Utgoff, P., and Clouse.",Anaheim:,,1991.,,,,596-600.,AAAI Press/MIT Press.,,,,,171
1774,Linear machine decision trees.,,"Utgoff, P.E. and Brodley, C.E.",Amherst MA.,,1991.,,,,,,"University of Massachusetts,","Technical Report 10,",,,172
1775,Linear machine decision trees.,,"Utgoff, P.E. and Brodley, C.E.",Amherst MA.,,1991.,,,,,,"University of Massachusetts,","Technical Report 10,",,,172
1776,Two kinds of training information for evaluation function learning.,"In Proceedings of the Ninth National Conference on Artificial Intelligence,",P. E. Utgoff and J. A. Clouse.,,,1991.,,,,"pages 596-600,",,,,,,171
1777,Two kinds of training information for evaluation function learning.,"In Proceedings of AAAI,",P. Utgoff and J. Clouse.,,,1991.,,,,,,,,,,171
1778,Two kinds of training information for evaluation function learning.,"In Proceedings of AAAI,",P. Utgoff and J. Clouse.,,,1991.,,,,,,,,,,171
1779,Two kinds of training information for evaluation function learning.,"In Proceedings of the Ninth Annual Conference on Artificial Intelligence,",P.E. Utgoff and J.A. Clouse.,"San Mateo, CA,",1991.,,,,,"pages 596-600,",Morgan Kaufmann.,,,,,171
1780,Two kinds of training information for evaluation function learning.,"In Proceedings of the Ninth Annual Conference on Artificial Intelligence,",P.E. Utgoff and J.A. Clouse.,"San Mateo, CA,",1991.,,,,,"pages 596-600,",Morgan Kaufmann.,,,,,171
1781,Two kinds of training information for evaluation function learning.,In Proceeding of the Ninth National Conference on Artificial Intelligence (AAAI-91).,P. Utgoff and J. Clouse.,,,1991.,,,,,"AAAI Press,",,,,,171
1782,Two kinds of training information for evaluation function learning.,"In Proceedings of the Ninth Annual Conference on Artificial Intelligence,",P. E. Utgoff and J. A. Clouse.,"San Mateo, CA,",1991.,,,,,"pages 596-600,",Morgan Kaufmann.,,,,,171
1783,Two kinds of training information for evaluation function learning.,"In Proceedings of the Ninth Annual Conference on Artificial Intelligence,",P. E. Utgoff and J. A. Clouse.,"San Mateo, CA,",1991.,,,,,"pages 596-600,",Morgan Kaufmann.,,,,,171
1784,Two kinds of training information for evaluation function learning.,"In Proceedings of the Ninth Annual Conference on Artificial Intelligence,",P. E. Utgoff and J. A. Clouse.,"San Mateo, CA,",1991.,,,,,"pages 596-600,",Morgan Kaufmann.,,,,,171
1785,Two kinds of training information for evaluation function learning.,"In Proceedings of the Ninth Annual Conference on Artificial Intelligence,",P. E. Utgoff and J. A. Clouse.,"San Mateo, CA,",1991.,,,,,"pages 596-600,",Morgan Kaufmann.,,,,,171
1786,and Clouse (1991). Two kinds of training information for evaluation function learning.,"In Proceedings of Ninth National Conference on Artificial Intelligence,","Utgoff, P.",Anaheim.,,,,,,"pages 596-600,",AAAI Press/MIT Press.,,,,,171
1787,Linear machine decision trees,,"Utgoff, P. E. and Brodley C. E.","Amherst, MA: University of Massachusetts,",,(1991).,,,,,,Department of Computer Science.,(Technical Report 10).,,,172
1788,Linear machine decision trees,,"Utgoff, P. E. and Brodley C. E.","Amherst, MA: University of Massachusetts,",,(1991).,,,,,,Department of Computer Science.,(Technical Report 10).,,,172
1789,Linear ma-chine decision trees.,,"Utgoff, P. E., &amp; Brodley, C. E.","University of Massachusetts, Amherst, MA.",,(1991).,,,,,,,"Tech. rep.,",,,172
1790,"Linear machine decision trees,",,"Utgoff, P. E., &amp; Brodley, C. E.","Amherst, MA: University of Massachusetts,",,(1991).,,,,,,Department of Computer and Information Science.,"(COINS Technical Report 91-10),",,,172
1791,"Linear machine decision trees,",,"Utgoff, P. E., &amp; Brodley, C. E.","Amherst, MA: University of Massachusetts,",,(1991).,,,,,,Department of Computer and Information Science.,"(COINS Technical Report 91-10),",,,172
1792,Linear machine decision trees.,,"Utgoff, P. E., &amp; Brodley, C. E.",University of Massachusetts at Amherst.,,(1991).,,,,,,,"Tech. rep. 10,",,,172
1793,Linear machine decision trees.,,"Utgoff, P. E., &amp; Brodley, C. E.",University of Massachusetts at Amherst.,,(1991).,,,,,,,"Tech. rep. 10,",,,172
1794,Linear machine decision trees.,,"Utgoff, P. E., &amp; Brodley, C. E.",University of Massachusetts at Amherst.,,(1991).,,,,,,,"Tech. rep. 10,",,,172
1795,Linear machine decision trees.,,"Utgoff, P. E., &amp; Brodley, C. E.",University of Massachusetts at Amherst.,,(1991).,,,,,,,"Tech. rep. 10,",,,172
1796,Linear machine decision trees.,,"Utgoff, P. E., &amp; Brodley, C. E.",University of Massachusetts at Amherst.,,(1991).,,,,,,,"Tech. rep. 10,",,,172
1797,Linear machine decision trees.,,"Utgoff, P. E., &amp; Brodley, C. E.",University of Massachusetts at Amherst.,,(1991).,,,,,,,"Tech. rep. 10,",,,172
1798,Linear machine decision trees.,,"Utgoff, P. E., &amp; Brodley, C. E.",University of Massachusetts at Amherst.,,(1991).,,,,,,,"Tech. rep. 10,",,,172
1799,"Linear Machine Decision Trees,",,"Utgoff, P. E., Brodley, C. E.",University of Massachusetts.,,(1991).,,,,,,"Dept. of Computer Science,","COINS Technical Report 91-10,",,,172
1800,Linear machine decision trees.,,Paul E. Utgoff and Carla E. Brodley.,"University of Massachusetts, Amherst MA,",,1991.,,,,,,,"Technical Report 10,",,,172
1801,Linear machine decision trees.,,Paul E. Utgoff and Carla E. Brodley.,,,1991.,,,,,,"University of Massachusetts, Amherst MA,","Technical Report 10,",,,172
1802,Linear machine decision trees.,,Paul E. Utgoff and Carla E. Brodley.,"University of Massachusetts, Amherst MA,",,1991.,,,,,,,"Technical Report 10,",,,172
1803,Linear machine decision trees.,,Paul E. Utgoff and Carla E. Brodley.,"University of Massachusetts, Amherst MA,",,1991.,,,,,,,"Technical Report 10,",,,172
1804,Linear machine decision trees.,,Paul E. Utgoff and Carla E. Brodley.,"University of Massachusetts, Amherst MA,",,1991.,,,,,,,"Technical Report 10,",,,172
1805,Linear machine decision trees.,,Paul E. Utgoff and Carla E. Brodley.,"University of Massachusetts, Amherst MA,",,1991.,,,,,,,"Technical Report 10,",,,172
1806,Linear machine decision trees.,,Paul E. Utgoff and Carla E. Brodley.,"University of Massachusetts, Amherst MA,",,1991.,,,,,,,"Technical Report 10,",,,172
1807,Linear machine decision trees.,,Paul E. Utgoff and Carla E. Brodley.,"University of Massachusetts, Amherst MA,",,1991.,,,,,,,"Technical Report 10,",,,172
1808,Linear machine decision trees.,,Paul E. Utgoff and Carla E. Brodley.,"University of Massachusetts, Amherst MA,",,1991.,,,,,,,"Technical Report 10,",,,172
1809,An Improved Algorithm for Incremental Induction of Decision Trees.,"Proceedings of the Eleventh International Conference on Machine Learning,",P. Utgoff.,"Rutgers University, New Brunswick, NJ,",,1994.,"In W. Cohen and H. Hirsh, editors,",,,"pages 318-325,",Morgan Kaufmann.,,,,,173
1810,An Improved Algorithm for Incremental Induction of Decision Trees.,"Proceedings of the Eleventh International Conference on Machine Learning,",P. Utgoff.,"Rutgers University, New Brunswick, NJ,",,1994.,"In W. Cohen and H. Hirsh, editors,",,,"pages 318-325,",Morgan Kaufmann.,,,,,173
1811,An Improved Algorithm for Incremental Induction of Decision Trees.,"Proceedings of the Eleventh International Conference on Machine Learning,",P. Utgoff.,"Rutgers University, New Brunswick, NJ,",,1994.,"In W. Cohen and H. Hirsh, editors,",,,"pages 318-325,",Morgan Kaufmann.,,,,,173
1812,"An improved algorithm for incremental induction of decision trees,",,"Utgoff, P.",,,"(1994),",in Hirsh &amp; Cohen,,,pp. 318-326.,,,,,,173
1813,"An improved algorithm for incremental induction of decision trees,","in &quot;Machine Learning: Proceedings of the Eleventh International Conference&quot;,","Utgoff, P. E.",,,"(1994),",,,,pp. 318-325.,"Morgan Kaufmann,",,,,,173
1814,"An improved algorithm for incremental induction of decision trees,","in &quot;Machine Learning: Proceedings of the Eleventh International Conference&quot;,","Utgoff, P. E.",,,"(1994),",,,,pp. 318-325.,"Morgan Kaufmann,",,,,,173
1815,"An improved algorithm for incremental induction of decision trees,","in &quot;Machine Learning:  Proceedings of the Eleventh International Conference&quot;,","Utgoff, P. E.",,,"(1994),",,,,pp. 318-325.,"Morgan Kaufmann,",,,,,173
1816,"An improved algorithm for incremental induction of decision trees,","in Machine Learning:Proceedings of the Eleventh International Conference,","Utgoff, P. E.",,,"(1994),",,,,pp. 318-325.,"Morgan Kaufmann,",,,,,173
1817,"An improved algorithm for incremental induction of decision trees,","in Machine Learning: Proceedings of the Eleventh International Conference,","Utgoff, P. E.",,,"(1994),",,,,pp. 318-325.,"Morgan Kaufmann,",,,,,173
1818,"An improved algorithm for incremental induction of decision trees,","in Machine Learning:  Proceedings of the Eleventh International Conference,","Utgoff, P. E.",,,"(1994),",,,,pp. 318-325.,"Morgan Kaufmann,",,,,,173
1819,An improved algorithm for incremental induction of decision trees,"in Machine Learning: Proceedings of the Eleventh International Conference,","Utgoff, P. E.",,,"(1994),",,,,pp. 318-325.,"Morgan Kaufmann,",,,,,173
1820,An improved algorithm for incremental induction of decision trees.,In Proceedings of the Eleventh International Conference on Machine Learning,"Utgoff, P. E.","New Brunswick, NJ:",,(1994).,,,,(pp. 318-325).,Morgan Kaufmann.,,,,,173
1821,An improved algorithm for incremental induction of decision trees.,In Proceedings of the Eleventh International Conference on Machine Learning,"Utgoff, P. E.","New Brunswick, NJ:",,(1994).,,,,(pp. 318-325).,Morgan Kaufmann.,,,,,173
1822,An improved algorithm for incremental induction of decision trees.,Machine Learning:  Proceedings of the Eleventh International Conference,"Utgoff, P. E.","New Brunswick, NJ:",,(1994).,,,,(pp. 318-325).,Morgan Kaufmann.,,,,,173
1823,An improved algorithm for incremental induction of decision trees.,"In Machine Learning: Proc. 11th Int. Conf.,","Utgoff, P. E.",,,1994.,,,,318-325.,Morgan Kaufmann.,,,,,173
1824,An improved algorithm for incremental induction of decision trees.,"In Proceedings of the 10th International Machine Learning Workshop,","Utgoff, P.E.","Rutgers University, New Brunswick, NJ.",,1993.,,,,,,,,,,173
1825,An Improved Algorithm for Incremental Induction of Decision Trees.,"Proceedings of the Eleventh International Conference on Machine Learning,","Utgoff, P.","Rutgers University, New Brunswick, NJ,",,1994.,"In Cohen, W. and Hirsh, H., editors,",,,"pages 318-325,",Morgan Kaufmann.,,,,,173
1826,An Improved Algorithm for Incremental Induction of Decision Trees.,"Proceedings of the Eleventh International Conference on Machine Learning,","Utgoff, P.","Rutgers University, New Brunswick, NJ,",,1994.,"In Cohen, W. and Hirsh, H., editors,",,,"pages 318-325,",Morgan Kaufmann.,,,,,173
1827,An Improved Algorithm for Incremental Induction of Decision Trees.,"Proceedings of the Eleventh International Conference on Machine Learning,","Utgoff, P.","Rutgers University, New Brunswick, NJ,",,1994.,"In Cohen, W. and Hirsh, H., editors,",,,"pages 318-325,",Morgan Kaufmann.,,,,,173
1828,An improved algorithm for incremental induction of decision trees.,"In ML-94 ,",Paul E. Utgoff.,,,,Editors: William W. Cohen and Haym Hirsh.,,,pages 318-325.,,,,,,173
1829,An improved algorithm for incremental induction of decision trees.,"In ML-94 ,",Paul E. Utgoff.,,,,Editors: William W. Cohen and Haym Hirsh.,,,pages 318-325.,,,,,,173
1830,An improved algorithm for incremental induction of decision trees.,"In ML-94 ,",Paul E. Utgoff.,,,,Editors: William W. Cohen and Haym Hirsh.,,,pages 318-325.,,,,,,173
1831,An improved algorithm for incremental induction of decision trees.,"In ML-94 ,",Paul E. Utgoff.,,,,Editors: William W. Cohen and Haym Hirsh.,,,pages 318-325.,,,,,,173
1832,An improved algorithm for incremental induction of decision trees.,"In ML-94 ,",Paul E. Utgoff.,,,,Editors: William W. Cohen and Haym Hirsh.,,,pages 318-325.,,,,,,173
1833,An improved algorithm for incremental induction of decision trees.,"In ML-94 ,",Paul E. Utgoff.,,,,Editors: William W. Cohen and Haym Hirsh.,,,pages 318-325.,,,,,,173
1834,An improved algorithm for incremental induction of decision trees.,"In ML-94 ,",Paul E. Utgoff.,,,,Editors: William W. Cohen and Haym Hirsh.,,,pages 318-325.,,,,,,173
1835,An improved algorithm for incremental induction of decision trees.,"In ML-94 ,",Paul E. Utgoff.,,,,Editors: William W. Cohen and Haym Hirsh.,,,pages 318-325.,,,,,,173
1836,An improved algorithm for incremental induction of decision trees.,"In ML-94 ,",Paul E. Utgoff.,,,,Editors: William W. Cohen and Haym Hirsh.,,,pages 318-325.,,,,,,173
1837,An improved algorithm for incremental induction of decision trees.,"Proceedings of the Eleventh International Conference on Machine Learning,","P.E. Utgoff,","San Francisco, CA:",,,,,,318-325.,"Morgan Kaufmann,",,,,,173
1838,Decision tree induction based on efficient tree restructuring.,,"Utgoff, P.","University of Mas-sachusetts, Amherst.",,1995.,,,,,,"Department of Computer Science,","Technical Report 95-18,",,,174
1839,Decision tree induction based on efficient tree restructuring.,,"Utgoff, P.","University of Mas-sachusetts, Amherst.",,1995.,,,,,,"Department of Computer Science,","Technical Report 95-18,",,,174
1840,"Decision tree induction based on efficient tree restructuring,",,"Utgoff, P. E.","University of Massachusetts, Amherst.",,"(1995),",,,,,,,"Technical Report 05-18,",,,174
1841,"Decision tree induction based on efficient tree restructuring,",,"Utgoff, P. E.",,,"(1995),",,,,,,"University of Massachusetts, Amherst.","Technical Report 05-18,",,,174
1842,"Decision tree induction based on efficient tree restructuring,",,"Utgoff, P. E.","University of Massachusetts, Amherst.",,"(1995),",,,,,,,"Technical Report 05-18,",,,174
1843,"Decision tree induction based on efficient tree restructuring,",,"Utgoff, P. E.","University of Massachusetts, Amherst.",,"(1995),",,,,,,,"Technical Report 05-18,",,,174
1844,Decision tree induction based on efficient tree restructuring,,"Utgoff, P. E.","Amherst, MA:",,(1995).,,,,,,"University of Massachusetts, Department of Computer Science.",(Technical Report 95-18).,,,174
1845,Decision tree induction based on efficient tree restructuring,,"Utgoff, P. E.","Amherst,  MA:",,(1995).,,,,,,"University of Massachusetts, Department of Computer Science.",(Technical Report 95-18).,,,174
1846,Decision tree induction based on efficient tree restructuring.,,Paul E. Utgoff.,"University of Massachusetts,",,1995.,,,,,,,"Technical Report 95-18,",,,174
1847,Decision tree induction based on efficient tree restructuring.,,Paul E. Utgoff.,"University of Massachusetts,",,1995.,,,,,,,"Technical Report 95-18,",,,174
1848,"Decision Tree Induction Based on Efficient Tree Restructuring,",,"Utgoff, P.E.","Amherst, MA.",,"(1996),",,,,,,"University of Massachusetts, Department of Computer Science,","Technical Report 95-18,",,,174
1849,"Decision Tree Induction Based on Efficient Tree Restructuring,",,"Utgoff, P.E.","Amherst, MA.",,"(1996),",,,,,,"University of Massachusetts, Department of Computer Science,","Technical Report 95-18,",,,174
1850,"A Kolmogorov-Smirnoff metric for decision tree induction,",,"Utgoff, P. E., &amp; Clouse, J. A.","Amherst, MA: University of Massachusetts,",,(1996).,,,,,,Department of Computer Science.,"(Technical Report 96-3),",,,175
1851,"A Kolmogorov-Smirnoff Metric for Decision Tree Induction,",,"Utgoff, P.E. and Clouse J.A.","Amherst, MA.",,"(1996),",,,,,,"University of Massachusetts, Department of Computer Science,","Technical Report 96-3,",,,175
1852,"A Kolmogorov-Smirnoff Metric for Decision Tree Induction,",,"Utgoff, P.E. and Clouse J.A.","Amherst, MA.",,"(1996),",,,,,,"University of Massachusetts, Department of Computer Science,","Technical Report 96-3,",,,175
1853,Shift of bias of inductive concept learning. In R.S.,Machine Learning: An Artificial Intelligence Approach,"P.E. Utgoff,","San Mateo, CA:",,,"Michalski, J.G. Carbonell, and T.M. Mitchell (eds.),",,"(Vol. II),",107-148.,"Morgan Kaufmann,",,,,,161
1854,Feature function learning for value approximation.,,Paul E. Utgoff.,"Amherst, MA.","Jan 20,",,,,,,,"University of Massachusetts,",Technical Report 96 09.,,,176
1855,Decision tree induction based on efficient tree restructuring.,,"Utgoff, P. E., Berkman, N. C., &amp; Clouse, J. A.",,,,,Machine Learning.,,,,,,,,177
1856,Decision tree induction based on efficient tree restructuring.,,"Utgoff, P. E.; Berkman, N. C.; and Clouse, J. A.",,,1997.,,Machine Learning,29(1),,,,,,,177
1857,"Decision tree induction based on efficient tree restructuring. Machine Learning,",,"Paul E. Utgoff, Neil C. Berkman, and Jeffery A. Clouse.",,,1997.,,,"29:5,",,,,,,,177
1858,"Decision tree induction based on efficient tree restructuring. Machine Learning,",,"Paul E. Utgoff, Neil C. Berkman, and Jeffery A. Clouse.",,,1997.,,,"29:5,",,,,,,,177
1859,Decision tree induction based on efficient tree restructuring.,,"P. E. Utgoff, N. C. Berkman, and J. A. Clouse.",,,1997.,,"Machine Learning,",,,,,,,,177
1860,Decision tree induction based on efficient tree restructuring.,,"Utgoff, P. E., Berkman, N. C., &amp; Clouse, J. A.",,,,,Machine Learning.,,,,,,,,177
1861,(in press). Decision tree induction based on efficient tree restructuring.,,"Utgoff, P. E., Berkman, N. C., &amp; Clouse, J. A.",,,,,Machine Learning.,,,,,,,,177
1862,"Constructive function approximation,",,"Utgoff, P. E., &amp; Precup, D.","Amherst, MA: University of Massachusetts,",,(1997).,,,,,,Department of Computer Science.,"(Technical Report 97-04),",,,178
1863,"Constructive function approximation,",,"Utgoff, P. E., &amp; Precup, D.","Amherst, MA: University of Massachusetts,",,(1997).,,,,,,Department of Computer Science.,"(Technical Report 97-04),",,,178
1864,"Constructive function approximation,",,"Utgoff, P. E., &amp; Precup, D.","Amherst, MA: University of Massachusetts,",,(1997).,,,,,,Department of Computer Science.,"(Technical Report 97-04),",,,178
1865,"Constructive function approximation,",,"Utgoff, P. E., &amp; Precup, D.","Amherst, MA: University of Massachusetts,",,(1997).,,,,,,Department of Computer Science.,"(Technical Report 97-04),",,,178
1866,"Constructive Function Approximation,",,P.E. Utgoff.,,,,,,,,,"Department of CS, Univ. of Mass.,",TR 97-4.,,,178
1867,Constructive function approximation.,,"Utgoff, P. E. &amp; Precup, D.",,,(1998).,"In H. Motoda &amp; H. Liu (Eds.),",,,,Kluwer.,,,,,179
1868,Constructive function approximation.,,"Utgoff, P. E. &amp; Precup, D.",,,(1998).,"In H. Motoda &amp; H. Liu (Eds.),",,,,Kluwer.,,,,,179
1869,Explaining Temporal Differences to Create Useful Concepts for Evaluating States.,"In Proceedings of the Eighth National Conference on Artificial Intelligence,","Yee, R. C., Saxena, S., Utgoff, P. E. and Barto, A. G.","Palo Alto, CA. Page 30 Yoshio.",,1990.,,,,882-888.,"AAAI Press,",,,,,180
1870,Explaining Temporal Differences to Create Useful Concepts for Evaluating States.,Proceedings of the Eighth National Conference on Artificial Intelligence,"Yee, R. C., Saxena, S., Utgoff, P. E., &amp; Barto, A. G.","Palo Alto, CA:",,(1990).,Yoshio.,,,(pp. 882-888).,AAAI Press.,,,,,180
1871,Explaining temporal differences to create useful concepts for evaluating states.,"In Proceedings of the Eight National Conference on Artificial Intelligence (AAAI-90),","Yee, R. C., Saxena, S., Utgoff, P. E., &amp; Barto, A. G.","882-888 Cambridge, MA.",,(1990).,,,,pp.,AAAI Press/MIT Press.,,,,,180
1872,Explaining temporal differences to create useful concepts for evaluating states.,"In Proceedings of the Eighth National Conference on Artificial Intelligence,","R.C. Yee, S. Saxena, P.E. Utgoff, and A.G. Barto.","Cambridge, MA,",,1990.,,,,"pages 882-888,",,,,,,180
1873,Explaining temporal differences to create useful concepts for evaluating states.,"In Proceedings of the Eighth National Conference on Artificial Intelligence,","R.C. Yee, S. Saxena, P.E. Utgoff, and A.G. Barto.","Cambridge, MA,",,1990.,,,,"pages 882-888,",,,,,,180
1874,Explaining temporal-differences to create useful concepts for evaluating states.,"In Proceedings of AAAI-90,","Richard C. Yee, Sharad Saxena, Paul E. Utgoff, and Andrew C. Barto.",,,1990.,,,18,,,,,,,180
1875,Explaining temporal-differences to create useful concepts for evaluating states.,"In Proceedings of AAAI-90,","Richard C. Yee, Sharad Saxena, Paul E. Utgoff, and Andrew C. Barto.",,,1990.,,,,,,,,,,180
1876,"Real-time Fault-tolerant Communication in Computer Networks,",,"Q. Zheng,","University of Michigan,",,1993.,,,,,,,"PhD thesis,",,Available via anonymous ftp from ftp.eecs.umich.edu in directory outgoing/zheng.,181
1877,"Real-time Fault-tolerant Communication in Computer Networks,",,"Q. Zheng,",,,1993.,,,,,,"University of Michigan,","PhD thesis,",,PostScript version of the thesis is available via anonymous FTP from ftp.eecs.umich.edu in directory outgoing/zheng. 14,181
1878,"Real-time Fault-tolerant Communication in Computer Networks,",,"Q. Zheng,","University of Michigan,",,1993.,,,,,,,"PhD thesis,",,PostScript version of the thesis is available via anonymous FTP from ftp.eecs.umich.edu in directory outgoing/zheng.,181
1879,"Real-time Fault-tolerant Communication in Computer Networks,",,"Q. Zheng,","University of Michigan,",,1993.,,,,,,,"PhD thesis,",,PostScript version of the thesis is available via anonymous FTP from ftp.eecs.umich.edu in directory outgoing/zheng.,181
